arm,filename,vid,content_type,mb,cls,code_len,env
H_session_current,plan_consolidate-all-psoriasis-arms-into-one_b0cdaef0.json,6176d94e-2254-4c11-a403-ee13e52cee92,json,0.004,code_recoverable,5690,
E_genome_browser,PSORIASIS_PROJECT_NARRATIVE.md,be496398-cd79-4c36-a10e-5f568571b521,markdown,0.02,code_recoverable,19770,python
E_genome_browser,PSORIASIS_PROJECT_NARRATIVE.pdf,82a953d6-caf6-40cf-8c72-17589fe2adb3,pdf,0.198,code_recoverable,21595,python
E_genome_browser,GENOME_BROWSER_README.md,7ad91248-3ed6-46c0-a195-658b4db97a2f,markdown,0.003,no_code,0,python
E_genome_browser,stat3_quant_panel.png,5ae85cc3-8708-49d6-9ac8-7afbc06df8dd,png,0.049,code_recoverable,1858,psoriasis-r
E_genome_browser,stat3_exon23_zoom.png,a1322047-4c8f-4049-9fd9-595753f3907d,png,0.036,code_recoverable,2141,psoriasis-r
E_genome_browser,stat3_lead.png,d65222b8-5425-4907-af65-e5d5aad75ca0,png,0.043,code_recoverable,1612,psoriasis-r
E_genome_browser,module_th17_output.png,25993623-d4e0-4119-9a07-ea71bc6db5b6,png,0.085,code_recoverable,2924,psoriasis-r
E_genome_browser,module_il36.png,84a0dea1-beff-49f9-aea9-66c6df0eaad9,png,0.041,code_recoverable,2740,psoriasis-r
E_genome_browser,module_il1_inflammasome.png,53b8f9b4-6432-4e8e-b24a-82f697694a44,png,0.095,code_recoverable,2828,psoriasis-r
E_genome_browser,module_jakstat.png,9ee03089-5208-431b-bd7a-f22f15c4bd05,png,0.098,code_recoverable,2834,psoriasis-r
E_genome_browser,stat3_headline.png,9b472df1-1556-4cdc-8d47-2944f80247e4,png,0.102,code_recoverable,4840,psoriasis-r
E_genome_browser,RESUME_genome_browser.md,8a5ef896-69d8-40ac-b3f2-9cc768713a8b,markdown,0.003,no_code,0,python
I_lncRNA,lncRNA_curated_STAT3_IL1_linkage.csv,387f62b2-3703-4093-868d-1ae919f99409,csv,0.005,code_recoverable,5433,python
I_lncRNA,logcpm_rebuild_summary.csv,936a8b09-646d-4baa-b0d2-05e236c748a2,csv,0.0,code_recoverable,2613,psoriasis-r
I_lncRNA,lncRNA_target_linkage.csv,9ba3af86-cf5e-4067-a607-63d90b311b14,csv,0.311,code_recoverable,6517,psoriasis-r
I_lncRNA,coexpr_lnc_target_unadjusted.csv,4d7dc584-7d8b-474a-bfd9-1e81f198eb71,csv,11.072,code_recoverable,5393,psoriasis-r
I_lncRNA,coexpr_lnc_target_adjusted.csv,aecd8ee6-3b2f-4cc1-9899-0e41e7df181a,csv,10.94,code_recoverable,5269,psoriasis-r
I_lncRNA,fig_lncRNA_volcano_summary.png,655fe386-10f6-4697-b4f9-0ac3437dfaca,png,0.36,code_recoverable,6317,python
I_lncRNA,gencode_v26_annotation.csv,d1260db6-d2f1-4f52-ae7f-49a06bb05132,csv,3.352,code_recoverable,415,psoriasis-r
I_lncRNA,symbol_biotype_map.csv,29dba5e9-ff9d-4939-8814-6e53916d8d5d,csv,2.669,code_recoverable,1318,psoriasis-r
I_lncRNA,lncRNA_significant_ranked.csv,76020b2b-62fa-4ab0-85ff-7a93eedc2f9b,csv,0.333,code_recoverable,2412,psoriasis-r
I_lncRNA,meta_de_PPvsNN_4study_biotyped.csv,8c104c0b-9864-4f53-a73c-60a1c07899be,csv,3.595,code_recoverable,1706,psoriasis-r
I_lncRNA,plan_full-lncrna-arm-for-the-psoriasis-pp-vs_9961df5f.json,3649906c-8239-48cf-b072-2d85f08fd0bd,json,0.004,code_recoverable,251,
A3_pathway_TF,per_study_de_k4_primary.rds,e5879cf6-6314-465d-b9c9-d50c085859ea,octet-stream,2.594,code_recoverable,2381,psoriasis-r
A3_pathway_TF,gsea_perstudy_raw_k4.csv,b23eb2af-d867-42ae-946e-e56962bc3444,csv,2.358,code_recoverable,3278,psoriasis-r
A3_pathway_TF,gsea_perstudy_combined_k4.csv,14ab83e2-2b01-4adc-ab49-46822f785e57,csv,1.107,code_recoverable,4261,psoriasis-r
A3_pathway_TF,PATHWAY_METHODS_corrected.md,d9cd1eb9-9fa0-4d53-8cec-26e8332139d5,markdown,0.013,no_code,0,psoriasis-r
A3_pathway_TF,fig_pathway_corrected.png,8db6a21c-4017-46ee-a18b-9ef91433789e,png,0.477,code_recoverable,6994,python
A3_pathway_TF,pathway_nonredundant_top.csv,34744df6-93a9-49e9-8bee-23b367399056,csv,0.054,code_recoverable,1868,psoriasis-r
A3_pathway_TF,gsea_meta_primary_jointBH.csv,041bf1d6-9620-476b-8d7d-7c0a0d4f32d6,csv,1.767,code_recoverable,416,psoriasis-r
A3_pathway_TF,camera_perstudy_k4_full.rds,2b8808b1-4117-4389-b89c-9e3e7714bacf,octet-stream,0.005,code_recoverable,3690,psoriasis-r
A3_pathway_TF,camera_old_vs_corrected.csv,3fe47dcc-50b9-4798-a37b-55ebc614933d,csv,0.007,code_recoverable,5667,psoriasis-r
A3_pathway_TF,meta_pathway_camera_k4_corrected.csv,8808cf2b-f9e0-4bc6-bd07-a055029e32a3,csv,0.008,code_recoverable,5210,psoriasis-r
A3_pathway_TF,gsea_mega_vs_meta_hallmark.csv,4ab384c7-c2f5-480d-a288-32efe13c5883,csv,0.007,code_recoverable,1959,psoriasis-r
A3_pathway_TF,gsea_meta_k4_extended.csv,60bd528e-a57a-4933-8b05-46f02fe0fa92,csv,1.511,code_recoverable,1698,psoriasis-r
A3_pathway_TF,gsea_meta_k4_primary.csv,940b3249-ba6d-4f47-b396-cd2d2ca5a528,csv,1.527,code_recoverable,1640,psoriasis-r
A3_pathway_TF,plan_rebuild-the-psoriasis-pathway-enrichment_afa8da2d.json,39a171c0-7492-47dd-9232-6d6eda41fc0c,json,0.003,code_recoverable,461,
G_audit,PROJECT_AUDIT.md,deb27db7-30dc-4b47-a296-6d9c2648429f,markdown,0.019,no_code,0,python
G_audit,PROJECT_AUDIT.pdf,7bfeb4d5-a179-48e9-8b08-854249f5d9cd,pdf,0.1,terminal_output,0,python
H_session_current,NARRATIVE_walkthrough.md,e4262ba6-f07d-4625-8876-baf75ae1d141,markdown,0.015,no_code,0,python
H_session_current,lossofY_skin_check.md,0b8a5cf8-7034-4951-ba20-2514d6a57e4a,markdown,0.002,no_code,0,python
J_theory2_plan,plan_theory-2-sex-stratified-psoriasis-skin-a_5a65de78.json,014ef68d-493c-4617-a8cf-daabd6e2bf42,json,0.007,code_recoverable,287,
H_session_current,PROMPT_theory2_sex_mLOY.md,867c24d1-aeaa-48af-8683-4fbf2ce79e39,markdown,0.009,no_code,0,python
H_session_current,theory1_endothelial_IL1_and_blood_arm.md,1a3e3584-415c-45bc-9188-7a1375294dce,markdown,0.007,code_recoverable,7039,python
H_session_current,blood_arm_feasibility_recount3.csv,45450d34-5da3-4142-8d9c-eb9e16adbe6d,csv,0.0,code_recoverable,543,python
H_session_current,fig_theory1_endothelial_IL1.png,93ad7fe6-84c0-44d0-bdd3-a875cd9cad74,png,0.119,code_recoverable,4719,python
H_session_current,celltype_enrichment_BH.csv,29ba858c-3b9b-4d55-9ce6-06205c8bf6a6,csv,0.0,code_recoverable,3469,python
H_session_current,gradient_program_DE_BH.csv,77c061df-01c8-4c00-9518-2d1cf766b3e9,csv,0.425,code_recoverable,3662,python
H_session_current,WHITEPAPER.md,a00301d7-32f1-4fc7-a5d0-817a6254d788,markdown,0.014,no_code,0,python
H_session_current,CHECKPOINT.md,c36782fe-e2e8-4cc4-b1d9-ffe5f579aa4d,markdown,0.003,no_code,0,python
H_session_current,STAGING_MANIFEST.md,e5459792-61d5-4d35-ac44-592af14369b7,markdown,0.001,code_recoverable,1489,python
H_session_current,PLAN.md,b387e01f-0c7b-4a3d-ac40-0c90cbac3aeb,markdown,0.003,no_code,0,python
H_session_current,lab_notebook.md,0811daab-dd5a-4616-a401-d77bac74381b,markdown,0.005,no_code,0,python
H_session_current,references.md,f2324f1a-8204-497f-9f75-e0a319ec769b,markdown,0.003,no_code,0,python
H_session_current,METHODS.md,582c9948-6591-4a7b-9b58-9b24ba902ea1,markdown,0.005,no_code,0,python
H_session_current,DECISIONS_LOG.md,ea57d21d-1ed3-4fb7-a9dc-22a1e0889d68,markdown,0.006,no_code,0,python
H_session_current,COMPUTE.md,eb8ceb36-ea30-49b9-bab5-44ac04e527e1,markdown,0.002,code_recoverable,1505,python
H_session_current,ACCESS.md,eae6e78a-5e92-4951-b666-65bcb61356db,markdown,0.002,no_code,0,python
H_session_current,PROJECT_OVERVIEW.md,4ac7d7f6-d4d3-47f3-b9fb-eb74a947da20,markdown,0.002,code_recoverable,2522,python
H_session_current,fullcensus_vs_backbone.csv,ea8e21a8-1d8d-44c4-858b-fab6c62f92c8,csv,0.001,code_recoverable,1039,python
H_session_current,RESUME_il1b_stat3_session.md,7dd05578-87bc-4d0a-bc06-dfc3e0575a8e,markdown,0.003,no_code,0,python
H_session_current,IL1B_STAT3_expanded_analysis.md,1ad8ca91-b750-4c59-9d81-0d997843d6eb,markdown,0.008,no_code,0,python
H_session_current,meta_de_PPvsNN_4study.csv,1ec80908-9a53-4351-8900-a793b995dabd,csv,2.65,code_recoverable,2559,python
H_session_current,meta_PPvsNN_k3_vs_k4_panel.csv,34f3b909-e18e-47cf-9746-25b87c801ebc,csv,0.005,code_recoverable,1466,python
H_session_current,fig_il1b_stat3_NNvsPP_4study.png,44e10919-2955-4b70-a327-02096b5a3de0,png,0.251,code_recoverable,5613,python
H_session_current,study_eligibility_PPvsNN.csv,8099b3fa-80df-413a-870b-649451ed2dba,csv,0.001,code_recoverable,1655,python
H_session_current,fig_il1b_stat3_NNvsPP.png,7b214293-212f-46c9-9325-3607cd09585d,png,0.246,code_recoverable,5524,python
H_session_current,fig_il1b_stat3_progression.png,193182a7-5452-4117-915a-20e2709e650b,png,0.299,code_recoverable,5833,python
B_scissor,WHITEPAPER.md,1d005de4-3807-43e7-a27e-f3374aca3bba,markdown,0.016,no_code,0,python
B_scissor,WHITEPAPER.html,56c8ece6-7002-40b5-9bea-9687bab93fc8,html,3.151,code_recoverable,20671,python
B_scissor,WHITEPAPER.pdf,9a926824-182f-4872-b282-75ecfd221b9c,pdf,2.314,code_recoverable,21855,python
C_stat3_isoforms,stat3_isoform_ab_formal_section.md,2049d8c2-6de8-4c50-9e1f-ace2376ebfe0,markdown,0.006,no_code,0,python
C_stat3_isoforms,stat3_isoform_ab_formal_table.csv,a5b85f55-5157-45c5-a73d-a445e2489505,csv,0.001,code_recoverable,1671,python
C_stat3_isoforms,fig40_stat3_isoform_formal_evaluation.png,40730fd4-670d-4558-a050-330705afcd54,png,0.339,code_recoverable,8323,python
B_scissor,deconv_validation.R,cc7610a8-2cb2-4e53-af82-2ac98c096931,x-r,0.003,code_recoverable,3956,scissor-r
B_scissor,deconv_result.rds,a702dd82-4cba-46af-964f-075076747a50,octet-stream,0.005,code_recoverable,2068,scissor-r
B_scissor,deconv_signature.rds,fd8dc30a-5768-4849-ae7b-9777dbfac5a9,octet-stream,1.279,code_recoverable,1761,scissor-r
B_scissor,deconv_scissor_concordance.csv,6058a7de-9ac9-4910-9e57-df11df29876f,csv,0.001,code_recoverable,1760,scissor-r
B_scissor,deconv_trend.csv,dadc31cd-b197-4d4a-885f-b20a6ce686e3,csv,0.001,code_recoverable,968,scissor-r
B_scissor,deconv_proportions.csv,3612ff33-d9e1-4c1e-a9f4-3eb2409eb32f,csv,0.012,code_recoverable,653,scissor-r
B_scissor,fig_deconv_validation.png,5432311e-45cb-4b15-b08c-b25bb2972671,png,0.084,code_recoverable,2950,scissor-r
B_scissor,README.md,088da65c-e90a-4e4b-a4ec-b594f48d749f,markdown,0.002,code_recoverable,1151,scissor-r
B_scissor,HANDOFF.md,da1a8751-a9f5-4194-8511-90ced6855152,markdown,0.013,code_recoverable,7117,python
B_scissor,run_full_census_cluster.R,ea3c71e8-2cd6-478e-99f7-ff23df6ead5c,x-r,0.005,code_recoverable,5479,scissor-r
B_scissor,run_pipeline.R,96398960-33db-416e-a01e-67a81556ed3e,x-r,0.009,code_recoverable,9439,scissor-r
B_scissor,00_download_data.R,ec219eef-f10f-4dc7-addb-736e0a87410c,x-r,0.002,code_recoverable,1731,scissor-r
B_scissor,environment.yml,4714de64-1b1c-4cb0-b0ba-b263bad37d8e,yaml,0.001,code_recoverable,1169,scissor-r
B_scissor,scissor_repo_ship.tar.gz,cd755d82-4107-4890-8887-947d5b00a4f2,gzip,2.466,code_recoverable,638,scissor-r
B_scissor,reference_subset20k_umap.rds,ea99c227-abdd-41bd-a571-3fa4a28675ce,octet-stream,276.449,code_recoverable,2619,scissor-r
B_scissor,celltype_enrichment.csv,3b9e6a06-7fc6-429c-90b4-052f37332290,csv,0.001,code_recoverable,1342,scissor-r
B_scissor,gradient_program_DE.csv,3ae9be22-9daa-47b7-85ea-59ae05a6a0bb,csv,0.367,code_recoverable,466,scissor-r
B_scissor,fig_stat3.png,78780cb7-0355-48bd-bfc9-0523deb1c1b7,png,0.053,code_recoverable,1045,python
B_scissor,fig_gradient_program.png,965a129d-a536-4b81-a9e7-461d9a00d7a1,png,0.14,code_recoverable,1048,python
B_scissor,fig_scissor_composition.png,f28c9639-8126-4b13-82d7-017f2d29dbc8,png,0.07,code_recoverable,1354,python
B_scissor,fig_scissor_umap.png,67454b2a-d9a6-41f4-b7a3-83b8fb45e255,png,0.439,code_recoverable,916,python
B_scissor,scissor_reliability.R,cee57e42-825f-425e-aee2-8f99b413afce,x-r,0.002,code_recoverable,2401,scissor-r
B_scissor,fig_significance.png,394ebf21-1958-401f-92c3-0f77e140910e,png,0.047,code_recoverable,1205,python
B_scissor,permutation_null.csv,36751199-258e-4ecc-8db5-f7cc96fdecbe,csv,0.001,code_recoverable,2601,scissor-r
B_scissor,permutation_null.rds,2030cff3-14ca-482a-a00c-9d7c116853b7,octet-stream,0.0,code_recoverable,2601,scissor-r
B_scissor,reliability_test.rds,36776557-a136-4970-adf5-243164d1151d,octet-stream,0.001,code_recoverable,2750,scissor-r
K_refs_deconv,Heterogeneous pseudobulk simulation enables realistic benchmarking of cell-type deconvolution methods.pdf,d65ae2ff-655b-4bdc-8f10-c4fef2b77178,pdf,3.273,lineage_error,0,host_call 'get_lineage' failed: No code 
B_scissor,scissor_run.R,d2ecbae6-7588-44a7-a5b7-cfb2c83944f5,x-r,0.004,code_recoverable,3783,scissor-r
B_scissor,scissor_glmnet_solver.R,a14ee6c0-9577-4c2a-a63a-df9eb55653f0,x-r,0.006,code_recoverable,6215,scissor-r
B_scissor,fig_alpha_tuning.png,af19feef-aa5e-4251-a5f8-686003733caa,png,0.043,code_recoverable,723,python
B_scissor,scissor_inputs.rds,a01cf77a-b6d5-4685-8769-fe9af0f893db,octet-stream,18.252,code_recoverable,3061,scissor-r
B_scissor,scissor_alpha_tuning.csv,6b615d8d-945f-412f-add4-9fca76fc5633,csv,0.0,code_recoverable,4113,scissor-r
B_scissor,scissor_tuning.rds,2f894659-849e-4dfa-8961-9068c0dbb96a,octet-stream,1.194,code_recoverable,3847,scissor-r
B_scissor,scissor_result.rds,5951a328-abda-43dd-9fab-3947e289b53f,octet-stream,0.561,code_recoverable,4801,scissor-r
B_scissor,phenotype_checks.csv,2d557942-0001-45c0-9703-24d71085fa78,csv,0.0,code_recoverable,1515,psoriasis-r
B_scissor,bulk_anchor.rds,a7a850eb-ad16-4c77-91bd-178aadea75f0,octet-stream,6.574,code_recoverable,1804,psoriasis-r
B_scissor,fig_ref_umap.png,bb001486-de6c-4552-8d17-d5eca80418c9,png,1.005,code_recoverable,1837,scissor-r
B_scissor,reference_processed.rds,701f5d00-6716-4e99-a423-4e21a3c7b061,octet-stream,1226.747,code_recoverable,1926,scissor-r
B_scissor,sample_manifest.csv,a8220646-c817-4350-bfe9-f46609d614d3,csv,0.002,code_recoverable,743,scissor-r
B_scissor,fig_ref_composition.png,fa7106af-da2b-4f14-9a7a-bf4ab170158a,png,0.065,code_recoverable,1511,scissor-r
B_scissor,reference_raw.rds,77f289a2-f05c-4ecc-a0b8-bf157880b0b0,octet-stream,512.31,code_recoverable,1371,scissor-r
B_scissor,plan_scissor-backbone-tier-1-ordinal-nn-pn-pp_689f69d8.json,08cb3291-6a22-456c-949b-1158636db681,json,0.006,code_recoverable,2270,
A4_study_exclusion,targets_jak_tyk2_abundance.csv,55b1d748-d371-4b77-bf65-761ad77b5284,csv,0.0,code_recoverable,897,psoriasis-r
A4_study_exclusion,targets_gradient_position.csv,910debc9-5d2f-4d98-8059-981a176a46f0,csv,0.002,code_recoverable,783,psoriasis-r
A4_study_exclusion,fig39_druggable_targets_gradient.png,5ef2b532-b1b9-4465-b3e9-2ae35c0548ea,png,0.137,code_recoverable,3505,psoriasis-r
A4_study_exclusion,stat3_vs_module_gradient_position.csv,949ad6e0-2a8a-491a-8e36-2d8f10597739,csv,0.0,code_recoverable,1693,psoriasis-r
A4_study_exclusion,fig38_stat3_vs_module_gradient.png,d23535ce-75c3-4e7b-aa9b-4a6d11044109,png,0.164,code_recoverable,3420,psoriasis-r
A4_study_exclusion,stat3_gradient_isoform_vs_gene.csv,087461f6-2a17-486a-bb9b-4f76963e8035,csv,0.0,code_recoverable,3848,psoriasis-r
A4_study_exclusion,fig37_stat3_gradient_isoform_vs_gene.png,bdff37a3-4787-41af-a860-d163c4861352,png,0.131,code_recoverable,3322,psoriasis-r
A4_study_exclusion,stat3_isoform_pvalue_combination.csv,8db0b0e8-9347-4418-8935-919c6d22fc19,csv,0.0,code_recoverable,1490,psoriasis-r
A4_study_exclusion,stat3_isoform_stouffer_inputs.csv,03c72213-ae46-4460-88b5-b2f7c7776db0,csv,0.0,code_recoverable,851,psoriasis-r
A4_study_exclusion,fig36_isoform_pvalue_combination.png,395b84d2-9286-4516-a733-d0eeb7c35f81,png,0.108,code_recoverable,3456,psoriasis-r
A4_study_exclusion,stat3_isoform_mega_vs_meta.csv,b62ae2c4-acc3-4a41-8d1d-e3300f65ed79,csv,0.0,code_recoverable,6315,psoriasis-r
A4_study_exclusion,fig35_isoform_mega_vs_meta.png,b63969ea-970f-40ba-b28c-76367886940a,png,0.059,code_recoverable,7588,psoriasis-r
A4_study_exclusion,stat3_isoform_pool_5v7.csv,509f324d-ee44-4c76-af12-c4488e1e2cd6,csv,0.0,code_recoverable,6219,psoriasis-r
A4_study_exclusion,stat3_isoform_junction_7study.csv,65d1e364-b7a1-43e0-b923-e8d7bb0e1b1d,csv,0.0,code_recoverable,5394,psoriasis-r
A4_study_exclusion,fig34_stat3_isoform_junction_7study.png,5b68df6d-5380-4b69-bcdd-2c453bf76253,png,0.158,code_recoverable,8625,psoriasis-r
A4_study_exclusion,per_study_de_7study.rds,1a70e129-8c63-482b-91e1-218eb73ef156,octet-stream,12.545,code_recoverable,2212,psoriasis-r
A4_study_exclusion,meta_de_results_7study.rds,7f820456-34c5-4154-92d8-46a45b1c648c,octet-stream,3.174,code_recoverable,3187,psoriasis-r
A4_study_exclusion,meta_7study_summary.csv,33309e6f-477f-4efe-b58f-827b6fa7fcd6,csv,0.0,code_recoverable,3647,psoriasis-r
A4_study_exclusion,key_genes_7study_PPvsNN.csv,5fd6338b-66d8-45e2-bcc4-6f931f2b358d,csv,0.001,code_recoverable,3464,psoriasis-r
A4_study_exclusion,meta_de_PPvsNN_7study.csv,8764baad-e842-4993-9c6c-61cb8121dad0,csv,2.618,code_recoverable,3319,psoriasis-r
A4_study_exclusion,stat3_5v7study_comparison.csv,21da016f-8ba2-47cd-a104-af1a6bd8ceb4,csv,0.0,code_recoverable,3503,psoriasis-r
A4_study_exclusion,fig33_robustness_7study.png,d2b41871-b228-4715-ad77-0cdd4509e39d,png,0.134,code_recoverable,6386,psoriasis-r
A4_study_exclusion,fig32_stat3_forest_7study.png,59d0881b-b88c-4cea-a384-b97e0c6416b2,png,0.071,code_recoverable,5012,psoriasis-r
D_docking_md,01b_ppi_network.pdf,34422a8f-514d-4ba4-b946-117ec372768e,pdf,0.474,code_recoverable,5041,dock-md
D_docking_md,lead_network_centrality.csv,16e2bdf9-882e-4377-a52f-266ac854b552,csv,0.0,code_recoverable,1855,python
D_docking_md,ppi_hub_genes.csv,31c360bf-6cfd-4513-866b-9d9404c080e5,csv,0.064,code_recoverable,2090,python
D_docking_md,fig_ppi_network.png,e3115920-bb27-438f-b407-bc00c53480f5,png,0.399,code_recoverable,7090,python
K_refs_deconv,Lamisa_et_al._2024_-_Sci._Rep_.pdf,64d2fb65-2c84-46c7-af7d-63a18fcb0981,pdf,6.27,lineage_error,0,host_call 'get_lineage' failed: No code 
A2_peer_review,psoriasis_integrated_whitepaper.md,7d99c329-a180-4152-9aea-87c4c2017970,markdown,0.116,no_code,0,python
A1_meta_analysis,fig_s6_psi_beta_axis.png,9407b5f5-0092-40ba-93e8-7bbb77ab1af0,png,0.063,code_recoverable,1187,python
A1_meta_analysis,staging_figures.R,e594adc9-f3ab-4376-bc03-798a658706de,x-r,0.008,code_recoverable,8809,python
A1_meta_analysis,psoriasis_staging_axis_whitepaper.md,2976e162-c6bf-4d37-9ec6-4494f6eee35c,markdown,0.015,no_code,0,python
A1_meta_analysis,literature_positioning.md,813e8952-58e0-4427-be70-7dccd8590926,markdown,0.007,no_code,0,python
A1_meta_analysis,fig_s5b_monotonicity_summary.png,7cedf0e1-c765-438f-987c-e8f63762b179,png,0.057,code_recoverable,1998,python
A1_meta_analysis,fig_s5_staging_heatmap.png,aa4cf1a4-3349-43f6-9c23-2be752b9b5ce,png,0.179,code_recoverable,1592,python
A1_meta_analysis,stat3_activity_3group.rds,324c85d2-d264-4a56-94bd-9c97fd46b64b,octet-stream,0.002,code_recoverable,1105,python
A1_meta_analysis,fig_s4b_stat3_activity_axis.png,3c64831f-6edb-4bb2-93be-25d16b2165aa,png,0.031,code_recoverable,1887,python
A1_meta_analysis,fig_s4_stat3_il17_on_axis.png,5eb4f901-0e0b-4b46-846d-d237517c97c3,png,0.066,code_recoverable,1734,python
A1_meta_analysis,ssgsea_3group.rds,39d80619-4f97-4e84-95da-804bc824851a,octet-stream,0.009,code_recoverable,1801,python
A1_meta_analysis,pathway_timing_stats.csv,e1704b85-4740-460f-a2e7-f33362ea1f9a,csv,0.002,code_recoverable,2137,python
A1_meta_analysis,fig_s3_pathway_timing.png,8f34ddb2-907f-4f69-a92a-f07c9599da1b,png,0.108,code_recoverable,3911,python
A1_meta_analysis,class_enrichment.rds,0035527f-9bfe-4265-b86b-043351abab4e,octet-stream,0.001,code_recoverable,1144,python
A1_meta_analysis,gradient_gene_classes.csv,666dfb99-0320-46d8-9b7e-f2b9982f55e4,csv,0.562,code_recoverable,1869,python
A1_meta_analysis,fig_s2_gradient_taxonomy.png,d1eaafd3-76cb-46a1-bf6d-a25a6e775973,png,0.088,code_recoverable,4460,python
A1_meta_analysis,trend_SRP165679.rds,d61263b9-9355-4e92-97d8-4987bcb38e86,octet-stream,1.532,code_recoverable,1323,python
A1_meta_analysis,gradient_de_genes.rds,a27965d8-adbb-4661-9b0b-bcd01c3bfb76,octet-stream,0.311,code_recoverable,2135,python
A1_meta_analysis,gradient_genes.csv,447dba47-a4a6-4cba-9aad-a91048061d7e,csv,0.829,code_recoverable,2305,python
A1_meta_analysis,plan_reframe-around-the-nn-lt-pn-lt-pp-peri-l_db606fdf.json,67eb2bfd-3644-4ef6-8e24-1d641cd09d58,json,0.006,code_recoverable,1581,python
F_presentation,psoriasis_meta_analysis_lab_presentation.pptx,d98ea726-13dc-475d-8d96-b9534460eb56,vnd.openxmlformats-officedocument.presentationml.presentation,4.846,code_recoverable,5840,python
D_docking_md,whitepapers_psoriasis_pipeline.tar.gz,f6a6312b-72a4-4067-b405-9c12adf1f1ae,gzip,3.792,code_recoverable,15978,dock-md
D_docking_md,BIBLIOGRAPHY.md,07c58133-db08-48c3-b848-dd32646d28fe,markdown,0.009,code_recoverable,1171,dock-md
D_docking_md,10_report.pdf,09d5e86d-1849-436b-a498-6118c44f8bc0,pdf,0.151,code_recoverable,3055,dock-md
D_docking_md,09_md.pdf,70ed2323-add6-47ae-b480-dc97a63cca2f,pdf,0.074,code_recoverable,3112,dock-md
D_docking_md,08_cofolding.pdf,ad2c68e2-2c48-4011-be39-a8946ee3159e,pdf,0.06,code_recoverable,2560,dock-md
D_docking_md,07_docking.pdf,64bd7203-105b-46ca-a7bc-ab4bd4c6973c,pdf,0.246,code_recoverable,3254,dock-md
D_docking_md,06_library.pdf,ff2d12bb-8cf9-4acf-b3ce-9f0f44296caf,pdf,0.158,code_recoverable,4745,dock-md
D_docking_md,05_pockets.pdf,4923ba94-4cbc-406e-a1ac-19e546c2676f,pdf,0.271,code_recoverable,3092,dock-md
D_docking_md,04_structures.pdf,19ef2e43-cb4e-498e-b813-7e6b283f428d,pdf,0.287,code_recoverable,3156,dock-md
D_docking_md,03_scoring_leads.pdf,0c6237f2-7419-4865-a989-1e4b9f3522e7,pdf,0.162,code_recoverable,3147,dock-md
D_docking_md,02_druggability_annotation.pdf,9a2b3c90-e287-477e-9236-f7f0fb7eb843,pdf,0.212,code_recoverable,3406,dock-md
D_docking_md,01_target_list.pdf,3a1bfb6c-42ac-404a-85e2-9c008740878d,pdf,0.234,code_recoverable,5019,dock-md
D_docking_md,00_ALL_whitepapers_combined.pdf,bdec76f3-1a17-4880-945f-a7be30baa1c6,pdf,1.763,code_recoverable,9232,dock-md
D_docking_md,psoriasis_md_package.tar.gz,08f0a982-879f-409a-8caa-c242b9798fac,gzip,8.225,code_recoverable,13950,dock-md
D_docking_md,CONSOLIDATED_REPORT.md,b4831d9e-6561-4a60-9206-daa86cd1ae0b,markdown,0.008,code_recoverable,7338,dock-md
D_docking_md,fig_pipeline_funnel.png,28dbface-d129-452a-9e56-02f70a3a735f,png,0.089,code_recoverable,3758,dock-md
D_docking_md,lead_pipeline_summary.csv,8e504728-b362-4469-9989-1a84520dba99,csv,0.001,code_recoverable,1498,dock-md
D_docking_md,psoriasis_cofolding_package.tar.gz,13144510-cd08-41b7-88cd-5d55f66391bb,gzip,0.007,code_recoverable,8013,dock-md
D_docking_md,psoriasis_docking_package.tar.gz,88a2478c-1282-4fc1-9668-c29c2f5b04b9,gzip,0.454,code_recoverable,291,dock-md
D_docking_md,fig_tophit_pose.png,804e1184-5c52-437f-bb77-39dfab761b56,png,0.128,code_recoverable,2005,dock-md
D_docking_md,fig_docking_results.png,2a59b872-0d59-4be7-aee2-5cd6fb824649,png,0.179,code_recoverable,4032,dock-md
D_docking_md,all_docked_poses.tar.gz,9c8a0fce-0b95-48ac-ab99-8b869d64ae09,gzip,0.122,code_recoverable,4327,dock-md
D_docking_md,RORC_tophit_complex.pdb,2beb0615-a78b-47ec-9dd9-ca10e5778060,x-pdb,0.18,code_recoverable,515,dock-md
D_docking_md,validation.json,024a6c22-c081-42a6-a616-f7ffa3d0057e,json,0.001,code_recoverable,1878,dock-md
D_docking_md,docking_ranked.csv,f97beaaa-b8c6-4bcd-91fb-3669eb9bb4e3,csv,0.035,code_recoverable,938,dock-md
D_docking_md,LIBRARY_README.md,08fbe0dc-9dcf-41be-9896-a42ae9b0c670,markdown,0.002,code_recoverable,2027,dock-md
D_docking_md,fig_library_properties.png,26c37872-f9f2-4f59-a4bc-93a5a4bf1e52,png,0.093,code_recoverable,3405,dock-md
D_docking_md,screening_library_3d.sdf,6e0d86a1-457f-44fb-8aaf-9e87976ef2d3,x-mdl-sdfile,0.765,code_recoverable,2651,dock-md
D_docking_md,screening_library.csv,6a14ccbf-ab06-4b88-9ef6-8bfbeece98a9,csv,0.029,code_recoverable,2051,dock-md
D_docking_md,fig_pockets_druggability.png,51f8e17c-b51c-4194-9cb6-a405b5c24f5a,png,0.19,code_recoverable,7614,dock-md
D_docking_md,pocket_druggability_summary.csv,2bff9ff2-6890-4f8d-952b-608cd39ee3e2,csv,0.0,code_recoverable,3758,dock-md
D_docking_md,pocket_report.csv,ae05ff5b-eced-4441-b405-5b6c483f6b98,csv,0.005,code_recoverable,9056,dock-md
D_docking_md,fig_lead_structures.png,9f03a5c8-5558-4997-b727-ee07bfd5bd52,png,0.228,code_recoverable,4479,dock-md
D_docking_md,structure_inventory.csv,d2ef34c9-7cea-4a90-953d-78153a0fd7ba,csv,0.0,code_recoverable,3158,dock-md
D_docking_md,JAK3_5LWM.pdb,c8912a6e-8970-48a8-97da-9d7c85b5d187,x-pdb,0.447,code_recoverable,133,dock-md
D_docking_md,RORC_5APH.pdb,c94075ca-4f37-4588-ad98-f96d4d5b88ab,x-pdb,0.242,code_recoverable,133,dock-md
D_docking_md,STAT3_6NJS.pdb,a223d16c-fa82-48d8-93f3-2b6a32092bf3,x-pdb,0.415,code_recoverable,134,dock-md
D_docking_md,lead_rationale.md,7620df88-317c-468e-89c3-67c6aeeefd17,markdown,0.003,code_recoverable,2888,python
D_docking_md,fig_target_ranking.png,bb27fd14-1926-4771-9337-7929a809429e,png,0.085,code_recoverable,10711,python
D_docking_md,druggable_target_ranking.csv,e404033f-d152-49bb-a29f-a83ce87b108a,csv,0.046,code_recoverable,2890,python
D_docking_md,fig_druggability_landscape.png,e38ec650-8f2a-4c4f-9670-8d36442bf997,png,0.146,code_recoverable,4121,python
D_docking_md,druggability_annotation.csv,70d934da-ef2b-45db-982f-d354ae25af31,csv,0.028,code_recoverable,3902,python
D_docking_md,fig_target_volcano_annotated.png,46e8873d-976c-4b02-8cf6-70bf0d3f56ab,png,0.159,code_recoverable,3799,python
D_docking_md,target_universe.csv,0a3b5d42-80ce-4919-b6a2-5b6b8e22e3d1,csv,0.416,code_recoverable,2354,python
D_docking_md,plan_druggability-triage-of-psoriasis-meta-de_bf412257.json,4f846efb-fd26-4613-980a-648ee262a00c,json,0.008,code_recoverable,567,
A2_peer_review,stat3_robustness_section_11_5a.md,0b1c32a8-8058-44e0-8dd7-ef5023763e27,markdown,0.004,no_code,0,python
D_docking_md,plan_druggability-triage-of-psoriasis-meta-de_bf412257.json,074fd09c-aab3-45e6-9097-e5daf7780210,json,0.007,code_recoverable,2287,
A2_peer_review,stat3_forest_robustness.csv,106c7130-cfde-42b8-b8ab-ad9b3944a13a,csv,0.0,code_recoverable,1874,psoriasis-r
A2_peer_review,fig31_stat3_hksj_loo.png,623559a2-3266-44c0-8426-0b4ba60bbca5,png,0.1,code_recoverable,4809,psoriasis-r
K_refs_deconv,Screenshot 2026-07-05 at 7.20.34 PM.png,179a417e-2322-43bf-b029-00a39318dad7,png,0.392,lineage_error,0,host_call 'get_lineage' failed: No code 
A1_meta_analysis,meta_analysis_deep_dive.md,26fda303-edae-4288-973c-187bfdc6f90c,markdown,0.021,no_code,0,python
A1_meta_analysis,clust_out3.tar.gz,64d0808a-7732-42aa-9977-1e0714298203,gzip,19.976,code_recoverable,6563,psoriasis-r
A1_meta_analysis,clust_module_lfc.rds,9e4f2014-6045-4f96-a4e3-ca73d6991292,octet-stream,0.002,code_recoverable,741,psoriasis-r
A1_meta_analysis,clust_module_genes.csv,8a10bd30-09f6-42a0-ad27-3a6a67c72bea,csv,0.002,code_recoverable,690,psoriasis-r
A1_meta_analysis,clust_module.rds,f47bd7fd-da30-44ab-a8a9-df3d23eb5ede,octet-stream,0.002,code_recoverable,1204,psoriasis-r
A1_meta_analysis,fig30b_module_heatmap.png,98f69636-4e48-4e09-bd05-559ada4d0517,png,0.109,code_recoverable,1487,psoriasis-r
A1_meta_analysis,fig30a_module_profile.png,f739aa0c-c10c-4655-b11e-39afa82c04b9,png,0.03,code_recoverable,2063,psoriasis-r
A1_meta_analysis,psi_meta_result.rds,8db01554-e157-48f1-878f-94270475f18a,octet-stream,0.002,code_recoverable,2496,psoriasis-r
A1_meta_analysis,psi_beta_allstudies.rds,89ae0be3-5030-4b54-aef3-5109d213be54,octet-stream,0.007,code_recoverable,1577,psoriasis-r
A1_meta_analysis,fig29_psi_beta_meta.png,972457b5-8222-4141-b3c6-6c3163a066ba,png,0.062,code_recoverable,4374,psoriasis-r
A1_meta_analysis,camera_perstudy_PPvsNN.rds,b1161da7-572a-42da-a4e7-e1e5d6d9b7e6,octet-stream,0.004,code_recoverable,3187,psoriasis-r
A1_meta_analysis,meta_pathway_camera_PPvsNN.csv,ec629b64-7d48-4981-825b-69ede10987a4,csv,0.005,code_recoverable,4212,psoriasis-r
A1_meta_analysis,tf_activity_perstudy.rds,1fa473be-7455-47ed-ae1a-de8d85941ed3,octet-stream,0.109,code_recoverable,998,psoriasis-r
A1_meta_analysis,fig28_meta_pathway.png,4f5dfa41-c806-4789-a8c8-18f9b1f52bb6,png,0.08,code_recoverable,3001,psoriasis-r
A1_meta_analysis,fig27_stat3_tfactivity_forest.png,840c28fd-aa8e-4468-adf2-c001f0fd48af,png,0.124,code_recoverable,1819,psoriasis-r
A1_meta_analysis,fig26_keygene_forest.png,4b5b258a-aaea-4b6e-894e-6315bc5ee9ba,png,0.191,code_recoverable,966,psoriasis-r
A1_meta_analysis,fig25_stat3_forest.png,45be30ba-2771-4578-a18f-d666cbb8f5a7,png,0.12,code_recoverable,1461,psoriasis-r
A1_meta_analysis,meta_summary_stats.rds,7b8d327d-cae3-46d0-8a79-6dbfac547125,octet-stream,0.002,code_recoverable,2128,psoriasis-r
A1_meta_analysis,meta_de_PNvsPP.csv,e1529969-131e-40d2-a659-a1f015fa83b8,csv,2.176,code_recoverable,4045,psoriasis-r
A1_meta_analysis,meta_de_PNvsNN.csv,59f24681-3627-4ffc-b9af-7776f291f6a4,csv,1.539,code_recoverable,5588,psoriasis-r
A1_meta_analysis,meta_de_PPvsNN.csv,668b37c3-d3fd-4cbc-bcb1-10ffdc22e8d3,csv,2.003,code_recoverable,5734,psoriasis-r
A1_meta_analysis,meta_de_results.rds,cd8c795b-33f1-461f-a02c-37996b4d3670,octet-stream,3.997,code_recoverable,1552,psoriasis-r
A1_meta_analysis,fig24_meta_summary.png,e7b3b668-3956-4b6d-a5ad-88246338ebd8,png,0.194,code_recoverable,3865,psoriasis-r
A1_meta_analysis,per_study_de.rds,8b4e71d3-763b-4c68-bcb0-0e21d1c0b496,octet-stream,10.159,code_recoverable,3765,psoriasis-r
A1_meta_analysis,fig23_perstudy_volcano.png,ddaf47ef-2f99-49e7-9e02-d4e45ebad803,png,0.265,code_recoverable,3218,psoriasis-r
A1_meta_analysis,sample_classification.rds,5e70760d-efdc-41f1-81d9-b3533488838e,octet-stream,0.002,code_recoverable,1661,psoriasis-r
A1_meta_analysis,study_inventory.csv,93b5cdec-4729-4ca7-b482-72f1ee8373f5,csv,0.0,code_recoverable,3579,psoriasis-r
A1_meta_analysis,fig22_study_inventory.png,6a844479-d251-4a7f-b4c7-61c2f9cc2608,png,0.059,code_recoverable,3360,psoriasis-r
K_refs_deconv,recount3_selection_2026-07-05 20_53_44.267187.csv,b13999c5-8cbb-4410-a71e-136b2427d555,csv,0.043,lineage_error,0,host_call 'get_lineage' failed: No code 
A1_meta_analysis,plan_multi-study-psoriasis-meta-analysis-per_db606fdf.json,a0408b80-29fe-4857-aa8d-429d8aec557a,json,0.007,code_recoverable,288,
A1_meta_analysis,leading_edge_sets.rds,c04465db-f557-4dc1-b802-76d653d0998e,octet-stream,0.002,code_recoverable,746,psoriasis-r
A1_meta_analysis,fig21_upset_leadingedge.png,5b4a613f-1423-4cb8-b101-abdf3a0b1273,png,0.134,code_recoverable,2123,psoriasis-r
A1_meta_analysis,ssgsea_panel.rds,213f77e5-2c69-4a51-9411-2fbd3d1fe630,octet-stream,0.02,code_recoverable,2045,psoriasis-r
A1_meta_analysis,ssgsea_scores.rds,f973b1cf-90e8-4199-9e68-83f1440fd368,octet-stream,0.015,code_recoverable,2918,psoriasis-r
A1_meta_analysis,fig20_pathway_score_heatmap.png,4d449fea-6226-4238-8f69-da441d0fc5f3,png,0.102,code_recoverable,2705,psoriasis-r
A1_meta_analysis,fig19_gsva_correlations.png,df12b72c-0eac-4fc6-850b-34baf5a37249,png,0.167,code_recoverable,4243,psoriasis-r
A1_meta_analysis,voom_fit.rds,12fadcf7-d139-42dc-8020-c9eb75feb54c,octet-stream,50.085,code_recoverable,426,psoriasis-r
A1_meta_analysis,method_comparison.rds,6cb23db2-4db8-43a5-82fb-64a055bf9e7e,octet-stream,0.003,code_recoverable,2215,psoriasis-r
A1_meta_analysis,camera_roast_results.rds,0144430b-37ba-456c-9103-4469bb684952,octet-stream,0.177,code_recoverable,1765,psoriasis-r
A1_meta_analysis,fig18_camera_roast.png,49b8307e-418d-437d-b0f4-bc0bc0f75d3b,png,0.129,code_recoverable,4797,psoriasis-r
A1_meta_analysis,fig17_degene_heatmap.png,58a5459a-9bca-4099-b72b-7be108adebff,png,0.303,code_recoverable,1952,psoriasis-r
A1_meta_analysis,fig16_sample_corr_heatmap.png,56523034-6cf8-4afb-8e04-f750b4a0ee7c,png,0.315,code_recoverable,1972,psoriasis-r
A1_meta_analysis,spliceosome_analysis_deep_dive.md,50c711c0-508d-4173-9317-b8bedf21a3e4,markdown,0.018,no_code,0,psoriasis-r
A1_meta_analysis,stat3_isoform_eftud2.rds,a4d91fd8-9345-4f42-8227-934edd8dda50,octet-stream,0.007,code_recoverable,1719,psoriasis-r
A1_meta_analysis,fig15_eftud2_psi.png,c1389080-7d31-45c9-938c-10a81b9ad8e8,png,0.187,code_recoverable,3162,psoriasis-r
K_refs_deconv,clust- automatic extraction of optimal co-expressed gene clusters from gene expression data.pdf,2f229744-3412-4c91-acbd-5c7c20cca8fb,pdf,2.136,lineage_error,0,host_call 'get_lineage' failed: No code 
A1_meta_analysis,stat3_isoform_psi.rds,118993f9-c40d-4a88-a46c-127c7e560491,octet-stream,0.004,code_recoverable,1316,psoriasis-r
A1_meta_analysis,stat3_isoform_psi.csv,c1a2e236-7429-4be0-8c5a-0ba4612fdaf9,csv,0.008,code_recoverable,1195,psoriasis-r
A1_meta_analysis,fig14_stat3_isoform.png,ba9bd6d6-df30-447c-93a3-901b08291c02,png,0.109,code_recoverable,2720,psoriasis-r
A1_meta_analysis,network_analysis_deep_dive.md,20692629-fd21-405d-91fd-10b14ca76d4a,markdown,0.02,no_code,0,psoriasis-r
A1_meta_analysis,collectri_regulon.rds,34ad206e-28f3-42b3-9de6-c736f9abc2f3,octet-stream,0.405,code_recoverable,495,psoriasis-r
A1_meta_analysis,tf_activity_collectri.rds,1c168e81-a2ac-4f7e-9812-fc12e4a96ecc,octet-stream,0.022,code_recoverable,1227,psoriasis-r
A1_meta_analysis,tf_activity_collectri.csv,8c0dc731-904a-454b-93dd-60de08a1b463,csv,0.06,code_recoverable,1259,psoriasis-r
A1_meta_analysis,fig13_stat3_targets.png,f8d8dddb-e69b-4237-8621-500e8f2aa0a8,png,0.153,code_recoverable,2327,psoriasis-r
A1_meta_analysis,fig12_tf_activity_rank.png,563aa009-56e0-4fe2-ab41-55ca4a23704b,png,0.088,code_recoverable,2768,psoriasis-r
A1_meta_analysis,fig11_unbiased_top_pathways.png,2ac7281f-efe7-48f1-8af5-ca6b5ab11a01,png,0.139,code_recoverable,2269,psoriasis-r
A1_meta_analysis,gsea_ora_merged.rds,f9b184e1-fdda-4eee-bd64-2b13ac681811,octet-stream,0.22,code_recoverable,2868,psoriasis-r
A1_meta_analysis,gsea_ora_merged.csv,9f68c49d-2d51-4a63-83e3-7990b6aedcf5,csv,0.862,code_recoverable,2901,psoriasis-r
A1_meta_analysis,fig10_gsea_vs_ora.png,ee1391ed-7338-4fa7-8fc4-6ba07e291a18,png,0.127,code_recoverable,5037,psoriasis-r
A1_meta_analysis,pathway_analysis_deep_dive.md,2e2d6b9b-43e5-4537-976f-cd83de20640f,markdown,0.043,no_code,0,psoriasis-r
A1_meta_analysis,fig9_gsea_dotplot.png,93ac3411-16d6-4ff7-ab0b-7bb9d3f1f74e,png,0.093,code_recoverable,3323,psoriasis-r
A1_meta_analysis,fig8_gsea_il6jakstat3.png,7d9ab799-a300-49ab-912b-0f6d68fc1d7a,png,0.081,code_recoverable,2381,psoriasis-r
A1_meta_analysis,gsea_focus_stat3_axis.csv,21ba01b2-4e12-4a96-8ed2-0bee6e56ea15,csv,0.004,code_recoverable,1441,psoriasis-r
A1_meta_analysis,gsea_results_all.csv,6701f53b-1c6a-402a-a351-ec00f7baef8a,csv,1.453,code_recoverable,1601,psoriasis-r
A1_meta_analysis,gsea_results_all.rds,c62a4b3f-8264-4b9b-8e81-29b537a930a6,octet-stream,0.728,code_recoverable,1221,psoriasis-r
A1_meta_analysis,RESTART_HERE.md,8583178e-0fb8-4a9c-9442-9fd64265aca4,markdown,0.002,code_recoverable,2664,psoriasis-r
A1_meta_analysis,gsea_ranks.rds,acdaa257-263c-43dc-9ac9-06cf76e0dc3f,octet-stream,0.43,code_recoverable,347,psoriasis-r
A1_meta_analysis,README.md,b32745eb-b5a8-4410-98fc-e00f1ca16620,markdown,0.004,code_recoverable,2097,psoriasis-r
A1_meta_analysis,psoriasis_pipeline.R,b716656d-b7f5-4446-9ec1-bbf0e70f325a,x-r,0.071,code_recoverable,493,python
A1_meta_analysis,fig7_qvalue.png,d74fa3df-c6ca-4823-a7b3-669c36d13386,png,0.074,code_recoverable,1487,psoriasis-r
A1_meta_analysis,de_results_full.rds,40f54a42-9257-485b-9795-a4c4c059d5e9,octet-stream,1.534,code_recoverable,690,psoriasis-r
A1_meta_analysis,de_results_significant.csv,964d448f-8689-4661-9550-fbfd30c84570,csv,0.493,code_recoverable,1606,psoriasis-r
A1_meta_analysis,de_results_full.csv,a67ae2d7-93c1-4682-8442-371f03a45d55,csv,3.461,code_recoverable,1493,psoriasis-r
A1_meta_analysis,fig6_volcano.png,8b732492-ca89-41ef-8052-ea9a2c482086,png,0.279,code_recoverable,2071,psoriasis-r
A1_meta_analysis,differential_expression_deep_dive.md,eaf19e85-bc1a-4dc0-9aa3-0bbf74455f20,markdown,0.026,no_code,0,psoriasis-r
A1_meta_analysis,fig5_mean_variance.png,93567404-999e-4579-ba2f-130f56c7d525,png,0.153,code_recoverable,1584,psoriasis-r
A1_meta_analysis,normalization_deep_dive.md,36f002ff-ad4c-4a98-a3f6-f45a3b4d441d,markdown,0.013,no_code,0,psoriasis-r
A1_meta_analysis,fig4_pc1_loadings.png,5b0cb529-4682-441e-8934-cc77f885f275,png,0.151,code_recoverable,1199,psoriasis-r
A1_meta_analysis,fig3_scree.png,faba4a4b-022d-4455-add8-28d6d99690d0,png,0.099,code_recoverable,876,psoriasis-r
A1_meta_analysis,dge_filt_norm.rds,7fe8fcf7-90ca-4a27-abd2-7fd5bd62810a,octet-stream,10.135,code_recoverable,1019,psoriasis-r
A1_meta_analysis,fig2_pca.png,7d1e4543-64b0-4a29-aa39-368b74d849fe,png,0.274,code_recoverable,1814,psoriasis-r
A1_meta_analysis,fig1_tmm_before_after.png,8301867f-21af-402e-a8fa-188586f7573b,png,0.199,code_recoverable,2652,psoriasis-r
A1_meta_analysis,GenomeInfoDbData_1.2.13.tar.gz,20500bb4-c941-4eb2-8b04-eca4f1e0b81c,gzip,12.924,code_recoverable,194,psoriasis-r
A1_meta_analysis,psoriasis_meta_analysis_whitepaper.md,d2339fe5-e59e-4930-a77b-17bd104a7ad2,markdown,0.096,no_code,0,python
