pathway,k_old,Zc_old,p_old,FDR_old,k_new,Zc_new,p_new,FDR_new,direction_consistent
HALLMARK_INTERFERON_ALPHA_RESPONSE,3,59.745675176908,1.66880540830754e-308,1.66880575455895e-308,4,16.752,5.45370458728514e-63,2.72685229364257e-61,TRUE
HALLMARK_INTERFERON_GAMMA_RESPONSE,3,36.2746863611731,4.05682825938702e-288,6.7613804323117e-287,4,15.133,9.86440216519473e-52,2.46610054129868e-50,TRUE
HALLMARK_E2F_TARGETS,3,35.3263284946714,2.31583039888405e-273,2.89478799860507e-272,4,15.052,3.35230795231085e-51,5.58717992051808e-50,TRUE
HALLMARK_MYC_TARGETS_V1,3,51.9775577834301,1.66880540830754e-308,1.66880575455895e-308,4,14.064,6.29085074479784e-45,7.86356343099731e-44,TRUE
HALLMARK_G2M_CHECKPOINT,3,34.1705253459633,6.6284645777172e-256,6.6284645777172e-255,4,13.094,3.5776242042822e-39,3.5776242042822e-38,TRUE
HALLMARK_ALLOGRAFT_REJECTION,3,9.23023793807518,2.70031386304403e-20,2.2502615525367e-19,4,9.901,4.1419245498902e-23,3.45160379157516e-22,TRUE
HALLMARK_MYC_TARGETS_V2,3,9.15648762087985,5.36139450043299e-20,3.82956750030928e-19,4,9.427,4.22088827553254e-21,3.01492019680896e-20,TRUE
HALLMARK_MTORC1_SIGNALING,3,9.09540816877549,9.42318481745649e-20,5.88949051091031e-19,4,9.081,1.07958191931297e-19,6.74738699570604e-19,FALSE
HALLMARK_IL6_JAK_STAT3_SIGNALING,3,8.52177594486872,1.57125131281596e-17,8.72917396008866e-17,4,8.509,1.75736863239512e-17,9.76315906886177e-17,TRUE
HALLMARK_UNFOLDED_PROTEIN_RESPONSE,3,6.91859003913925,4.56160829139575e-12,1.90067012141489e-11,4,7.43,1.08368459841472e-13,5.41842299207358e-13,FALSE
HALLMARK_OXIDATIVE_PHOSPHORYLATION,3,8.26766983654305,1.36602565272912e-16,6.83012826364562e-16,4,7.198,6.0943302788399e-13,2.77015012674541e-12,FALSE
HALLMARK_INFLAMMATORY_RESPONSE,3,7.18256557962358,6.84152256671314e-13,3.10978298486961e-12,4,6.95,3.65752273701742e-12,1.52396780709059e-11,FALSE
HALLMARK_DNA_REPAIR,3,5.57872728191915,2.42284751931033e-08,9.31864430503975e-08,4,6.593,4.31113119615323e-11,1.65812738313586e-10,TRUE
HALLMARK_MYOGENESIS,3,-5.44454933828414,5.19367074336952e-08,1.73122358112317e-07,4,-6.36,2.01757725902733e-10,7.20563306795475e-10,FALSE
HALLMARK_UV_RESPONSE_DN,3,-5.12138964130435,3.03292219351141e-07,9.47788185472317e-07,4,-5.941,2.83538977110322e-09,9.45129923701073e-09,FALSE
HALLMARK_PI3K_AKT_MTOR_SIGNALING,3,5.09657246367164,3.45858211524647e-07,1.01723003389602e-06,4,5.388,7.12769646089132e-08,2.22740514402854e-07,FALSE
HALLMARK_COMPLEMENT,3,4.68082445420701,2.85723524800425e-06,7.51904012632696e-06,4,5.132,2.86769342123913e-07,8.43439241540922e-07,TRUE
HALLMARK_BILE_ACID_METABOLISM,3,-3.29453043606438,0.000985862676778848,0.00214317973212793,4,-4.808,1.5212684851816e-06,4.2257457921711e-06,FALSE
HALLMARK_UV_RESPONSE_UP,3,5.00204681106185,5.67248116688882e-07,1.57568921302467e-06,4,4.366,1.26680356409679e-05,3.3336935897284e-05,FALSE
HALLMARK_EPITHELIAL_MESENCHYMAL_TRANSITION,3,-4.3425792097204,1.40819689269783e-05,3.35284974451865e-05,4,-4.251,2.12699825290918e-05,5.31749563227294e-05,FALSE
HALLMARK_GLYCOLYSIS,3,4.35399389494789,1.33679430841974e-05,3.34198577104935e-05,4,4.148,3.34841164143946e-05,7.97240867009396e-05,FALSE
HALLMARK_TNFA_SIGNALING_VIA_NFKB,3,5.54193198729981,2.99152505735139e-08,1.06840180619693e-07,4,3.774,0.000160523679421254,0.000364826544139214,FALSE
HALLMARK_KRAS_SIGNALING_DN,3,-3.08137812693492,0.00206044805637867,0.00412089611275734,4,-3.755,0.000173672870635952,0.000377549718773809,FALSE
HALLMARK_REACTIVE_OXYGEN_SPECIES_PATHWAY,3,3.61809237156172,0.000296782479713466,0.000674505635712423,4,3.361,0.000777220419529362,0.00157692854894658,FALSE
HALLMARK_MITOTIC_SPINDLE,3,3.00354921883718,0.00266850381956909,0.00513173811455595,4,3.357,0.000788464274473291,0.00157692854894658,FALSE
HALLMARK_IL2_STAT5_SIGNALING,3,3.20586192400818,0.00134658586612763,0.00280538722109922,4,2.755,0.00587263164604841,0.0112935223962469,FALSE
HALLMARK_HEDGEHOG_SIGNALING,3,-1.6441936296249,0.100136212406606,0.161333942318583,4,-2.716,0.00660865149647226,0.0122382435119857,FALSE
HALLMARK_P53_PATHWAY,3,2.47349411505525,0.0133799007726416,0.0238926799511458,4,2.361,0.0182491135932786,0.0325877028451404,FALSE
HALLMARK_PROTEIN_SECRETION,3,1.56175035973256,0.118346810072527,0.174039426577246,4,2.135,0.0327213535088019,0.0564161267393137,FALSE
HALLMARK_XENOBIOTIC_METABOLISM,3,2.71732408755201,0.00658121297863503,0.0121874314419167,4,1.989,0.0467372800028025,0.0778954666713374,FALSE
HALLMARK_APOPTOSIS,3,2.39301475411125,0.0167105690974161,0.0288113260300278,4,1.918,0.0550500808257592,0.088790452944773,FALSE
HALLMARK_ESTROGEN_RESPONSE_EARLY,3,-0.655717748546258,0.512005746939487,0.595355519697078,4,-1.802,0.0715271510180177,0.111761173465653,TRUE
HALLMARK_NOTCH_SIGNALING,3,-1.25897846378861,0.20803811079173,0.281132582150986,4,-1.783,0.0745557558094033,0.112963266377884,FALSE
HALLMARK_PANCREAS_BETA_CELLS,3,-1.432113524891,0.152111334399417,0.217301906284881,4,-1.562,0.118335332603524,0.174022547946358,FALSE
HALLMARK_WNT_BETA_CATENIN_SIGNALING,3,-1.30805012413331,0.19085630872274,0.265078206559361,4,-1.516,0.129510122608755,0.182048439636422,FALSE
HALLMARK_KRAS_SIGNALING_UP,3,1.58465244226866,0.113045322775681,0.171280792084365,4,1.51,0.131074876538224,0.182048439636422,TRUE
HALLMARK_ANDROGEN_RESPONSE,3,-0.730697815392634,0.464963750237318,0.553528274092046,4,-1.359,0.174084504088484,0.235249329849302,FALSE
HALLMARK_CHOLESTEROL_HOMEOSTASIS,3,0.00482038163418036,0.996153906811603,0.996153906811603,4,-1.303,0.192667494907393,0.253509861720254,FALSE
HALLMARK_PEROXISOME,3,-0.565724972967782,0.571580756066988,0.63508972896332,4,-1.281,0.200349600890819,0.255486775276129,FALSE
HALLMARK_ANGIOGENESIS,3,-1.65864389439613,0.0971875712238019,0.161333942318583,4,-1.269,0.204389420220903,0.255486775276129,FALSE
HALLMARK_HYPOXIA,3,-0.225435349533545,0.821640614357727,0.855688560186707,4,-1.218,0.223237706234921,0.272241105164538,FALSE
HALLMARK_HEME_METABOLISM,3,1.20552276636383,0.228001554622762,0.300002045556266,4,1.064,0.287453120518644,0.342206095855529,FALSE
HALLMARK_FATTY_ACID_METABOLISM,3,0.539815113857388,0.589324542936172,0.640570155365404,4,-0.915,0.360131869406326,0.418757987681775,FALSE
HALLMARK_SPERMATOGENESIS,3,0.991287009749482,0.32154545425508,0.412237761865487,4,0.892,0.37213783378423,0.422883902027534,TRUE
HALLMARK_APICAL_JUNCTION,3,-0.625029315604375,0.531951817799417,0.604490702044792,4,-0.549,0.583232749088742,0.64803638787638,FALSE
HALLMARK_ESTROGEN_RESPONSE_LATE,3,0.75095433944787,0.452680135829198,0.552048946133168,4,0.302,0.762677658624769,0.828966039789728,FALSE
HALLMARK_APICAL_SURFACE,3,0.507418458992758,0.611861236584279,0.650916209132212,4,0.28,0.779228077402344,0.828966039789728,FALSE
HALLMARK_ADIPOGENESIS,3,1.62928016526109,0.103253723083893,0.161333942318583,4,0.231,0.817196491674849,0.851246345494634,FALSE
HALLMARK_TGF_BETA_SIGNALING,3,0.897456685118149,0.36947527660963,0.461844095762038,4,-0.094,0.924834786378326,0.943708965692169,FALSE
HALLMARK_COAGULATION,3,-0.203716830723237,0.838574788982973,0.855688560186707,4,0.01,0.992311752565323,0.992311752565323,FALSE
