pathway,NES_mega,padj_mega,NES_meta,padj_meta,nlp_mega,nlp_meta
HALLMARK_E2F_TARGETS,3.24963350850882,1.55993943300359e-43,3.26762897074073,2.31224892616796e-37,42.8068922634551,36.6359654135725
HALLMARK_INTERFERON_GAMMA_RESPONSE,3.07398454610413,1.04999206499818e-34,3.25881848859285,3.46818061132795e-37,33.9788139829687,36.4598982939926
HALLMARK_MYC_TARGETS_V1,3.07646479362767,1.04999206499818e-34,3.19507770069268,1.03411663663648e-34,33.9788139829687,33.985430474984
HALLMARK_G2M_CHECKPOINT,3.08899060794308,1.5873203327343e-34,3.16282159136451,2.24969382810641e-33,33.7993354206299,32.6478765831383
HALLMARK_INTERFERON_ALPHA_RESPONSE,3.05095934162059,3.50271693247087e-26,3.33931050257012,5.84385814361829e-31,25.4555949582099,30.233300334865
HALLMARK_MTORC1_SIGNALING,2.76018050105324,9.84770607983224e-24,2.43711918439714,6.36189544736202e-14,23.0066649220804,13.1964134724507
HALLMARK_MYOGENESIS,-2.62500940200215,1.93246780351191e-17,-2.23858333791152,9.60915790640097e-10,16.7138877330493,9.01731466983692
HALLMARK_ALLOGRAFT_REJECTION,2.57969181633687,2.64941533484773e-17,2.60783543729876,1.13021691030392e-16,16.5768499543138,15.946838199076
HALLMARK_INFLAMMATORY_RESPONSE,2.49175693456168,1.0189056352415e-15,1.67518777596467,0.000485073686282221,14.9918660358087,3.31419228384103
HALLMARK_TNFA_SIGNALING_VIA_NFKB,2.33243595366503,5.2386717140949e-13,1.01339144992343,0.495123780945236,12.2807788161396,0.305286213871991
HALLMARK_MYC_TARGETS_V2,2.59261282239336,1.82847260165465e-11,2.57725227111107,2.72000191383895e-10,10.7379115428673,9.56543079038881
HALLMARK_IL6_JAK_STAT3_SIGNALING,2.48920502255653,6.41549337838404e-11,2.22333436139166,8.2583018731435e-07,10.1927699389352,6.08310924601396
HALLMARK_UNFOLDED_PROTEIN_RESPONSE,2.30375071280682,1.06223380413879e-09,2.10857837419575,2.49081134034235e-06,8.97377988186874,5.60365916565945
HALLMARK_OXIDATIVE_PHOSPHORYLATION,2.03064517861803,7.39576311611107e-08,1.83502658175356,1.80308847303449e-05,7.1310170076012,4.74398296301249
HALLMARK_EPITHELIAL_MESENCHYMAL_TRANSITION,-1.92697589935099,9.74497554368334e-07,-1.29802118974089,0.107806691449814,6.01121924646495,0.967354282103452
HALLMARK_GLYCOLYSIS,1.90763214955933,1.45259908969411e-06,1.50017973837222,0.00359116457438137,5.83785423233554,2.44476469175281
HALLMARK_COMPLEMENT,1.898435493623,2.43215125287646e-06,1.73308644986798,0.00012398258653345,5.61400942025167,3.90663930760788
HALLMARK_UV_RESPONSE_DN,-1.98283408340904,3.01884737509039e-06,-1.69491742030527,0.00155374419165012,5.52015884319803,2.80862048186696
HALLMARK_MITOTIC_SPINDLE,1.8376470208794,5.89237955849351e-06,1.55987990628344,0.00179028732287831,5.22970928578561,2.74707726358611
HALLMARK_UV_RESPONSE_UP,1.80592479818342,3.33932142146271e-05,1.55558326524133,0.00454056727813129,4.47634177655829,2.34288988494652
HALLMARK_DNA_REPAIR,1.80953779460917,4.06619254188971e-05,2.33089838752467,2.72000191383895e-10,4.39081206054785,9.56543079038881
HALLMARK_IL2_STAT5_SIGNALING,1.72682722285075,9.91307811034121e-05,1.18078117368364,0.195141377937077,4.00379147177421,0.709650632684408
HALLMARK_PI3K_AKT_MTOR_SIGNALING,1.83499452625369,0.000167654644675062,1.84729854554414,0.000263414655845521,3.77558441044985,3.57936006545712
HALLMARK_BILE_ACID_METABOLISM,-1.83882454088423,0.000186134945224417,-1.8713107745815,0.000379323461139007,3.73017208418565,3.42099029537233
HALLMARK_P53_PATHWAY,1.61480620978683,0.000948947892598207,1.13352094734686,0.240354206198609,3.022757634336,0.619148273315398
HALLMARK_APOPTOSIS,1.59688985730341,0.00204322200292417,1.21009144219249,0.197568389057751,2.68968444325162,0.704282541307118
HALLMARK_KRAS_SIGNALING_DN,-1.45433937513963,0.00969652170019651,-1.59328985172901,0.00591587904007824,2.01338402628202,2.22798071445263
HALLMARK_KRAS_SIGNALING_UP,1.42710908918485,0.0111865363137283,1.32232494121618,0.0405523899246846,1.95130436322078,1.39198354587903
HALLMARK_ESTROGEN_RESPONSE_LATE,1.35041283472819,0.0308291933847745,-1.17254553089279,0.224577793747754,1.51103783800862,0.648633188989968
HALLMARK_REACTIVE_OXYGEN_SPECIES_PATHWAY,1.58081057853827,0.0407466410350856,1.26765002885124,0.219298245614035,1.38990818667991,0.658964842664435
HALLMARK_XENOBIOTIC_METABOLISM,1.34833400166971,0.0446331033178793,1.15722667776546,0.219298245614035,1.3503429158264,0.658964842664435
HALLMARK_FATTY_ACID_METABOLISM,-1.25458003220985,0.0973187176567113,-1.20300975070043,0.219298245614035,1.01180362228831,0.658964842664435
HALLMARK_SPERMATOGENESIS,1.33644876587236,0.0973187176567113,-1.03812402744785,0.430973241771253,1.01180362228831,0.365549693439833
HALLMARK_ESTROGEN_RESPONSE_EARLY,-1.19852010589778,0.114233688340577,-1.59238816306514,0.00229631720546812,0.942205800618532,2.63896812016383
HALLMARK_PEROXISOME,-1.25211538664577,0.129876739808876,-1.19304659852528,0.224577793747754,0.886468621653565,0.648633188989968
HALLMARK_APICAL_JUNCTION,-1.20040085969591,0.150402386875751,0.852911685941504,0.85838779956427,0.822745271465506,0.0663164637116872
HALLMARK_COAGULATION,-1.19730339284758,0.165884447321573,-1.05864877387552,0.41504854368932,0.780194329822805,0.381901105640981
HALLMARK_APICAL_SURFACE,1.24834685540058,0.221513379408116,0.983052664238509,0.538720538720539,0.654600037261985,0.268636466661287
HALLMARK_PANCREAS_BETA_CELLS,-1.22163134694143,0.254748850861162,-1.00265893211997,0.495337995337995,0.593887766362878,0.305098357798394
HALLMARK_HEDGEHOG_SIGNALING,-1.16160785311057,0.296511627906977,-1.22925604704727,0.252946248922104,0.527958270809612,0.59697175659742
HALLMARK_NOTCH_SIGNALING,-1.13212243874354,0.326505553385053,-0.857266743455029,0.747966057212842,0.486109427607977,0.126118110022753
HALLMARK_ANDROGEN_RESPONSE,-1.07269874901111,0.34650496434997,-1.00967615431789,0.495123780945236,0.460290538903967,0.305286213871991
HALLMARK_ANGIOGENESIS,-1.11460981126604,0.34650496434997,-0.788755727119414,0.829207920792079,0.460290538903967,0.0813365580737599
HALLMARK_TGF_BETA_SIGNALING,1.08653507519498,0.369978858350951,-0.832267581897011,0.825096331043726,0.431823092051518,0.0834953440580437
HALLMARK_HEME_METABOLISM,1.05737833697053,0.374116891457932,1.28128596754002,0.115549686365137,0.426992682870064,0.93723122898258
HALLMARK_PROTEIN_SECRETION,1.05952908399405,0.378659814727162,1.12976119166482,0.342312008978676,0.421750781935615,0.465577864690089
HALLMARK_HYPOXIA,1.02621841404819,0.431851695807879,-1.08756967719579,0.37758346581876,0.364665370662605,0.422987031484383
HALLMARK_WNT_BETA_CATENIN_SIGNALING,1.00779747430915,0.450687429854097,-1.08960271257523,0.393129006410256,0.346124554689467,0.405464911257078
HALLMARK_ADIPOGENESIS,0.885133866050413,0.75,-0.857415177527473,0.83038802113024,0.1249387366083,0.0807189244216285
HALLMARK_CHOLESTEROL_HOMEOSTASIS,0.854859370993671,0.75,-1.08575372942811,0.393129006410256,0.1249387366083,0.405464911257078
