theme,pathway,label,collection,NES,ES,padj_joint,padj_percollection,size
Proliferation / cell cycle,REACTOME_CELL_CYCLE_MITOTIC,CELL_CYCLE_MITOTIC,Reactome,3.02842506043756,0.592342933497073,3.3264589424224e-48,3.3264589424224e-48,481
RNA processing / translation,GOBP_RIBONUCLEOPROTEIN_COMPLEX_BIOGENESIS,RIBONUCLEOPROTEIN_COMPLEX_BIOGENESIS,GO:BP,2.89944837379596,0.566850993584172,4.14234998392506e-41,4.14234998392506e-41,482
Interferon / antiviral,HALLMARK_INTERFERON_GAMMA_RESPONSE,INTERFERON_GAMMA_RESPONSE,Hallmark,3.29303277606242,0.701934625332929,1.47743452919377e-35,1.47743452919377e-35,195
Proliferation / cell cycle,REACTOME_CELL_CYCLE_CHECKPOINTS,CELL_CYCLE_CHECKPOINTS,Reactome,3.15044905017683,0.653110083656262,1.47743452919377e-35,1.47743452919377e-35,252
Proliferation / cell cycle,HALLMARK_E2F_TARGETS,E2F_TARGETS,Hallmark,3.31032265515995,0.703862448336739,2.38561318296528e-35,2.38561318296528e-35,197
Metabolism / MYC-mTOR,HALLMARK_MYC_TARGETS_V1,MYC_TARGETS_V1,Hallmark,3.22862277456585,0.688205150607734,3.41533907539657e-33,3.41533907539657e-33,195
RNA processing / translation,GOBP_RIBOSOME_BIOGENESIS,RIBOSOME_BIOGENESIS,GO:BP,2.96965200317636,0.601318189814869,2.53704758128509e-32,2.53704758128509e-32,313
Proliferation / cell cycle,HALLMARK_G2M_CHECKPOINT,G2M_CHECKPOINT,Hallmark,3.19884427317885,0.681552200179394,2.87462688997932e-32,2.87462688997932e-32,193
RNA processing / translation,GOBP_RRNA_METABOLIC_PROCESS,RRNA_METABOLIC_PROCESS,GO:BP,2.94280472368643,0.606292399035902,6.00200046934616e-29,6.00200046934616e-29,267
Interferon / antiviral,HALLMARK_INTERFERON_ALPHA_RESPONSE,INTERFERON_ALPHA_RESPONSE,Hallmark,3.34172387907596,0.798970764909691,7.801543687436e-29,7.801543687436e-29,95
RNA processing / translation,GOBP_RRNA_PROCESSING,RRNA_PROCESSING,GO:BP,2.98879777010027,0.627052610957017,8.22777902173664e-28,8.22777902173664e-28,224
Interferon / antiviral,REACTOME_INTERFERON_SIGNALING,INTERFERON_SIGNALING,Reactome,2.87983030505017,0.596070564675077,1.14520474246228e-26,1.14520474246228e-26,262
RNA processing / translation,REACTOME_PROCESSING_OF_CAPPED_INTRON_CONTAINING_PRE_MRNA,PROCESSING_OF_CAPPED_INTRON_CONTAINING_PRE_MRNA,Reactome,2.78407382143242,0.57007760916921,9.90397072438302e-25,9.90397072438302e-25,286
Interferon / antiviral,GOBP_REGULATION_OF_INNATE_IMMUNE_RESPONSE,REGULATION_OF_INNATE_IMMUNE_RESPONSE,GO:BP,2.56786348187167,0.502708161809247,1.0089607383138e-24,1.0089607383138e-24,441
Interferon / antiviral,GOBP_RESPONSE_TO_VIRUS,RESPONSE_TO_VIRUS,GO:BP,2.62542093138773,0.523982160126941,2.50282595630642e-24,2.50282595630642e-24,367
Proliferation / cell cycle,GOBP_CHROMOSOME_SEGREGATION,CHROMOSOME_SEGREGATION,GO:BP,2.5439468799015,0.5017577578045,4.42813998470332e-23,4.42813998470332e-23,406
Immune effector / antimicrobial,GOBP_POSITIVE_REGULATION_OF_DEFENSE_RESPONSE,POSITIVE_REGULATION_OF_DEFENSE_RESPONSE,GO:BP,2.39754506415211,0.468098181894254,3.78365468646626e-21,3.78365468646626e-21,485
RNA processing / translation,REACTOME_TRANSLATION,TRANSLATION,Reactome,2.55703719654756,0.511897572738261,6.1278845455555e-21,6.1278845455555e-21,346
Proliferation / cell cycle,REACTOME_DNA_REPLICATION,DNA_REPLICATION,Reactome,2.98705845837099,0.684524816126275,6.73015667393985e-21,6.73015667393985e-21,124
Interferon / antiviral,GOBP_DEFENSE_RESPONSE_TO_VIRUS,DEFENSE_RESPONSE_TO_VIRUS,GO:BP,2.64879291459067,0.544509513644998,1.46133140722002e-20,1.46133140722002e-20,277
Other,REACTOME_DNA_REPAIR,DNA_REPAIR,Reactome,2.62871880397725,0.538672647143643,3.50107919786782e-20,3.50107919786782e-20,281
Proliferation / cell cycle,GOBP_DNA_REPLICATION,DNA_REPLICATION,GO:BP,2.57744545522926,0.52288811907425,7.22986819928092e-20,7.22986819928092e-20,305
Other,GOBP_POSITIVE_REGULATION_OF_RESPONSE_TO_BIOTIC_STIMULUS,POSITIVE_REGULATION_OF_RESPONSE_TO_BIOTIC_STIMULUS,GO:BP,2.47443521893683,0.492842881199858,7.546050059026e-20,7.546050059026e-20,385
Other,REACTOME_SYNTHESIS_OF_DNA,SYNTHESIS_OF_DNA,Reactome,2.97433558795367,0.699462688111909,1.00935215178613e-18,1.00935215178613e-18,108
Immune effector / antimicrobial,REACTOME_NEUTROPHIL_DEGRANULATION,NEUTROPHIL_DEGRANULATION,Reactome,2.33502313358474,0.457244684719817,5.21404448751663e-18,5.21404448751663e-18,439
RNA processing / translation,REACTOME_RRNA_PROCESSING,RRNA_PROCESSING,Reactome,2.72870772203369,0.576803911713335,6.31222481655784e-18,6.31222481655784e-18,206
Proliferation / cell cycle,GOBP_MITOTIC_SISTER_CHROMATID_SEGREGATION,MITOTIC_SISTER_CHROMATID_SEGREGATION,GO:BP,2.7579386464979,0.586593976083589,6.34731355767891e-18,6.34731355767891e-18,196
Proliferation / cell cycle,GOBP_CELL_CYCLE_CHECKPOINT_SIGNALING,CELL_CYCLE_CHECKPOINT_SIGNALING,GO:BP,2.72368117001813,0.581196588476158,1.10011458940194e-17,1.10011458940194e-17,192
Other,GOBP_DNA_RECOMBINATION,DNA_RECOMBINATION,GO:BP,2.49659929084806,0.50783897668179,1.4281037151547e-17,1.4281037151547e-17,303
Proliferation / cell cycle,GOBP_DNA_TEMPLATED_DNA_REPLICATION,DNA_TEMPLATED_DNA_REPLICATION,GO:BP,2.74938783828164,0.602264356091909,2.27619943961728e-17,2.27619943961728e-17,168
RNA processing / translation,GOBP_MRNA_PROCESSING,MRNA_PROCESSING,GO:BP,2.25394617188598,0.440601828910956,2.76687405499428e-17,2.76687405499428e-17,473
Proliferation / cell cycle,REACTOME_RESOLUTION_OF_SISTER_CHROMATID_COHESION,RESOLUTION_OF_SISTER_CHROMATID_COHESION,Reactome,2.84019155227975,0.652841877298337,3.44630563605118e-17,3.44630563605118e-17,121
Other,REACTOME_HIV_INFECTION,HIV_INFECTION,Reactome,2.59013637940297,0.545593362207212,2.6688699583419e-16,2.6688699583419e-16,217
Other,GOBP_ORGANELLE_FISSION,ORGANELLE_FISSION,GO:BP,2.22793728707723,0.436079427546806,2.6688699583419e-16,2.6688699583419e-16,459
Interferon / antiviral,GOBP_RESPONSE_TO_TYPE_I_INTERFERON,RESPONSE_TO_TYPE_I_INTERFERON,GO:BP,2.87283787110704,0.67237845169003,2.80678377674712e-16,2.80678377674712e-16,106
Immune effector / antimicrobial,GOBP_ADAPTIVE_IMMUNE_RESPONSE,ADAPTIVE_IMMUNE_RESPONSE,GO:BP,2.21135405754506,0.432595103984593,1.91691220568981e-15,1.91691220568981e-15,456
Inflammatory signaling (IL/JAK-STAT/TNF),GOBP_POSITIVE_REGULATION_OF_CYTOKINE_PRODUCTION,POSITIVE_REGULATION_OF_CYTOKINE_PRODUCTION,GO:BP,2.21602139330756,0.433871143512898,1.9509136596463e-15,1.9509136596463e-15,460
RNA processing / translation,REACTOME_MRNA_3_END_PROCESSING,MRNA_3_END_PROCESSING,Reactome,2.72354670544626,0.607600447536162,2.65456995314919e-15,2.65456995314919e-15,151
Interferon / antiviral,REACTOME_INTERFERON_ALPHA_BETA_SIGNALING,INTERFERON_ALPHA_BETA_SIGNALING,Reactome,2.965153677066,0.756291336154553,4.07497243669229e-15,4.07497243669229e-15,64
RNA processing / translation,GOBP_MITOCHONDRIAL_TRANSLATION,MITOCHONDRIAL_TRANSLATION,GO:BP,2.73644528760154,0.625562757261872,5.17556159057624e-15,5.17556159057624e-15,128
Immune effector / antimicrobial,HALLMARK_ALLOGRAFT_REJECTION,ALLOGRAFT_REJECTION,Hallmark,2.62365296517073,0.566991584545848,6.57551782628385e-15,6.57551782628385e-15,180
Proliferation / cell cycle,REACTOME_CHROMOSOME_MAINTENANCE,CHROMOSOME_MAINTENANCE,Reactome,2.80695111100835,0.677484701364015,1.92246456653254e-14,1.92246456653254e-14,91
Other,GOBP_PROTEIN_RNA_COMPLEX_ORGANIZATION,PROTEIN_RNA_COMPLEX_ORGANIZATION,GO:BP,2.47635312851991,0.51374826441344,2.21247401823813e-14,2.21247401823813e-14,242
Immune effector / antimicrobial,GOBP_LEUKOCYTE_MEDIATED_IMMUNITY,LEUKOCYTE_MEDIATED_IMMUNITY,GO:BP,2.26152854272874,0.451612193281588,2.23023126294305e-14,2.23023126294305e-14,373
Proliferation / cell cycle,GOBP_REGULATION_OF_CHROMOSOME_ORGANIZATION,REGULATION_OF_CHROMOSOME_ORGANIZATION,GO:BP,2.44735008707699,0.507148510867377,2.74532047363707e-14,2.74532047363707e-14,244
Other,REACTOME_ANTIGEN_PROCESSING_CROSS_PRESENTATION,ANTIGEN_PROCESSING_CROSS_PRESENTATION,Reactome,2.79033890029519,0.671482998361366,8.65920844344576e-14,8.65920844344576e-14,94
Immune effector / antimicrobial,GOBP_DEFENSE_RESPONSE_TO_BACTERIUM,DEFENSE_RESPONSE_TO_BACTERIUM,GO:BP,2.44222575580056,0.512138073595865,9.36983088074298e-14,9.36983088074298e-14,225
Metabolism / MYC-mTOR,GOBP_REGULATION_OF_DNA_METABOLIC_PROCESS,REGULATION_OF_DNA_METABOLIC_PROCESS,GO:BP,2.10049984214082,0.410567453848155,1.64336740871336e-13,1.64336740871336e-13,457
Other,REACTOME_ACTIVATION_OF_ATR_IN_RESPONSE_TO_REPLICATION_STRESS,ACTIVATION_OF_ATR_IN_RESPONSE_TO_REPLICATION_STRESS,Reactome,2.88820708489211,0.836523205920481,1.85264232060527e-13,1.85264232060527e-13,37
Other,GOBP_RNA_SPLICING_VIA_TRANSESTERIFICATION_REACTIONS,RNA_SPLICING_VIA_TRANSESTERIFICATION_REACTIONS,GO:BP,2.27384186611119,0.459079897770112,2.26608284092849e-13,2.26608284092849e-13,321
Other,REACTOME_HOST_INTERACTIONS_OF_HIV_FACTORS,HOST_INTERACTIONS_OF_HIV_FACTORS,Reactome,2.65892246438249,0.61701639495,2.74704970030011e-13,2.74704970030011e-13,117
RNA processing / translation,KEGG_SPLICEOSOME,SPLICEOSOME,KEGG,2.64310518331839,0.60495634335738,3.59928377049386e-13,3.59928377049386e-13,126
Proliferation / cell cycle,GOBP_REGULATION_OF_CELL_CYCLE_PHASE_TRANSITION,REGULATION_OF_CELL_CYCLE_PHASE_TRANSITION,GO:BP,2.15270008674465,0.422257268715856,3.77133976015555e-13,3.77133976015555e-13,433
RNA processing / translation,GOBP_RIBOSOMAL_SMALL_SUBUNIT_BIOGENESIS,RIBOSOMAL_SMALL_SUBUNIT_BIOGENESIS,GO:BP,2.65600309906722,0.624281335010811,6.06367044588316e-13,6.06367044588316e-13,110
Other,REACTOME_SARS_COV_2_HOST_INTERACTIONS,SARS_COV_2_HOST_INTERACTIONS,Reactome,2.48773726801703,0.536030061050995,6.06367044588316e-13,6.06367044588316e-13,182
Metabolism / MYC-mTOR,HALLMARK_MTORC1_SIGNALING,MTORC1_SIGNALING,Hallmark,2.46270646293518,0.524944346418684,7.43730849046457e-13,7.43730849046457e-13,195
Proliferation / cell cycle,GOBP_METAPHASE_CHROMOSOME_ALIGNMENT,METAPHASE_CHROMOSOME_ALIGNMENT,GO:BP,2.68583005508833,0.630791958988146,1.14348510740856e-12,1.14348510740856e-12,105
Other,GOBP_REGULATION_OF_IMMUNE_EFFECTOR_PROCESS,REGULATION_OF_IMMUNE_EFFECTOR_PROCESS,GO:BP,2.21898937485261,0.443493628882537,1.14348510740856e-12,1.14348510740856e-12,347
Other,REACTOME_RHO_GTPASE_EFFECTORS,RHO_GTPASE_EFFECTORS,Reactome,2.35793469317579,0.487838537832688,1.21840570894364e-12,1.21840570894364e-12,255
Other,GOBP_NEGATIVE_REGULATION_OF_RESPONSE_TO_BIOTIC_STIMULUS,NEGATIVE_REGULATION_OF_RESPONSE_TO_BIOTIC_STIMULUS,GO:BP,2.60386219367674,0.598519589772603,1.23425746990127e-12,1.23425746990127e-12,121
Other,REACTOME_DNA_DOUBLE_STRAND_BREAK_REPAIR,DNA_DOUBLE_STRAND_BREAK_REPAIR,Reactome,2.57716846413261,0.586029775515973,1.31265866765365e-12,1.31265866765365e-12,132
Immune effector / antimicrobial,GOBP_IMMUNE_RESPONSE_REGULATING_CELL_SURFACE_RECEPTOR_SIGNALING_PATHWAY,IMMUNE_RESPONSE_REGULATING_CELL_SURFACE_RECEPTOR_SIGNALING_PATHWAY,GO:BP,2.20907080970508,0.442350594921978,1.83173107924051e-12,1.83173107924051e-12,351
Interferon / antiviral,GOBP_TYPE_II_INTERFERON_PRODUCTION,TYPE_II_INTERFERON_PRODUCTION,GO:BP,2.59615522588764,0.601006230984569,2.65919939099401e-12,2.65919939099401e-12,119
Other,REACTOME_DNA_STRAND_ELONGATION,DNA_STRAND_ELONGATION,Reactome,2.80019475479287,0.844890723696723,2.78641204168948e-12,2.78641204168948e-12,32
Inflammatory signaling (IL/JAK-STAT/TNF),GOBP_CYTOKINE_MEDIATED_SIGNALING_PATHWAY,CYTOKINE_MEDIATED_SIGNALING_PATHWAY,GO:BP,2.06659457031558,0.404359230955155,3.0321467079534e-12,3.0321467079534e-12,461
Immune effector / antimicrobial,GOBP_NEGATIVE_REGULATION_OF_IMMUNE_RESPONSE,NEGATIVE_REGULATION_OF_IMMUNE_RESPONSE,GO:BP,2.43027301218917,0.517308982842408,4.50529111742573e-12,4.50529111742573e-12,198
Inflammatory signaling (IL/JAK-STAT/TNF),REACTOME_SIGNALING_BY_INTERLEUKINS,SIGNALING_BY_INTERLEUKINS,Reactome,2.10697144774141,0.415346762109047,4.50529111742573e-12,4.50529111742573e-12,415
Interferon / antiviral,REACTOME_DENGUE_VIRUS_HOST_INTERACTIONS,DENGUE_VIRUS_HOST_INTERACTIONS,Reactome,2.31344698221045,0.488944089410859,7.45589788434727e-12,7.45589788434727e-12,218
Immune effector / antimicrobial,REACTOME_SARS_COV_2_ACTIVATES_MODULATES_INNATE_AND_ADAPTIVE_IMMUNE_RESPONSES,SARS_COV_2_ACTIVATES_MODULATES_INNATE_AND_ADAPTIVE_IMMUNE_RESPONSES,Reactome,2.61190325296086,0.611307544659051,1.2037043271313e-11,1.2037043271313e-11,106
RNA processing / translation,GOBP_MATURATION_OF_SSU_RRNA,MATURATION_OF_SSU_RRNA,GO:BP,2.75792661705979,0.687323587357932,1.29503038032065e-11,1.29503038032065e-11,70
Other,GOBP_RNA_LOCALIZATION,RNA_LOCALIZATION,GO:BP,2.38985029535934,0.509186314744515,1.93323008873938e-11,1.93323008873938e-11,193
Other,GOBP_REGULATION_OF_VIRAL_PROCESS,REGULATION_OF_VIRAL_PROCESS,GO:BP,2.52817380316748,0.57936519551488,1.99915168366904e-11,1.99915168366904e-11,124
Immune effector / antimicrobial,GOBP_REGULATION_OF_LEUKOCYTE_MEDIATED_IMMUNITY,REGULATION_OF_LEUKOCYTE_MEDIATED_IMMUNITY,GO:BP,2.33447948274537,0.485419053790869,2.23611687213948e-11,2.23611687213948e-11,231
Other,REACTOME_ACTIVATION_OF_THE_PRE_REPLICATIVE_COMPLEX,ACTIVATION_OF_THE_PRE_REPLICATIVE_COMPLEX,Reactome,2.74945541945578,0.829581362203395,3.35507953510824e-11,3.35507953510824e-11,32
Interferon / antiviral,GOBP_NEGATIVE_REGULATION_OF_INNATE_IMMUNE_RESPONSE,NEGATIVE_REGULATION_OF_INNATE_IMMUNE_RESPONSE,GO:BP,2.60333829729655,0.635322920095296,5.91453735477922e-11,5.91453735477922e-11,87
RNA processing / translation,REACTOME_TRNA_PROCESSING,TRNA_PROCESSING,Reactome,2.57649200856001,0.604733630641963,6.23639028706982e-11,6.23639028706982e-11,109
Proliferation / cell cycle,KEGG_DNA_REPLICATION,DNA_REPLICATION,KEGG,2.75051003885675,0.805742290676666,7.42332705496795e-11,7.42332705496795e-11,35
Proliferation / cell cycle,GOBP_MITOTIC_CELL_CYCLE_PHASE_TRANSITION,MITOTIC_CELL_CYCLE_PHASE_TRANSITION,GO:BP,2.00923489823868,0.393796355321014,7.83632812321625e-11,7.83632812321625e-11,431
Other,REACTOME_SARS_COV_INFECTIONS,SARS_COV_INFECTIONS,Reactome,2.04940932103355,0.406781462800409,8.75048015245701e-11,8.75048015245701e-11,396
Inflammatory signaling (IL/JAK-STAT/TNF),REACTOME_INTERLEUKIN_1_FAMILY_SIGNALING,INTERLEUKIN_1_FAMILY_SIGNALING,Reactome,2.4772371265463,0.559574830536052,1.07151455227107e-10,1.07151455227107e-10,136
Other,GOBP_REGULATION_OF_VIRAL_LIFE_CYCLE,REGULATION_OF_VIRAL_LIFE_CYCLE,GO:BP,2.55307224648304,0.606086655030921,1.20291803899827e-10,1.20291803899827e-10,101
Other,REACTOME_TCR_SIGNALING,TCR_SIGNALING,Reactome,2.53042052465661,0.599175357297986,1.50950375273001e-10,1.50950375273001e-10,103
Interferon / antiviral,REACTOME_DENGUE_VIRUS_INFECTION,DENGUE_VIRUS_INFECTION,Reactome,2.11989534307322,0.428194067653971,1.6481740590699e-10,1.6481740590699e-10,325
Other,REACTOME_HDR_THROUGH_HOMOLOGOUS_RECOMBINATION_HRR,HDR_THROUGH_HOMOLOGOUS_RECOMBINATION_HRR,Reactome,2.6719028568369,0.669285309984957,1.73431873339643e-10,1.73431873339643e-10,69
Other,GOBP_RESPONSE_TO_MOLECULE_OF_BACTERIAL_ORIGIN,RESPONSE_TO_MOLECULE_OF_BACTERIAL_ORIGIN,GO:BP,2.13028234417216,0.432171833464536,1.73431873339643e-10,1.73431873339643e-10,305
Inflammatory signaling (IL/JAK-STAT/TNF),GOBP_POSITIVE_REGULATION_OF_TUMOR_NECROSIS_FACTOR_SUPERFAMILY_CYTOKINE_PRODUCTION,POSITIVE_REGULATION_OF_TUMOR_NECROSIS_FACTOR_SUPERFAMILY_CYTOKINE_PRODUCTION,GO:BP,2.46763238361799,0.577287883391656,1.94120631586896e-10,1.94120631586896e-10,115
Interferon / antiviral,GOBP_TYPE_I_INTERFERON_PRODUCTION,TYPE_I_INTERFERON_PRODUCTION,GO:BP,2.46138195011965,0.563363362740177,2.27897722247965e-10,2.27897722247965e-10,126
Other,GOBP_TELOMERE_ORGANIZATION,TELOMERE_ORGANIZATION,GO:BP,2.38407701124569,0.525629385319667,3.35104875610054e-10,3.35104875610054e-10,161
Proliferation / cell cycle,KEGG_CELL_CYCLE,CELL_CYCLE,KEGG,2.47530491048601,0.567286591177181,3.8911177671033e-10,3.8911177671033e-10,123
Proliferation / cell cycle,GOBP_POSITIVE_REGULATION_OF_CELL_CYCLE_PROCESS,POSITIVE_REGULATION_OF_CELL_CYCLE_PROCESS,GO:BP,2.21808251858154,0.459638877257286,4.25898603585327e-10,4.25898603585327e-10,244
Proliferation / cell cycle,GOBP_CHROMOSOME_SEPARATION,CHROMOSOME_SEPARATION,GO:BP,2.53965099754355,0.617159216922386,5.04837164866031e-10,5.04837164866031e-10,88
Other,GOBP_NEGATIVE_REGULATION_OF_VIRAL_PROCESS,NEGATIVE_REGULATION_OF_VIRAL_PROCESS,GO:BP,2.66662232179938,0.673199967789987,5.70546870071686e-10,5.70546870071686e-10,67
Immune effector / antimicrobial,GOBP_NEGATIVE_REGULATION_OF_DEFENSE_RESPONSE,NEGATIVE_REGULATION_OF_DEFENSE_RESPONSE,GO:BP,2.17223713353613,0.449612122118596,6.73867682970367e-10,6.73867682970367e-10,262
Proliferation / cell cycle,GOBP_REGULATION_OF_MITOTIC_CELL_CYCLE,REGULATION_OF_MITOTIC_CELL_CYCLE,GO:BP,1.92065707187151,0.375018827034597,6.73867682970367e-10,6.73867682970367e-10,492
Other,REACTOME_CLASS_I_MHC_MEDIATED_ANTIGEN_PROCESSING_PRESENTATION,CLASS_I_MHC_MEDIATED_ANTIGEN_PROCESSING_PRESENTATION,Reactome,2.02693150961344,0.40572317915015,7.21961623435239e-10,7.21961623435239e-10,355
Other,REACTOME_TRANSPORT_OF_MATURE_TRANSCRIPT_TO_CYTOPLASM,TRANSPORT_OF_MATURE_TRANSCRIPT_TO_CYTOPLASM,Reactome,2.58260757162656,0.63475395641891,8.44673547974183e-10,8.44673547974183e-10,80
Other,GOBP_NUCLEIC_ACID_CATABOLIC_PROCESS,NUCLEIC_ACID_CATABOLIC_PROCESS,GO:BP,1.99742964300753,0.398647503161124,8.93361065763023e-10,8.93361065763023e-10,367
Other,KEGG_ANTIGEN_PROCESSING_AND_PRESENTATION,ANTIGEN_PROCESSING_AND_PRESENTATION,KEGG,2.62634700957395,0.691771313244011,9.46296110069651e-10,9.46296110069651e-10,57
Other,GOBP_ANTIGEN_PROCESSING_AND_PRESENTATION,ANTIGEN_PROCESSING_AND_PRESENTATION,GO:BP,2.43131035512471,0.569758128788601,9.59890867169431e-10,9.59890867169431e-10,113
Immune effector / antimicrobial,GOBP_T_CELL_MEDIATED_IMMUNITY,T_CELL_MEDIATED_IMMUNITY,GO:BP,2.38924802257493,0.547997222175487,1.16366848320218e-09,1.16366848320218e-09,125
Inflammatory signaling (IL/JAK-STAT/TNF),REACTOME_ACTIVATION_OF_NF_KAPPAB_IN_B_CELLS,ACTIVATION_OF_NF_KAPPAB_IN_B_CELLS,Reactome,2.65600282467043,0.702052951608618,1.24658471639162e-09,1.24658471639162e-09,54
Other,REACTOME_TOLL_LIKE_RECEPTOR_CASCADES,TOLL_LIKE_RECEPTOR_CASCADES,Reactome,2.31638074874906,0.51097895245108,1.24658471639162e-09,1.24658471639162e-09,160
Metabolism / MYC-mTOR,HALLMARK_MYC_TARGETS_V2,MYC_TARGETS_V2,Hallmark,2.61018161761482,0.687513401252982,1.32862197016042e-09,1.32862197016042e-09,57
Other,GOBP_NUCLEAR_TRANSPORT,NUCLEAR_TRANSPORT,GO:BP,2.06213106454225,0.416984130661957,1.32862197016042e-09,1.32862197016042e-09,324
Interferon / antiviral,GOBP_INTERFERON_MEDIATED_SIGNALING_PATHWAY,INTERFERON_MEDIATED_SIGNALING_PATHWAY,GO:BP,2.50499761952778,0.608229607350175,1.46760988359905e-09,1.46760988359905e-09,86
Proliferation / cell cycle,GOBP_NEGATIVE_REGULATION_OF_CHROMOSOME_ORGANIZATION,NEGATIVE_REGULATION_OF_CHROMOSOME_ORGANIZATION,GO:BP,2.48086890202561,0.587138572047915,1.75710633735423e-09,1.75710633735423e-09,102
Metabolism / MYC-mTOR,GOBP_TRNA_METABOLIC_PROCESS,TRNA_METABOLIC_PROCESS,GO:BP,2.29114937704088,0.493943051427903,1.8732066013927e-09,1.8732066013927e-09,183
Interferon / antiviral,GOBP_RESPONSE_TO_TYPE_II_INTERFERON,RESPONSE_TO_TYPE_II_INTERFERON,GO:BP,2.37386677836932,0.542675804255036,1.943358441894e-09,1.943358441894e-09,128
Other,GOBP_CELL_KILLING,CELL_KILLING,GO:BP,2.23034451388252,0.472226396636521,2.09206988282073e-09,2.09206988282073e-09,207
Proliferation / cell cycle,GOBP_SPINDLE_ORGANIZATION,SPINDLE_ORGANIZATION,GO:BP,2.23432185061,0.472742123493728,2.41336288316402e-09,2.41336288316402e-09,202
Other,REACTOME_TRANSCRIPTIONAL_REGULATION_BY_TP53,TRANSCRIPTIONAL_REGULATION_BY_TP53,Reactome,2.00271258006442,0.401571339011279,2.54926535436515e-09,2.54926535436515e-09,352
Other,GOBP_VIRAL_PROCESS,VIRAL_PROCESS,GO:BP,1.99172719499049,0.399579439474914,3.98447979128865e-09,3.98447979128865e-09,343
Other,KEGG_PROTEASOME,PROTEASOME,KEGG,2.64784674714507,0.737684138051792,4.26448482764716e-09,4.26448482764716e-09,42
Other,HALLMARK_DNA_REPAIR,DNA_REPAIR,Hallmark,2.30841369523255,0.518799539428968,4.70285429191255e-09,4.70285429191255e-09,147
Other,REACTOME_PROGRAMMED_CELL_DEATH,PROGRAMMED_CELL_DEATH,Reactome,2.21568813425405,0.476207362741402,4.96063779764081e-09,4.96063779764081e-09,188
Metabolism / MYC-mTOR,KEGG_PYRIMIDINE_METABOLISM,PYRIMIDINE_METABOLISM,KEGG,2.43639197806296,0.585674543625956,6.54689720224114e-09,6.54689720224114e-09,93
Immune effector / antimicrobial,GOBP_LEUKOCYTE_CELL_CELL_ADHESION,LEUKOCYTE_CELL_CELL_ADHESION,GO:BP,1.93315569398526,0.383297913382732,7.33694825677838e-09,7.33694825677838e-09,400
Other,GOBP_NEGATIVE_REGULATION_OF_IMMUNE_SYSTEM_PROCESS,NEGATIVE_REGULATION_OF_IMMUNE_SYSTEM_PROCESS,GO:BP,1.85591977464354,0.361723159240989,7.37720712601022e-09,7.37720712601022e-09,499
Other,GOBP_RNA_MODIFICATION,RNA_MODIFICATION,GO:BP,2.25121579224185,0.493137785313644,9.43314953829217e-09,9.43314953829217e-09,168
Other,GOBP_DNA_BIOSYNTHETIC_PROCESS,DNA_BIOSYNTHETIC_PROCESS,GO:BP,2.29130199326441,0.51117027432061,1.41964516963014e-08,1.41964516963014e-08,151
Inflammatory signaling (IL/JAK-STAT/TNF),GOBP_POSITIVE_REGULATION_OF_CANONICAL_NF_KAPPAB_SIGNAL_TRANSDUCTION,POSITIVE_REGULATION_OF_CANONICAL_NF_KAPPAB_SIGNAL_TRANSDUCTION,GO:BP,2.13980405308344,0.452052860608766,1.70110422509996e-08,1.70110422509996e-08,214
Other,GOBP_REGULATION_OF_CELL_KILLING,REGULATION_OF_CELL_KILLING,GO:BP,2.37765135675521,0.565279992027831,1.8269134161781e-08,1.8269134161781e-08,99
Inflammatory signaling (IL/JAK-STAT/TNF),GOBP_REGULATION_OF_INFLAMMATORY_RESPONSE,REGULATION_OF_INFLAMMATORY_RESPONSE,GO:BP,1.92687701558915,0.382590215827936,1.85696556907611e-08,1.85696556907611e-08,390
Proliferation / cell cycle,GOBP_MITOTIC_SPINDLE_ORGANIZATION,MITOTIC_SPINDLE_ORGANIZATION,GO:BP,2.30686429413266,0.525011994212028,2.6156816227816e-08,2.6156816227816e-08,131
Proliferation / cell cycle,GOBP_MEIOTIC_CELL_CYCLE,MEIOTIC_CELL_CYCLE,GO:BP,2.03493355070622,0.420434482864359,2.90859888505492e-08,2.90859888505492e-08,257
Immune effector / antimicrobial,GOBP_DEFENSE_RESPONSE_TO_GRAM_POSITIVE_BACTERIUM,DEFENSE_RESPONSE_TO_GRAM_POSITIVE_BACTERIUM,GO:BP,2.45207015379525,0.602670436127461,2.98934120113267e-08,2.98934120113267e-08,80
Proliferation / cell cycle,GOBP_REGULATION_OF_MITOTIC_NUCLEAR_DIVISION,REGULATION_OF_MITOTIC_NUCLEAR_DIVISION,GO:BP,2.28391623517376,0.524977324633676,3.34270335146562e-08,3.34270335146562e-08,121
Other,GOBP_DOUBLE_STRAND_BREAK_REPAIR_VIA_BREAK_INDUCED_REPLICATION,DOUBLE_STRAND_BREAK_REPAIR_VIA_BREAK_INDUCED_REPLICATION,GO:BP,2.39195698274233,0.925585041896461,6.06655712463419e-08,6.06655712463419e-08,12
Other,REACTOME_RNA_POLYMERASE_II_TRANSCRIPTION_TERMINATION,RNA_POLYMERASE_II_TRANSCRIPTION_TERMINATION,Reactome,2.51119166512913,0.632223447766102,7.23088502511912e-08,7.23088502511912e-08,66
Inflammatory signaling (IL/JAK-STAT/TNF),GOBP_INTERLEUKIN_6_PRODUCTION,INTERLEUKIN_6_PRODUCTION,GO:BP,2.20299638703519,0.49840312163645,1.01989271612633e-07,1.01989271612633e-07,135
Other,REACTOME_CLEC7A_DECTIN_1_SIGNALING,CLEC7A_DECTIN_1_SIGNALING,Reactome,2.35026104603465,0.573561535319308,1.19100146681324e-07,1.19100146681324e-07,87
Other,GOBP_MEMBRANELESS_ORGANELLE_ASSEMBLY,MEMBRANELESS_ORGANELLE_ASSEMBLY,GO:BP,1.83748218770666,0.362789724952068,1.19100146681324e-07,1.19100146681324e-07,419
Other,REACTOME_TERMINATION_OF_TRANSLESION_DNA_SYNTHESIS,TERMINATION_OF_TRANSLESION_DNA_SYNTHESIS,Reactome,2.48182867792413,0.748831496164167,1.42204343419905e-07,1.42204343419905e-07,32
Other,KEGG_CYTOSOLIC_DNA_SENSING_PATHWAY,CYTOSOLIC_DNA_SENSING_PATHWAY,KEGG,2.49513339411564,0.711937388194229,1.77080025409273e-07,1.77080025409273e-07,38
RNA processing / translation,REACTOME_REGULATION_OF_MRNA_STABILITY_BY_PROTEINS_THAT_BIND_AU_RICH_ELEMENTS,REGULATION_OF_MRNA_STABILITY_BY_PROTEINS_THAT_BIND_AU_RICH_ELEMENTS,Reactome,2.43112530712631,0.602447922992947,2.11468540878201e-07,2.11468540878201e-07,74
Interferon / antiviral,GOBP_POSITIVE_REGULATION_OF_INTERFERON_BETA_PRODUCTION,POSITIVE_REGULATION_OF_INTERFERON_BETA_PRODUCTION,GO:BP,2.49207749274882,0.704536568728309,2.32316244118274e-07,2.32316244118274e-07,40
Other,REACTOME_REGULATION_OF_TP53_ACTIVITY,REGULATION_OF_TP53_ACTIVITY,Reactome,2.12330340807572,0.469771723577456,2.76053779203318e-07,2.76053779203318e-07,157
Other,REACTOME_TRANSLESION_SYNTHESIS_BY_Y_FAMILY_DNA_POLYMERASES_BYPASSES_LESIONS_ON_DNA_TEMPLATE,TRANSLESION_SYNTHESIS_BY_Y_FAMILY_DNA_POLYMERASES_BYPASSES_LESIONS_ON_DNA_TEMPLATE,Reactome,2.46647395263923,0.703759978537517,3.64054826691073e-07,3.64054826691073e-07,38
Other,REACTOME_BASE_EXCISION_REPAIR,BASE_EXCISION_REPAIR,Reactome,2.41458592524945,0.670118851200331,4.15424808186622e-07,4.15424808186622e-07,44
Proliferation / cell cycle,GOBP_DNA_REPLICATION_INITIATION,DNA_REPLICATION_INITIATION,GO:BP,2.46210422173084,0.696062809153009,4.8646633657987e-07,4.8646633657987e-07,40
Other,REACTOME_IMMUNOREGULATORY_INTERACTIONS_BETWEEN_A_LYMPHOID_AND_A_NON_LYMPHOID_CELL,IMMUNOREGULATORY_INTERACTIONS_BETWEEN_A_LYMPHOID_AND_A_NON_LYMPHOID_CELL,Reactome,2.20306982141003,0.517832914984757,6.53363388052712e-07,6.53363388052712e-07,112
Proliferation / cell cycle,GOBP_CELL_CYCLE_G2_M_PHASE_TRANSITION,CELL_CYCLE_G2_M_PHASE_TRANSITION,GO:BP,2.1235324720961,0.475577980507452,6.53363388052712e-07,6.53363388052712e-07,149
Proliferation / cell cycle,REACTOME_SUMOYLATION_OF_DNA_REPLICATION_PROTEINS,SUMOYLATION_OF_DNA_REPLICATION_PROTEINS,Reactome,2.42154656722487,0.670530430774564,1.06361442586627e-06,1.06361442586627e-06,45
Immune effector / antimicrobial,GOBP_PRODUCTION_OF_MOLECULAR_MEDIATOR_OF_IMMUNE_RESPONSE,PRODUCTION_OF_MOLECULAR_MEDIATOR_OF_IMMUNE_RESPONSE,GO:BP,2.0307099879166,0.437548045351878,1.18477936736658e-06,1.18477936736658e-06,184
Immune effector / antimicrobial,GOBP_CELL_ACTIVATION_INVOLVED_IN_IMMUNE_RESPONSE,CELL_ACTIVATION_INVOLVED_IN_IMMUNE_RESPONSE,GO:BP,1.86337785215162,0.379725483284268,1.20590652748197e-06,1.20590652748197e-06,296
Immune effector / antimicrobial,REACTOME_ANTIMICROBIAL_PEPTIDES,ANTIMICROBIAL_PEPTIDES,Reactome,2.41766828898534,0.717770907055372,1.47824355204945e-06,1.47824355204945e-06,34
Other,GOBP_MACROMOLECULE_METHYLATION,MACROMOLECULE_METHYLATION,GO:BP,2.15193700028507,0.501525263891292,1.50229213471907e-06,1.50229213471907e-06,116
Other,REACTOME_INFLUENZA_INFECTION,INFLUENZA_INFECTION,Reactome,2.05009991783171,0.453828872148745,1.51431581130742e-06,1.51431581130742e-06,155
Other,GOBP_DNA_STRAND_ELONGATION,DNA_STRAND_ELONGATION,GO:BP,2.3956209029673,0.700783034277926,1.77812707883426e-06,1.77812707883426e-06,36
Other,GOBP_RNA_5_END_PROCESSING,RNA_5_END_PROCESSING,GO:BP,2.39749984564967,0.694397665447051,1.82114780239749e-06,1.82114780239749e-06,37
Other,GOBP_TELOMERE_MAINTENANCE_VIA_TELOMERE_LENGTHENING,TELOMERE_MAINTENANCE_VIA_TELOMERE_LENGTHENING,GO:BP,2.3027869174424,0.57389480750753,2.17525931639243e-06,2.17525931639243e-06,70
Immune effector / antimicrobial,KEGG_ALLOGRAFT_REJECTION,ALLOGRAFT_REJECTION,KEGG,2.39812592656407,0.725506149052614,2.37595293114168e-06,2.37595293114168e-06,30
Inflammatory signaling (IL/JAK-STAT/TNF),REACTOME_TNFR2_NON_CANONICAL_NF_KB_PATHWAY,TNFR2_NON_CANONICAL_NF_KB_PATHWAY,Reactome,2.26531753840914,0.550058017004648,2.37595293114168e-06,2.37595293114168e-06,85
Other,REACTOME_RESOLUTION_OF_AP_SITES_VIA_THE_MULTIPLE_NUCLEOTIDE_PATCH_REPLACEMENT_PATHWAY,RESOLUTION_OF_AP_SITES_VIA_THE_MULTIPLE_NUCLEOTIDE_PATCH_REPLACEMENT_PATHWAY,Reactome,2.3921227685775,0.765158508889193,2.4454902135737e-06,2.4454902135737e-06,24
Immune effector / antimicrobial,GOBP_T_CELL_PROLIFERATION,T_CELL_PROLIFERATION,GO:BP,1.99572634361704,0.425747486951801,3.09173869401886e-06,3.09173869401886e-06,194
RNA processing / translation,GOBP_REGULATION_OF_TRANSLATION,REGULATION_OF_TRANSLATION,GO:BP,1.78890171567691,0.358336104127,3.67876214976189e-06,3.67876214976189e-06,345
Other,KEGG_GRAFT_VERSUS_HOST_DISEASE,GRAFT_VERSUS_HOST_DISEASE,KEGG,2.36974221438963,0.716919211441293,3.87024181977122e-06,3.87024181977122e-06,30
Immune effector / antimicrobial,REACTOME_INTERACTIONS_OF_REV_WITH_HOST_CELLULAR_PROTEINS,INTERACTIONS_OF_REV_WITH_HOST_CELLULAR_PROTEINS,Reactome,2.35529705915515,0.688987234038655,4.32493763206171e-06,4.32493763206171e-06,36
Inflammatory signaling (IL/JAK-STAT/TNF),HALLMARK_IL6_JAK_STAT3_SIGNALING,IL6_JAK_STAT3_SIGNALING,Hallmark,2.24264784674191,0.551198567375539,4.41457939894159e-06,4.41457939894159e-06,80
Other,REACTOME_CYTOSOLIC_SENSORS_OF_PATHOGEN_ASSOCIATED_DNA,CYTOSOLIC_SENSORS_OF_PATHOGEN_ASSOCIATED_DNA,Reactome,2.25728075547744,0.584761903561391,4.42320221208244e-06,4.42320221208244e-06,61
Other,HALLMARK_UNFOLDED_PROTEIN_RESPONSE,UNFOLDED_PROTEIN_RESPONSE,Hallmark,2.10888595582136,0.494590407926683,5.3752832325149e-06,5.3752832325149e-06,107
Other,KEGG_RIG_I_LIKE_RECEPTOR_SIGNALING_PATHWAY,RIG_I_LIKE_RECEPTOR_SIGNALING_PATHWAY,KEGG,2.35656638344861,0.629577276980097,5.46097387496374e-06,5.46097387496374e-06,52
Other,GOBP_REGULATION_OF_CATALYTIC_ACTIVITY,REGULATION_OF_CATALYTIC_ACTIVITY,GO:BP,1.66405969304515,0.325159549291703,5.86611307246822e-06,5.86611307246822e-06,478
Other,REACTOME_NS1_MEDIATED_EFFECTS_ON_HOST_PATHWAYS,NS1_MEDIATED_EFFECTS_ON_HOST_PATHWAYS,Reactome,2.38398081306976,0.667764508172718,5.8864410389408e-06,5.8864410389408e-06,41
Inflammatory signaling (IL/JAK-STAT/TNF),GOBP_PRODUCTION_OF_MOLECULAR_MEDIATOR_INVOLVED_IN_INFLAMMATORY_RESPONSE,PRODUCTION_OF_MOLECULAR_MEDIATOR_INVOLVED_IN_INFLAMMATORY_RESPONSE,GO:BP,2.16080282474115,0.514083634136627,6.01828854799931e-06,6.01828854799931e-06,97
Other,KEGG_TOLL_LIKE_RECEPTOR_SIGNALING_PATHWAY,TOLL_LIKE_RECEPTOR_SIGNALING_PATHWAY,KEGG,2.2203899937371,0.539148837292675,6.26570886831955e-06,6.26570886831955e-06,85
Interferon / antiviral,REACTOME_DDX58_IFIH1_MEDIATED_INDUCTION_OF_INTERFERON_ALPHA_BETA,DDX58_IFIH1_MEDIATED_INDUCTION_OF_INTERFERON_ALPHA_BETA,Reactome,2.28229268586173,0.57617434236907,6.75699074922277e-06,6.75699074922277e-06,67
Immune effector / antimicrobial,GOBP_ALPHA_BETA_T_CELL_ACTIVATION,ALPHA_BETA_T_CELL_ACTIVATION,GO:BP,1.95956801362749,0.414871591203067,6.92467727335443e-06,6.92467727335443e-06,201
Other,GOBP_RNA_3_END_PROCESSING,RNA_3_END_PROCESSING,GO:BP,2.17057674165976,0.529711084892142,7.09880035645187e-06,7.09880035645187e-06,87
Other,GOBP_PROTEIN_FOLDING,PROTEIN_FOLDING,GO:BP,1.91951075014841,0.405602265001815,7.18608518816817e-06,7.18608518816817e-06,211
Other,REACTOME_DISEASES_OF_PROGRAMMED_CELL_DEATH,DISEASES_OF_PROGRAMMED_CELL_DEATH,Reactome,2.26220912453136,0.627829792203088,8.30864986898759e-06,8.30864986898759e-06,44
Other,KEGG_BASE_EXCISION_REPAIR,BASE_EXCISION_REPAIR,KEGG,2.33948900729264,0.694560603892956,8.57149963309011e-06,8.57149963309011e-06,34
Inflammatory signaling (IL/JAK-STAT/TNF),GOBP_INTERLEUKIN_2_PRODUCTION,INTERLEUKIN_2_PRODUCTION,GO:BP,2.21827956694064,0.548534579365473,8.8380121740748e-06,8.8380121740748e-06,73
Inflammatory signaling (IL/JAK-STAT/TNF),GOBP_POSITIVE_REGULATION_OF_NF_KAPPAB_TRANSCRIPTION_FACTOR_ACTIVITY,POSITIVE_REGULATION_OF_NF_KAPPAB_TRANSCRIPTION_FACTOR_ACTIVITY,GO:BP,2.235251047987,0.554701511994689,9.89843570990001e-06,9.89843570990001e-06,76
Proliferation / cell cycle,GOBP_KINETOCHORE_ORGANIZATION,KINETOCHORE_ORGANIZATION,GO:BP,2.32288823221906,0.706605012519247,9.97166808041935e-06,9.97166808041935e-06,31
Other,GOBP_ESTABLISHMENT_OF_PROTEIN_LOCALIZATION_TO_ORGANELLE,ESTABLISHMENT_OF_PROTEIN_LOCALIZATION_TO_ORGANELLE,GO:BP,1.67958178532779,0.328896032269431,1.0552632687856e-05,1.0552632687856e-05,439
Other,REACTOME_SNRNP_ASSEMBLY,SNRNP_ASSEMBLY,Reactome,2.28898071301333,0.608204006121564,1.14882944885728e-05,1.14882944885728e-05,53
RNA processing / translation,GOBP_TRANSLATIONAL_INITIATION,TRANSLATIONAL_INITIATION,GO:BP,2.00039663340112,0.458417924102256,1.14882944885728e-05,1.14882944885728e-05,124
Proliferation / cell cycle,REACTOME_E2F_MEDIATED_REGULATION_OF_DNA_REPLICATION,E2F_MEDIATED_REGULATION_OF_DNA_REPLICATION,Reactome,2.34625098043242,0.763467421657476,1.16829213912586e-05,1.16829213912586e-05,22
Keratinocyte / epidermis,GOBP_KERATINOCYTE_DIFFERENTIATION,KERATINOCYTE_DIFFERENTIATION,GO:BP,1.94010418079809,0.426266204867583,1.50697763566781e-05,1.50697763566781e-05,163
Inflammatory signaling (IL/JAK-STAT/TNF),GOBP_POSITIVE_REGULATION_OF_CHEMOKINE_PRODUCTION,POSITIVE_REGULATION_OF_CHEMOKINE_PRODUCTION,GO:BP,2.22302677880651,0.580210118207014,1.70523593232043e-05,1.70523593232043e-05,60
Other,GOBP_INTRINSIC_APOPTOTIC_SIGNALING_PATHWAY,INTRINSIC_APOPTOTIC_SIGNALING_PATHWAY,GO:BP,1.74329348538336,0.353519154435701,1.71168980163319e-05,1.71168980163319e-05,310
Other,GOBP_SIGNAL_TRANSDUCTION_IN_RESPONSE_TO_DNA_DAMAGE,SIGNAL_TRANSDUCTION_IN_RESPONSE_TO_DNA_DAMAGE,GO:BP,1.92439112720355,0.412806941743777,1.82397999097371e-05,1.82397999097371e-05,190
Other,GOBP_ANTIGEN_PROCESSING_AND_PRESENTATION_OF_ENDOGENOUS_PEPTIDE_ANTIGEN,ANTIGEN_PROCESSING_AND_PRESENTATION_OF_ENDOGENOUS_PEPTIDE_ANTIGEN,GO:BP,2.29676589030524,0.734657094936044,2.15318753533726e-05,2.15318753533726e-05,24
Other,KEGG_NATURAL_KILLER_CELL_MEDIATED_CYTOTOXICITY,NATURAL_KILLER_CELL_MEDIATED_CYTOTOXICITY,KEGG,2.0659544427734,0.490447310839591,2.61774899100808e-05,2.61774899100808e-05,101
Immune effector / antimicrobial,GOBP_LEUKOCYTE_HOMEOSTASIS,LEUKOCYTE_HOMEOSTASIS,GO:BP,2.00434121996449,0.464002132925624,2.63949061554644e-05,2.63949061554644e-05,119
Other,GOBP_POSITIVE_REGULATION_OF_DNA_BIOSYNTHETIC_PROCESS,POSITIVE_REGULATION_OF_DNA_BIOSYNTHETIC_PROCESS,GO:BP,2.20420586073572,0.611732174763118,2.67847967574552e-05,2.67847967574552e-05,44
Inflammatory signaling (IL/JAK-STAT/TNF),GOBP_PYROPTOTIC_INFLAMMATORY_RESPONSE,PYROPTOTIC_INFLAMMATORY_RESPONSE,GO:BP,2.2659600186969,0.66285376600613,2.72928707261189e-05,2.72928707261189e-05,36
Inflammatory signaling (IL/JAK-STAT/TNF),GOBP_POSITIVE_REGULATION_OF_INTERLEUKIN_1_PRODUCTION,POSITIVE_REGULATION_OF_INTERLEUKIN_1_PRODUCTION,GO:BP,2.19541697772668,0.565275481605831,2.85560222179096e-05,2.85560222179096e-05,62
Immune effector / antimicrobial,GOBP_MYELOID_LEUKOCYTE_ACTIVATION,MYELOID_LEUKOCYTE_ACTIVATION,GO:BP,1.86407189885669,0.389484778548891,3.05329629741224e-05,3.05329629741224e-05,228
Immune effector / antimicrobial,REACTOME_REGULATION_OF_T_CELL_ACTIVATION_BY_CD28_FAMILY,REGULATION_OF_T_CELL_ACTIVATION_BY_CD28_FAMILY,Reactome,1.83315484988216,0.38893793095374,3.06238535709266e-05,3.06238535709266e-05,203
Immune effector / antimicrobial,GOBP_MYELOID_CELL_ACTIVATION_INVOLVED_IN_IMMUNE_RESPONSE,MYELOID_CELL_ACTIVATION_INVOLVED_IN_IMMUNE_RESPONSE,GO:BP,2.09421066779878,0.500703576860424,3.10369416326669e-05,3.10369416326669e-05,95
Proliferation / cell cycle,GOBP_POSITIVE_REGULATION_OF_CHROMOSOME_SEGREGATION,POSITIVE_REGULATION_OF_CHROMOSOME_SEGREGATION,GO:BP,2.29759591933126,0.700883605654085,3.15757241286817e-05,3.15757241286817e-05,29
Other,GOBP_INTERSTRAND_CROSS_LINK_REPAIR,INTERSTRAND_CROSS_LINK_REPAIR,GO:BP,2.28975096706188,0.641370274448321,3.23379762257161e-05,3.23379762257161e-05,41
Other,GOBP_POSITIVE_REGULATION_OF_TELOMERE_MAINTENANCE_VIA_TELOMERE_LENGTHENING,POSITIVE_REGULATION_OF_TELOMERE_MAINTENANCE_VIA_TELOMERE_LENGTHENING,GO:BP,2.26526896956215,0.707611614570656,3.31354495629157e-05,3.31354495629157e-05,26
Metabolism / MYC-mTOR,HALLMARK_OXIDATIVE_PHOSPHORYLATION,OXIDATIVE_PHOSPHORYLATION,Hallmark,1.84783262504485,0.398621899167782,3.53129048233831e-05,3.53129048233831e-05,185
Interferon / antiviral,REACTOME_SARS_COV_1_ACTIVATES_MODULATES_INNATE_IMMUNE_RESPONSES,SARS_COV_1_ACTIVATES_MODULATES_INNATE_IMMUNE_RESPONSES,Reactome,2.29273201934717,0.650502193025871,3.93454026314659e-05,3.93454026314659e-05,39
Inflammatory signaling (IL/JAK-STAT/TNF),REACTOME_INTERLEUKIN_12_FAMILY_SIGNALING,INTERLEUKIN_12_FAMILY_SIGNALING,Reactome,2.15286880081642,0.57928106749965,4.26121428498007e-05,4.26121428498007e-05,51
Metabolism / MYC-mTOR,REACTOME_METABOLISM_OF_NUCLEOTIDES,METABOLISM_OF_NUCLEOTIDES,Reactome,2.0544172330524,0.499242821950277,5.9350621835083e-05,5.9350621835083e-05,88
Other,GOBP_POSITIVE_REGULATION_OF_MOLECULAR_FUNCTION,POSITIVE_REGULATION_OF_MOLECULAR_FUNCTION,GO:BP,1.61804032867604,0.317974728075511,6.30446162590802e-05,6.30446162590802e-05,427
Inflammatory signaling (IL/JAK-STAT/TNF),GOBP_NON_CANONICAL_NF_KAPPAB_SIGNAL_TRANSDUCTION,NON_CANONICAL_NF_KAPPAB_SIGNAL_TRANSDUCTION,GO:BP,1.95655687051335,0.448124991306888,6.34026345344099e-05,6.34026345344099e-05,122
Other,GOBP_PROTEIN_LOCALIZATION_TO_MITOCHONDRION,PROTEIN_LOCALIZATION_TO_MITOCHONDRION,GO:BP,2.16290158838001,0.546033560031033,6.76017828180104e-05,6.76017828180104e-05,67
Other,GOBP_TELOMERASE_RNA_LOCALIZATION,TELOMERASE_RNA_LOCALIZATION,GO:BP,2.27999365010723,0.767503449394918,7.41697295438602e-05,7.41697295438602e-05,19
Immune effector / antimicrobial,GOBP_HUMORAL_IMMUNE_RESPONSE,HUMORAL_IMMUNE_RESPONSE,GO:BP,1.82013727108847,0.391573077756297,7.7649764731523e-05,7.7649764731523e-05,189
RNA processing / translation,GOBP_NEGATIVE_REGULATION_OF_MRNA_METABOLIC_PROCESS,NEGATIVE_REGULATION_OF_MRNA_METABOLIC_PROCESS,GO:BP,1.95629994689208,0.458804889894323,7.76549285074903e-05,7.76549285074903e-05,107
Inflammatory signaling (IL/JAK-STAT/TNF),GOBP_INTERLEUKIN_12_PRODUCTION,INTERLEUKIN_12_PRODUCTION,GO:BP,2.13429911722332,0.561191499717885,7.91674615611967e-05,7.91674615611967e-05,58
Other,GOBP_RNA_SURVEILLANCE,RNA_SURVEILLANCE,GO:BP,2.20768721659803,0.629920257827201,7.96134873809415e-05,7.96134873809415e-05,38
Other,GOBP_PHAGOCYTOSIS,PHAGOCYTOSIS,GO:BP,1.79893787255156,0.379793058250923,8.27417895659139e-05,8.27417895659139e-05,216
Other,GOBP_PROTEIN_LOCALIZATION_TO_NUCLEUS,PROTEIN_LOCALIZATION_TO_NUCLEUS,GO:BP,1.7054895848546,0.345573490370957,9.95999634490077e-05,9.95999634490077e-05,312
Metabolism / MYC-mTOR,REACTOME_RESPIRATORY_ELECTRON_TRANSPORT,RESPIRATORY_ELECTRON_TRANSPORT,Reactome,1.85047332662409,0.412825092796159,0.00015907757707592,0.00015907757707592,151
Other,GOBP_ARP2_3_COMPLEX_MEDIATED_ACTIN_NUCLEATION,ARP2_3_COMPLEX_MEDIATED_ACTIN_NUCLEATION,GO:BP,2.07914700575971,0.577024651890309,0.000189838611513962,0.000189838611513962,44
Other,GOBP_RESPONSE_TO_TUMOR_NECROSIS_FACTOR,RESPONSE_TO_TUMOR_NECROSIS_FACTOR,GO:BP,1.7825362825227,0.378258772853687,0.000191965583265583,0.000191965583265583,204
Other,KEGG_NOD_LIKE_RECEPTOR_SIGNALING_PATHWAY,NOD_LIKE_RECEPTOR_SIGNALING_PATHWAY,KEGG,2.07871520299573,0.542544788550136,0.00021583977495266,0.00021583977495266,60
Other,KEGG_FC_GAMMA_R_MEDIATED_PHAGOCYTOSIS,FC_GAMMA_R_MEDIATED_PHAGOCYTOSIS,KEGG,1.98824374482257,0.475368008582163,0.000221447368435047,0.000221447368435047,95
Other,REACTOME_NUCLEOTIDE_BINDING_DOMAIN_LEUCINE_RICH_REPEAT_CONTAINING_RECEPTOR_NLR_SIGNALING_PATHWAYS,NUCLEOTIDE_BINDING_DOMAIN_LEUCINE_RICH_REPEAT_CONTAINING_RECEPTOR_NLR_SIGNALING_PATHWAYS,Reactome,2.03421332885547,0.535895630066262,0.000242505138494276,0.000242505138494276,56
Metabolism / MYC-mTOR,GOBP_SNRNA_METABOLIC_PROCESS,SNRNA_METABOLIC_PROCESS,GO:BP,2.02962318854924,0.534686397928902,0.000255611222928949,0.000255611222928949,56
Other,REACTOME_MHC_CLASS_II_ANTIGEN_PRESENTATION,MHC_CLASS_II_ANTIGEN_PRESENTATION,Reactome,1.8839043807776,0.439058225956561,0.000281120446772718,0.000281120446772718,116
Other,KEGG_RNA_DEGRADATION,RNA_DEGRADATION,KEGG,2.14099066991552,0.571984343607861,0.000291674351814873,0.000291674351814873,52
Other,GOBP_RESPONSE_TO_IONIZING_RADIATION,RESPONSE_TO_IONIZING_RADIATION,GO:BP,1.86741074305766,0.424946838392894,0.000292080359762712,0.000292080359762712,130
Other,REACTOME_MITOCHONDRIAL_PROTEIN_IMPORT,MITOCHONDRIAL_PROTEIN_IMPORT,Reactome,2.05441324426073,0.536201975910756,0.000324424578191454,0.000324424578191454,60
Other,GOBP_INNER_CELL_MASS_CELL_PROLIFERATION,INNER_CELL_MASS_CELL_PROLIFERATION,GO:BP,2.15693908612318,0.777175470158933,0.000328655991537096,0.000328655991537096,15
Other,KEGG_APOPTOSIS,APOPTOSIS,KEGG,1.96604708548453,0.479390247444969,0.000342016732152762,0.000342016732152762,82
Immune effector / antimicrobial,HALLMARK_COMPLEMENT,COMPLEMENT,Hallmark,1.74871790465095,0.376788465908348,0.00034967917245957,0.00034967917245957,184
Immune effector / antimicrobial,GOBP_MACROPHAGE_ACTIVATION_INVOLVED_IN_IMMUNE_RESPONSE,MACROPHAGE_ACTIVATION_INVOLVED_IN_IMMUNE_RESPONSE,GO:BP,2.17088099563166,0.715629403010496,0.000419347202397527,0.000419347202397527,21
Other,GOBP_CELLULAR_RESPONSE_TO_DSRNA,CELLULAR_RESPONSE_TO_DSRNA,GO:BP,2.13883545878845,0.745417642957288,0.000440029204640568,0.000440029204640568,17
RNA processing / translation,GOBP_REGULATION_OF_POST_TRANSLATIONAL_PROTEIN_MODIFICATION,REGULATION_OF_POST_TRANSLATIONAL_PROTEIN_MODIFICATION,GO:BP,1.69080789310588,0.354564722421444,0.000454906239015446,0.000454906239015446,225
Proliferation / cell cycle,GOBP_REGULATION_OF_ATTACHMENT_OF_SPINDLE_MICROTUBULES_TO_KINETOCHORE,REGULATION_OF_ATTACHMENT_OF_SPINDLE_MICROTUBULES_TO_KINETOCHORE,GO:BP,2.16546603476245,0.701248978403388,0.00047775264781862,0.00047775264781862,23
RNA processing / translation,GOBP_HISTONE_MRNA_METABOLIC_PROCESS,HISTONE_MRNA_METABOLIC_PROCESS,GO:BP,2.10520983151905,0.648531883507788,0.000594256307430644,0.000594256307430644,28
Other,GOBP_NECROPTOTIC_PROCESS,NECROPTOTIC_PROCESS,GO:BP,2.07776113692348,0.587404968868134,0.000617652570826761,0.000617652570826761,40
Immune effector / antimicrobial,GOBP_CELLULAR_DEFENSE_RESPONSE,CELLULAR_DEFENSE_RESPONSE,GO:BP,2.07556689824236,0.586784634470079,0.000617652570826761,0.000617652570826761,40
Other,REACTOME_INTRA_GOLGI_AND_RETROGRADE_GOLGI_TO_ER_TRAFFIC,INTRA_GOLGI_AND_RETROGRADE_GOLGI_TO_ER_TRAFFIC,Reactome,1.70850739699167,0.364475186206865,0.000698881800104794,0.000698881800104794,194
Other,GOBP_POSITIVE_REGULATION_OF_TRANSCRIPTION_BY_RNA_POLYMERASE_I,POSITIVE_REGULATION_OF_TRANSCRIPTION_BY_RNA_POLYMERASE_I,GO:BP,2.08758855320308,0.623235347925879,0.0007566507841119,0.0007566507841119,33
Other,REACTOME_ASSOCIATION_OF_TRIC_CCT_WITH_TARGET_PROTEINS_DURING_BIOSYNTHESIS,ASSOCIATION_OF_TRIC_CCT_WITH_TARGET_PROTEINS_DURING_BIOSYNTHESIS,Reactome,2.06600642129065,0.598385871993285,0.0007967565378658,0.0007967565378658,37
Proliferation / cell cycle,GOBP_SISTER_CHROMATID_COHESION,SISTER_CHROMATID_COHESION,GO:BP,1.95744518466377,0.515584734637821,0.000828960109501264,0.000828960109501264,57
Other,REACTOME_GLYCOSPHINGOLIPID_CATABOLISM,GLYCOSPHINGOLIPID_CATABOLISM,Reactome,2.07709709628542,0.62010319490066,0.000873559911075387,0.000873559911075387,33
Other,GOBP_B_CELL_ACTIVATION,B_CELL_ACTIVATION,GO:BP,1.63132397453403,0.338679553357747,0.000875883095690613,0.000875883095690613,246
Other,HALLMARK_PI3K_AKT_MTOR_SIGNALING,PI3K_AKT_MTOR_SIGNALING,Hallmark,1.85615078305557,0.439831657572657,0.00087920783165966,0.00087920783165966,100
Other,KEGG_LEISHMANIA_INFECTION,LEISHMANIA_INFECTION,KEGG,1.97141050107441,0.497690833446786,0.000879923357825488,0.000879923357825488,67
Other,REACTOME_NON_CANONICAL_INFLAMMASOME_ACTIVATION,NON_CANONICAL_INFLAMMASOME_ACTIVATION,Reactome,2.07618227250109,0.77190697751154,0.00088131356373306,0.00088131356373306,14
Other,REACTOME_CELLULAR_SENESCENCE,CELLULAR_SENESCENCE,Reactome,1.77925907101146,0.406746012934426,0.000965174681592448,0.000965174681592448,128
Immune effector / antimicrobial,GOBP_LEUKOCYTE_MIGRATION,LEUKOCYTE_MIGRATION,GO:BP,1.55964624735183,0.311806017335076,0.00101578649137292,0.00101578649137292,357
Proliferation / cell cycle,REACTOME_TRANSCRIPTIONAL_REGULATION_BY_E2F6,TRANSCRIPTIONAL_REGULATION_BY_E2F6,Reactome,2.05293523070115,0.609486913229406,0.00102885928123165,0.00102885928123165,34
Interferon / antiviral,REACTOME_RESPIRATORY_SYNCYTIAL_VIRUS_INFECTION_PATHWAY,RESPIRATORY_SYNCYTIAL_VIRUS_INFECTION_PATHWAY,Reactome,1.80638637609087,0.427732146402559,0.00106164132531866,0.00106164132531866,103
Other,GOBP_MITOCHONDRION_ORGANIZATION,MITOCHONDRION_ORGANIZATION,GO:BP,1.51223930906767,0.300396534635398,0.00109322036566729,0.00109322036566729,382
Immune effector / antimicrobial,GOBP_LYMPHOCYTE_MIGRATION,LYMPHOCYTE_MIGRATION,GO:BP,1.78789848528279,0.419310223355872,0.00114745827323294,0.00114745827323294,107
Other,GOBP_TRANSCRIPTION_ELONGATION_BY_RNA_POLYMERASE_II,TRANSCRIPTION_ELONGATION_BY_RNA_POLYMERASE_II,GO:BP,1.77358105505628,0.40205980555543,0.00120387513384998,0.00120387513384998,134
Other,GOBP_DETECTION_OF_OTHER_ORGANISM,DETECTION_OF_OTHER_ORGANISM,GO:BP,2.05763298881332,0.717117310866544,0.00120669441907522,0.00120669441907522,17
Other,GOBP_ATP_SYNTHESIS_COUPLED_ELECTRON_TRANSPORT,ATP_SYNTHESIS_COUPLED_ELECTRON_TRANSPORT,GO:BP,1.86929930843934,0.444731083636331,0.00126819617522521,0.00126819617522521,97
RNA processing / translation,GOBP_POSITIVE_REGULATION_OF_MRNA_PROCESSING,POSITIVE_REGULATION_OF_MRNA_PROCESSING,GO:BP,2.05647151842166,0.669173511689722,0.00135172816112256,0.00135172816112256,22
Other,REACTOME_LEISHMANIA_INFECTION,LEISHMANIA_INFECTION,Reactome,1.71581903423828,0.378295206082798,0.00142327466134531,0.00142327466134531,161
Proliferation / cell cycle,GOBP_SPINDLE_ELONGATION,SPINDLE_ELONGATION,GO:BP,2.03761244979007,0.757567044228056,0.00146486448909933,0.00146486448909933,14
Other,REACTOME_INFECTION_WITH_MYCOBACTERIUM_TUBERCULOSIS,INFECTION_WITH_MYCOBACTERIUM_TUBERCULOSIS,Reactome,2.0436073599045,0.633399224246649,0.00151062955988401,0.00151062955988401,27
Inflammatory signaling (IL/JAK-STAT/TNF),HALLMARK_INFLAMMATORY_RESPONSE,INFLAMMATORY_RESPONSE,Hallmark,1.68791641503041,0.363893595480961,0.00157496448427844,0.00157496448427844,183
Other,KEGG_PRIMARY_IMMUNODEFICIENCY,PRIMARY_IMMUNODEFICIENCY,KEGG,2.06005666500279,0.62842205240299,0.00176626214220727,0.00176626214220727,29
Other,KEGG_FC_EPSILON_RI_SIGNALING_PATHWAY,FC_EPSILON_RI_SIGNALING_PATHWAY,KEGG,1.90954993408625,0.479587855039261,0.00182784755544515,0.00182784755544515,68
Other,GOBP_RESPONSE_TO_FUNGUS,RESPONSE_TO_FUNGUS,GO:BP,1.94234573204699,0.513414195783922,0.00188965100639343,0.00188965100639343,54
Other,REACTOME_COOPERATION_OF_PREFOLDIN_AND_TRIC_CCT_IN_ACTIN_AND_TUBULIN_FOLDING,COOPERATION_OF_PREFOLDIN_AND_TRIC_CCT_IN_ACTIN_AND_TUBULIN_FOLDING,Reactome,1.97114096054011,0.599606155724971,0.00215846477432582,0.00215846477432582,31
Other,REACTOME_INTRINSIC_PATHWAY_FOR_APOPTOSIS,INTRINSIC_PATHWAY_FOR_APOPTOSIS,Reactome,1.9093617976777,0.507335639781026,0.00226463605522708,0.00226463605522708,53
Interferon / antiviral,GOBP_RESPONSE_TO_INTERFERON_BETA,RESPONSE_TO_INTERFERON_BETA,GO:BP,1.93029240290655,0.582418827278547,0.00246185066509043,0.00246185066509043,32
Other,GOBP_PROTEIN_DNA_COMPLEX_ORGANIZATION,PROTEIN_DNA_COMPLEX_ORGANIZATION,GO:BP,1.66886274988203,0.369434725089427,0.00257780148156721,0.00257780148156721,155
Other,GOBP_PROTEIN_INSERTION_INTO_MEMBRANE,PROTEIN_INSERTION_INTO_MEMBRANE,GO:BP,1.88323790987726,0.474128351443538,0.00263186819912219,0.00263186819912219,66
Other,GOBP_DENDRITIC_CELL_MIGRATION,DENDRITIC_CELL_MIGRATION,GO:BP,1.96677979598482,0.587168716059223,0.00320070444392133,0.00320070444392133,33
Other,GOBP_GLYCOSYL_COMPOUND_BIOSYNTHETIC_PROCESS,GLYCOSYL_COMPOUND_BIOSYNTHETIC_PROCESS,GO:BP,1.98885990694364,0.647172769603844,0.00326098950500775,0.00326098950500775,22
Other,GOBP_MACROAUTOPHAGY,MACROAUTOPHAGY,GO:BP,1.46549766918031,0.292460680030577,0.00336163172782395,0.00336163172782395,364
RNA processing / translation,GOBP_MITOCHONDRIAL_RNA_PROCESSING,MITOCHONDRIAL_RNA_PROCESSING,GO:BP,1.95099046251915,0.601022995627135,0.00374226388851999,0.00374226388851999,28
Other,GOBP_POSITIVE_REGULATION_OF_PROTEIN_CONTAINING_COMPLEX_ASSEMBLY,POSITIVE_REGULATION_OF_PROTEIN_CONTAINING_COMPLEX_ASSEMBLY,GO:BP,1.59691637517069,0.342893203056578,0.00378033974914453,0.00378033974914453,187
Other,GOBP_DNA_TEMPLATED_TRANSCRIPTION_INITIATION,DNA_TEMPLATED_TRANSCRIPTION_INITIATION,GO:BP,1.57294356931393,0.326679545135209,0.00381992761159718,0.00381992761159718,239
Other,REACTOME_RNA_POLYMERASE_II_TRANSCRIBES_SNRNA_GENES,RNA_POLYMERASE_II_TRANSCRIBES_SNRNA_GENES,Reactome,1.83223343416216,0.452017582001295,0.00390293205799529,0.00390293205799529,78
RNA processing / translation,GOBP_REGULATION_OF_TRANSCRIPTION_OF_NUCLEOLAR_LARGE_RRNA_BY_RNA_POLYMERASE_I,REGULATION_OF_TRANSCRIPTION_OF_NUCLEOLAR_LARGE_RRNA_BY_RNA_POLYMERASE_I,GO:BP,1.97327917270811,0.784526904526869,0.00424468510242783,0.00424468510242783,11
Other,REACTOME_DAP12_INTERACTIONS,DAP12_INTERACTIONS,Reactome,1.93570775686407,0.560646938014681,0.0042595384610566,0.0042595384610566,37
Other,GOBP_EXECUTION_PHASE_OF_APOPTOSIS,EXECUTION_PHASE_OF_APOPTOSIS,GO:BP,1.81855545668822,0.450691021315618,0.00443835217404866,0.00443835217404866,71
Inflammatory signaling (IL/JAK-STAT/TNF),GOBP_ACTIVATION_OF_NF_KAPPAB_INDUCING_KINASE_ACTIVITY,ACTIVATION_OF_NF_KAPPAB_INDUCING_KINASE_ACTIVITY,GO:BP,1.93833232960489,0.720655536739453,0.00496384394271092,0.00496384394271092,14
Other,KEGG_EPITHELIAL_CELL_SIGNALING_IN_HELICOBACTER_PYLORI_INFECTION,EPITHELIAL_CELL_SIGNALING_IN_HELICOBACTER_PYLORI_INFECTION,KEGG,1.79777748684722,0.455755097171337,0.0053726717180331,0.0053726717180331,65
Other,GOBP_SIGNAL_TRANSDUCTION_BY_P53_CLASS_MEDIATOR,SIGNAL_TRANSDUCTION_BY_P53_CLASS_MEDIATOR,GO:BP,1.56645779476484,0.338523577229321,0.00558273885940206,0.00558273885940206,180
Other,GOBP_ESTABLISHMENT_OF_ORGANELLE_LOCALIZATION,ESTABLISHMENT_OF_ORGANELLE_LOCALIZATION,GO:BP,1.4223376564763,0.282608212179145,0.00622614636609515,0.00622614636609515,384
Other,GOBP_PROTEASOME_ASSEMBLY,PROTEASOME_ASSEMBLY,GO:BP,1.90938955087382,0.70989485683818,0.00650635541128606,0.00650635541128606,14
Other,GOBP_METALLO_SULFUR_CLUSTER_ASSEMBLY,METALLO_SULFUR_CLUSTER_ASSEMBLY,GO:BP,1.87937581067218,0.587068542254311,0.0066926051426788,0.0066926051426788,26
Other,GOBP_POSITIVE_REGULATION_OF_PROGRAMMED_CELL_DEATH,POSITIVE_REGULATION_OF_PROGRAMMED_CELL_DEATH,GO:BP,1.35994665501817,0.265197091909102,0.00754915123994617,0.00754915123994617,497
Other,GOBP_REGULATION_OF_PROTEIN_STABILITY,REGULATION_OF_PROTEIN_STABILITY,GO:BP,1.42453224308196,0.285252370564334,0.00763152132066435,0.00763152132066435,351
Other,GOBP_CELLULAR_COMPONENT_DISASSEMBLY,CELLULAR_COMPONENT_DISASSEMBLY,GO:BP,1.39870859383319,0.274360034729471,0.00801633426722707,0.00801633426722707,433
Other,GOBP_CELLULAR_SENESCENCE,CELLULAR_SENESCENCE,GO:BP,1.67765822465313,0.403285564856125,0.00809774464706335,0.00809774464706335,93
Other,REACTOME_MITOPHAGY,MITOPHAGY,Reactome,1.80309301775749,0.514477236672349,0.00863783762658733,0.00863783762658733,38
Other,GOBP_RESPONSE_TO_UV,RESPONSE_TO_UV,GO:BP,1.60123087293605,0.358921970111986,0.00872809930363766,0.00872809930363766,148
Metabolism / MYC-mTOR,HALLMARK_GLYCOLYSIS,GLYCOLYSIS,Hallmark,1.50992082026657,0.324520134693754,0.00995629913676623,0.00995629913676623,188
Other,HALLMARK_UV_RESPONSE_UP,UV_RESPONSE_UP,Hallmark,1.53955215269729,0.344792044994234,0.0106384778763122,0.0106384778763122,149
Other,GOBP_NEGATIVE_REGULATION_OF_DNA_TEMPLATED_TRANSCRIPTION_ELONGATION,NEGATIVE_REGULATION_OF_DNA_TEMPLATED_TRANSCRIPTION_ELONGATION,GO:BP,1.82988801807544,0.571609831923907,0.0108248434117482,0.0108248434117482,26
Other,GOBP_HYDROGEN_PEROXIDE_BIOSYNTHETIC_PROCESS,HYDROGEN_PEROXIDE_BIOSYNTHETIC_PROCESS,GO:BP,1.8557932214541,0.646772991942086,0.0115601081472467,0.0115601081472467,17
Other,GOBP_SPHINGOSINE_1_PHOSPHATE_RECEPTOR_SIGNALING_PATHWAY,SPHINGOSINE_1_PHOSPHATE_RECEPTOR_SIGNALING_PATHWAY,GO:BP,1.84470856960991,0.664674426420459,0.0121970021348797,0.0121970021348797,15
Other,REACTOME_MITOCHONDRIAL_PROTEIN_DEGRADATION,MITOCHONDRIAL_PROTEIN_DEGRADATION,Reactome,1.61911742212973,0.39078959334307,0.0138289815716742,0.0138289815716742,91
Other,REACTOME_SYNTHESIS_OF_ACTIVE_UBIQUITIN_ROLES_OF_E1_AND_E2_ENZYMES,SYNTHESIS_OF_ACTIVE_UBIQUITIN_ROLES_OF_E1_AND_E2_ENZYMES,Reactome,1.76190915263585,0.53303119329553,0.0155889057739519,0.0155889057739519,30
Other,GOBP_INTRACELLULAR_PH_REDUCTION,INTRACELLULAR_PH_REDUCTION,GO:BP,1.69922311028723,0.449150350646466,0.0162314758983811,0.0162314758983811,54
Other,GOBP_NUCLEOPHAGY,NUCLEOPHAGY,GO:BP,1.80753282200491,0.58533845579369,0.0175442141483869,0.0175442141483869,23
Metabolism / MYC-mTOR,KEGG_ALPHA_LINOLENIC_ACID_METABOLISM,ALPHA_LINOLENIC_ACID_METABOLISM,KEGG,1.78536914612169,0.680852982238784,0.0202074446328538,0.0202074446328538,13
Metabolism / MYC-mTOR,KEGG_ASCORBATE_AND_ALDARATE_METABOLISM,ASCORBATE_AND_ALDARATE_METABOLISM,KEGG,1.75339945890621,0.62106295009759,0.0213250612272771,0.0213250612272771,16
Other,GOBP_PROSTAGLANDIN_TRANSPORT,PROSTAGLANDIN_TRANSPORT,GO:BP,1.82065823716772,0.612879547769697,0.021816167651972,0.021816167651972,19
RNA processing / translation,GOBP_MRNA_MODIFICATION,MRNA_MODIFICATION,GO:BP,1.78374778081555,0.56324383454365,0.0218239102009266,0.0218239102009266,25
Other,GOBP_NUCLEOSIDE_TRIPHOSPHATE_BIOSYNTHETIC_PROCESS,NUCLEOSIDE_TRIPHOSPHATE_BIOSYNTHETIC_PROCESS,GO:BP,1.60437849579147,0.379702651064817,0.0224662689450311,0.0224662689450311,102
Other,GOBP_CELLULAR_RESPONSE_TO_ARSENIC_CONTAINING_SUBSTANCE,CELLULAR_RESPONSE_TO_ARSENIC_CONTAINING_SUBSTANCE,GO:BP,1.76099383549273,0.613733921757065,0.0251840647914935,0.0251840647914935,17
RNA processing / translation,GOBP_TRANSLATIONAL_TERMINATION,TRANSLATIONAL_TERMINATION,GO:BP,1.72062802285842,0.609455141821278,0.0261905932075398,0.0261905932075398,16
Metabolism / MYC-mTOR,KEGG_PORPHYRIN_AND_CHLOROPHYLL_METABOLISM,PORPHYRIN_AND_CHLOROPHYLL_METABOLISM,KEGG,1.69416222544172,0.515351321649378,0.0271970184597211,0.0271970184597211,31
Other,GOBP_REGULATION_OF_RELEASE_OF_CYTOCHROME_C_FROM_MITOCHONDRIA,REGULATION_OF_RELEASE_OF_CYTOCHROME_C_FROM_MITOCHONDRIA,GO:BP,1.73462144875543,0.485875822592085,0.0277367086290104,0.0277367086290104,41
Other,REACTOME_NUCLEAR_EVENTS_STIMULATED_BY_ALK_SIGNALING_IN_CANCER,NUCLEAR_EVENTS_STIMULATED_BY_ALK_SIGNALING_IN_CANCER,Reactome,1.69655605803719,0.503683067770519,0.0297244453821749,0.0297244453821749,34
Other,REACTOME_RHO_GTPASE_CYCLE,RHO_GTPASE_CYCLE,Reactome,1.29354002747678,0.253421261830434,0.0326065899804855,0.0326065899804855,438
Other,GOBP_ENDOSOMAL_TRANSPORT,ENDOSOMAL_TRANSPORT,GO:BP,1.3563903051138,0.276434251568776,0.033274427753465,0.033274427753465,295
Other,GOBP_REGULATION_OF_PROTEIN_LOCALIZATION_TO_NUCLEOLUS,REGULATION_OF_PROTEIN_LOCALIZATION_TO_NUCLEOLUS,GO:BP,1.74693380951023,0.694537596577124,0.0402390163417218,0.0402390163417218,11
Other,REACTOME_RAS_PROCESSING,RAS_PROCESSING,Reactome,1.7077471941979,0.553024594280419,0.0403346656344303,0.0403346656344303,23
Metabolism / MYC-mTOR,REACTOME_METABOLISM_OF_COFACTORS,METABOLISM_OF_COFACTORS,Reactome,1.67824162630476,0.529928759579723,0.0476697734083826,0.0476697734083826,25
Other,GOBP_DICARBOXYLIC_ACID_BIOSYNTHETIC_PROCESS,DICARBOXYLIC_ACID_BIOSYNTHETIC_PROCESS,GO:BP,1.64986076097403,0.629176672974356,0.0497733746015597,0.0497733746015597,13
