statistic,source,condition,score,p_value,padj,rank,axis
ulm,RELA,PPvsNN,10.6682871867956,1.63771622484768e-26,1.1988082765885e-23,1,TRUE
ulm,RELB,PPvsNN,9.9528009198962,2.71446744213114e-23,7.00130354082253e-21,2,TRUE
ulm,REL,PPvsNN,9.94725520763314,2.86938669705842e-23,7.00130354082253e-21,3,TRUE
ulm,NFKB2,PPvsNN,9.87028062919739,6.1803009557809e-23,1.1309950749079e-20,4,TRUE
ulm,NFKB1_RELA,PPvsNN,9.61878207776531,7.28092576492479e-22,1.06592753198499e-19,5,FALSE
ulm,NFKB1_NFKB2,PPvsNN,9.43800943914699,4.12596035715838e-21,2.15728784388567e-19,6,FALSE
ulm,NFKB1_REL,PPvsNN,9.43800943914699,4.12596035715838e-21,2.15728784388567e-19,7,FALSE
ulm,NFKB1_RELB,PPvsNN,9.43800943914699,4.12596035715838e-21,2.15728784388567e-19,8,FALSE
ulm,NFKB2_REL,PPvsNN,9.43800943914699,4.12596035715838e-21,2.15728784388567e-19,9,FALSE
ulm,NFKB2_RELA,PPvsNN,9.43800943914699,4.12596035715838e-21,2.15728784388567e-19,10,FALSE
ulm,NFKB2_RELB,PPvsNN,9.43800943914699,4.12596035715838e-21,2.15728784388567e-19,11,FALSE
ulm,RELA_RELB,PPvsNN,9.43800943914699,4.12596035715838e-21,2.15728784388567e-19,12,FALSE
ulm,REL_RELA,PPvsNN,9.43800943914699,4.12596035715838e-21,2.15728784388567e-19,13,FALSE
ulm,REL_RELB,PPvsNN,9.43800943914699,4.12596035715838e-21,2.15728784388567e-19,14,FALSE
ulm,NFKB1,PPvsNN,9.39825990643658,6.01605254634185e-21,2.93583364261482e-19,15,TRUE
ulm,STAT1,PPvsNN,9.30260652316846,1.4814800361948e-20,6.77777116559122e-19,16,TRUE
ulm,MYC,PPvsNN,8.86163461502134,8.40874616846687e-19,3.62070717371632e-17,17,TRUE
ulm,E2F1,PPvsNN,8.10843747843562,5.365167899001e-16,2.18183494559374e-14,18,TRUE
ulm,STAT3,PPvsNN,7.68100482762732,1.63732271253462e-14,6.30800118723864e-13,19,TRUE
ulm,IRF1,PPvsNN,7.42176046694172,1.19331122213373e-13,4.36751907300946e-12,20,TRUE
ulm,JUN,PPvsNN,7.23116314050587,4.92909681073056e-13,1.71814231688322e-11,21,TRUE
ulm,E2F4,PPvsNN,6.81420537625498,9.69805645481306e-12,3.22680787496507e-10,22,FALSE
ulm,E2F3,PPvsNN,6.50505718992597,7.91602531724805e-11,2.51936110096764e-09,23,FALSE
ulm,JUND,PPvsNN,6.19896994512928,5.77395988549545e-10,1.76105776507611e-08,24,FALSE
ulm,IRF3,PPvsNN,5.78865527940146,7.18165396613903e-09,2.10278828128551e-07,25,FALSE
ulm,FOSB_JUN,PPvsNN,5.65915658205404,1.53815126964545e-08,2.81481682345118e-07,26,FALSE
ulm,FOSB_JUNB,PPvsNN,5.65915658205404,1.53815126964545e-08,2.81481682345118e-07,27,FALSE
ulm,FOSB_JUND,PPvsNN,5.65915658205404,1.53815126964545e-08,2.81481682345118e-07,28,FALSE
ulm,FOSL1_JUN,PPvsNN,5.65915658205404,1.53815126964545e-08,2.81481682345118e-07,29,FALSE
ulm,FOSL1_JUNB,PPvsNN,5.65915658205404,1.53815126964545e-08,2.81481682345118e-07,30,FALSE
ulm,FOSL1_JUND,PPvsNN,5.65915658205404,1.53815126964545e-08,2.81481682345118e-07,31,FALSE
ulm,FOSL2_JUN,PPvsNN,5.65915658205404,1.53815126964545e-08,2.81481682345118e-07,32,FALSE
ulm,FOSL2_JUNB,PPvsNN,5.65915658205404,1.53815126964545e-08,2.81481682345118e-07,33,FALSE
ulm,FOSL2_JUND,PPvsNN,5.65915658205404,1.53815126964545e-08,2.81481682345118e-07,34,FALSE
ulm,FOS_JUN,PPvsNN,5.65915658205404,1.53815126964545e-08,2.81481682345118e-07,35,FALSE
ulm,FOS_JUNB,PPvsNN,5.65915658205404,1.53815126964545e-08,2.81481682345118e-07,36,FALSE
ulm,FOS_JUND,PPvsNN,5.65915658205404,1.53815126964545e-08,2.81481682345118e-07,37,FALSE
ulm,JUNB_JUND,PPvsNN,5.65915658205404,1.53815126964545e-08,2.81481682345118e-07,38,FALSE
ulm,JUN_JUNB,PPvsNN,5.65915658205404,1.53815126964545e-08,2.81481682345118e-07,39,FALSE
ulm,JUN_JUND,PPvsNN,5.65915658205404,1.53815126964545e-08,2.81481682345118e-07,40,FALSE
ulm,JUNB,PPvsNN,5.50702573403839,3.68606356262901e-08,6.58097201913276e-07,41,TRUE
ulm,E2F2,PPvsNN,5.40842710090356,6.41748870986968e-08,1.11847660372014e-06,42,FALSE
ulm,STAT5A,PPvsNN,5.38493487998755,7.31368254481898e-08,1.245026889025e-06,43,FALSE
ulm,DDIT3,PPvsNN,5.2110466905579,1.89297100092014e-07,3.14921539243987e-06,44,FALSE
ulm,TFDP1,PPvsNN,5.00959809447757,5.49225248639643e-07,8.93406404453819e-06,45,FALSE
ulm,ELK1,PPvsNN,4.9269366476356,8.40726483374616e-07,1.33785170832656e-05,46,FALSE
ulm,IRF5,PPvsNN,4.72703947180245,2.29081276137605e-06,3.56781902410057e-05,47,FALSE
ulm,CEBPB,PPvsNN,4.67719569047767,2.92374137839449e-06,4.45870560205159e-05,48,FALSE
ulm,IRF7,PPvsNN,4.52181989324406,6.15971165745252e-06,9.20185496582703e-05,49,FALSE
ulm,NFKBIB,PPvsNN,4.4560220592761,8.386381273081e-06,0.000120369237095986,50,FALSE
ulm,SPI1,PPvsNN,4.40191564075961,1.07752271833041e-05,0.000151682044195743,51,FALSE
ulm,ARID3A,PPvsNN,4.24809252894624,2.16392948064934e-05,0.000298867241478362,52,FALSE
ulm,ELF1,PPvsNN,4.23082315200313,2.3368259198219e-05,0.000316769735798079,53,FALSE
ulm,SRSF2,PPvsNN,4.18343106410317,2.88140395779657e-05,0.000383488672201289,54,FALSE
ulm,NFE2L2,PPvsNN,4.11779863720499,3.83760796657505e-05,0.00050163018420231,55,FALSE
ulm,ETS1,PPvsNN,4.11136692785282,3.94603431805818e-05,0.000506753880845367,56,FALSE
ulm,CEBPE,PPvsNN,4.08399973337574,4.44075190410118e-05,0.000560453516172769,57,FALSE
ulm,STAT2,PPvsNN,4.07762158155785,4.56422300702482e-05,0.000566273091719012,58,FALSE
ulm,FOXM1,PPvsNN,3.90892032317877,9.29586627626361e-05,0.00113409568570416,59,FALSE
ulm,STAT4,PPvsNN,3.83794988661928,0.00012437689575918,0.00146844980154387,60,FALSE
ulm,HCFC1,PPvsNN,3.81116296082358,0.000138652336214543,0.00158623306310417,61,FALSE
ulm,AHR,PPvsNN,3.81110106122781,0.000138687043768671,0.00158623306310417,62,FALSE
ulm,EP300,PPvsNN,3.7705431849481,0.00016327468715694,0.00183872416921354,63,FALSE
ulm,RARA,PPvsNN,3.74633384823152,0.000179848560082723,0.00199468403000839,64,FALSE
ulm,STOX1,PPvsNN,3.73826042555387,0.000185718742207523,0.00202904655665533,65,FALSE
ulm,STAT6,PPvsNN,3.73363471136655,0.000189162779565275,0.00203628168590855,66,FALSE
ulm,CEBPG,PPvsNN,3.7250299007596,0.000195729684932431,0.00207643665754405,67,FALSE
ulm,ELF3,PPvsNN,3.71007491724244,0.000207655247432169,0.00217148058743354,68,FALSE
ulm,CREB1,PPvsNN,3.70138780950142,0.000214892581880329,0.00221551225262537,69,FALSE
ulm,BACH1,PPvsNN,3.69547147063461,0.000219956430455717,0.00223622370963312,70,FALSE
ulm,NFKBIZ,PPvsNN,3.5927495678505,0.000327847219258309,0.00318699344081313,71,FALSE
ulm,IRF2,PPvsNN,3.59034109891754,0.000330890029374041,0.00318699344081313,72,FALSE
ulm,IRF8,PPvsNN,3.55750652677015,0.00037509779216024,0.00356586472547137,73,FALSE
ulm,EHF,PPvsNN,3.45492623756529,0.000551373982882853,0.00504507194337811,74,FALSE
ulm,FOS,PPvsNN,3.3834398781787,0.000716958428777845,0.00647917987488127,75,TRUE
ulm,ZNF143,PPvsNN,3.32113576731525,0.000897827946480936,0.00801475679053713,76,FALSE
ulm,MEOX2,PPvsNN,3.23678709182962,0.00121044018005601,0.0105438389348505,77,FALSE
ulm,TFDP2,PPvsNN,3.23128024366268,0.00123399599672289,0.0105438389348505,78,FALSE
ulm,GTF3A,PPvsNN,3.22151127158086,0.00127682774632814,0.0107429644863471,79,FALSE
ulm,IRF9,PPvsNN,3.16647735395413,0.0015448623632258,0.0127060589874302,80,FALSE
ulm,TBX21,PPvsNN,3.14797180299031,0.00164604510481486,0.0133878335191608,81,FALSE
ulm,HSF1,PPvsNN,3.11564937143392,0.00183752062606182,0.0144630655728737,82,FALSE
ulm,ELF4,PPvsNN,3.09484480826977,0.00197137508195953,0.0153515591488764,83,FALSE
ulm,ESR1,PPvsNN,3.08994100164239,0.00200420250186748,0.0154429076985999,84,FALSE
ulm,KAT7,PPvsNN,3.08312384907761,0.00205067225349999,0.0156363759329375,85,FALSE
ulm,STAT5B,PPvsNN,3.06015059898304,0.00221464607974779,0.0165420503099529,86,FALSE
ulm,ETV7,PPvsNN,3.01210401678214,0.0025970808184812,0.0190106315912824,87,FALSE
ulm,CEBPD,PPvsNN,3.00455970084988,0.00266234133092171,0.019295384695393,88,FALSE
ulm,MBD2,PPvsNN,2.97240185481979,0.00295766555552852,0.0212255998690871,89,FALSE
ulm,CIITA,PPvsNN,2.93115401339361,0.00338016935575618,0.0237911920039762,90,FALSE
ulm,HDAC7,PPvsNN,2.89231196786861,0.0038275420432165,0.0265849109783751,91,FALSE
ulm,KLF5,PPvsNN,2.8489803823724,0.0043896089778533,0.0294788419430148,92,FALSE
ulm,NFYA,PPvsNN,2.80700867081236,0.00500433405681596,0.0333015684508116,93,FALSE
ulm,ARID4B,PPvsNN,2.77368364960244,0.00554674250277315,0.0362519242145531,94,FALSE
ulm,MTF2,PPvsNN,2.72379078490054,0.00645830558193148,0.0404058092818277,95,FALSE
ulm,HSF4,PPvsNN,2.6587446558944,0.00784832922340519,0.0467071300124602,96,FALSE
ulm,MYB,PPvsNN,2.64427878419304,0.00819173120518917,0.0478889721907937,97,FALSE
ulm,RCOR2,PPvsNN,2.64215828424112,0.00824318373775957,0.0478889721907937,98,FALSE
ulm,ELF2,PPvsNN,2.58818907291823,0.0096538906144984,0.0543588302293295,99,FALSE
ulm,ATF4,PPvsNN,2.5729626774284,0.0100890311902299,0.0559482638730933,100,FALSE
ulm,PML,PPvsNN,2.56826707300946,0.0102267020321414,0.0562853074250186,101,FALSE
ulm,MYBL2,PPvsNN,2.56011323654215,0.0104697426817641,0.0567800167516026,102,FALSE
ulm,HIF1A,PPvsNN,2.55832964942944,0.0105235859572394,0.0567800167516026,103,FALSE
ulm,POU2F3,PPvsNN,2.5574809605061,0.0105492927298059,0.0567800167516026,104,FALSE
ulm,MYCN,PPvsNN,2.54406215070371,0.0109632378976518,0.0581668607244822,105,FALSE
ulm,MTA1,PPvsNN,2.54145410089062,0.0110453465036926,0.0581668607244822,106,FALSE
ulm,IRF6,PPvsNN,2.53045984963982,0.0113975133732803,0.0595927127802943,107,FALSE
ulm,DNMT3B,PPvsNN,2.5226900682524,0.0116523707212749,0.0604931586381078,108,FALSE
ulm,TFAM,PPvsNN,2.51466853343403,0.011920778114215,0.061312575739706,109,FALSE
ulm,NKX6-1,PPvsNN,2.46748132898531,0.013613508235867,0.068254027593525,110,FALSE
ulm,LHX2,PPvsNN,2.39987919533482,0.0164078920901572,0.0790169540131252,111,FALSE
ulm,FHL2,PPvsNN,2.37687894195108,0.0174674432766934,0.0835697286179059,112,FALSE
ulm,HR,PPvsNN,2.3660768960715,0.0179854383356797,0.0849376829788228,113,FALSE
ulm,CREB3,PPvsNN,2.35996360503134,0.0182845143372205,0.0857965672746503,114,FALSE
ulm,GABPA,PPvsNN,2.33372028388959,0.019618408515667,0.0914692677290972,115,FALSE
ulm,NR1D1,PPvsNN,2.31858922755827,0.0204254985842324,0.0946295250864437,116,FALSE
ulm,BATF,PPvsNN,2.31276849637868,0.020743604767357,0.0954988596836814,117,FALSE
ulm,DMAP1,PPvsNN,2.30151075724947,0.0213711187804216,0.097772868420429,118,FALSE
ulm,OLIG2,PPvsNN,2.28662597279903,0.0222261455298843,0.0990695757415064,119,FALSE
ulm,FOSL1,PPvsNN,2.28477860277397,0.0223343120145672,0.0990695757415064,120,FALSE
ulm,MAFK,PPvsNN,2.28287320351155,0.0224463554390132,0.0990695757415064,121,FALSE
ulm,DMTF1,PPvsNN,2.28024103602229,0.022601938727912,0.0990695757415064,122,FALSE
ulm,EZH2,PPvsNN,2.27431327160074,0.0229557557103325,0.100021507023592,123,FALSE
ulm,IRF4,PPvsNN,2.27087192726531,0.0231633625284627,0.100328883851093,124,FALSE
ulm,KLF2,PPvsNN,2.20835172176488,0.0272289794570532,0.115211635621751,125,FALSE
ulm,PRDM1,PPvsNN,2.18774481529381,0.02869760041319,0.119194891161153,126,FALSE
ulm,FOSL2,PPvsNN,2.10514338825249,0.035288971297254,0.138879177363387,127,FALSE
ulm,CUX1,PPvsNN,2.10206200037402,0.0355580146205481,0.139189661509311,128,FALSE
ulm,VENTX,PPvsNN,2.09957310517884,0.0357766017927411,0.139300385703651,129,FALSE
ulm,FOXD1,PPvsNN,2.08409078058253,0.0371622342725539,0.143929923214336,130,FALSE
ulm,ATF2,PPvsNN,2.06915074802397,0.0385423927646293,0.1477122068257,131,FALSE
ulm,NFATC1,PPvsNN,2.06062184800954,0.0393496518643652,0.150020547732892,132,FALSE
ulm,ZNF300,PPvsNN,2.05746131989662,0.039652419269788,0.150391559095776,133,FALSE
ulm,CREBBP,PPvsNN,2.04322854456824,0.0410404835538207,0.153735169640899,134,FALSE
ulm,HEYL,PPvsNN,2.04198128877156,0.0411640618164157,0.153735169640899,135,FALSE
ulm,EOMES,PPvsNN,2.01587916574341,0.0438234961056682,0.162033689870356,136,FALSE
ulm,PAWR,PPvsNN,2.01582860618057,0.0438287849649322,0.162033689870356,137,FALSE
ulm,MAF,PPvsNN,1.97372729414715,0.0484239654842585,0.17634996385312,138,FALSE
ulm,VDR,PPvsNN,1.90665685861244,0.0565767106927405,0.200656526787696,139,FALSE
ulm,NFIA,PPvsNN,1.90537492607306,0.0567430342145533,0.200656526787696,140,FALSE
ulm,SPIC,PPvsNN,1.90239006024906,0.0571318809438017,0.201060273321456,141,FALSE
ulm,RFX5,PPvsNN,1.8638001774194,0.0623617110637159,0.216344893358484,142,FALSE
ulm,NR0B2,PPvsNN,1.85202816692547,0.0640337869050962,0.22109779252137,143,FALSE
ulm,NKRF,PPvsNN,1.84334082746911,0.0652913212968314,0.224025385998854,144,FALSE
ulm,NRF1,PPvsNN,1.83419987436873,0.0666364380180599,0.226873826182418,145,FALSE
ulm,KAT6B,PPvsNN,1.83017696916789,0.0672356101181334,0.227854012067008,146,FALSE
ulm,HNF1A,PPvsNN,1.82640029047231,0.0678021379341902,0.228459142702852,147,FALSE
ulm,ETS2,PPvsNN,1.82453688840816,0.0680831044268527,0.228459142702852,148,FALSE
ulm,TBP,PPvsNN,1.81691555913698,0.0692422432042797,0.230387827388785,149,FALSE
ulm,SP1,PPvsNN,1.80853531984794,0.0705354666800543,0.23178290926922,150,FALSE
ulm,SSRP1,PPvsNN,1.80839793461324,0.0705568316774834,0.23178290926922,151,FALSE
ulm,BRCA1,PPvsNN,1.80804680797637,0.0706114600642568,0.23178290926922,152,FALSE
ulm,FLI1,PPvsNN,1.80240840758335,0.0714934455374382,0.233630366666985,153,FALSE
ulm,NFAT5,PPvsNN,1.79970578529706,0.0719193924515518,0.233977756775715,154,FALSE
ulm,RXRA,PPvsNN,1.78423110027903,0.0743984790034567,0.237815225460831,155,FALSE
ulm,NFATC2,PPvsNN,1.76342575854985,0.0778411583484271,0.246470357983907,156,FALSE
ulm,ONECUT1,PPvsNN,1.75878282211059,0.0786268726934206,0.247016612925253,157,FALSE
ulm,RFXAP,PPvsNN,1.74102123439534,0.0816923959806116,0.254463122799182,158,FALSE
ulm,NANOG,PPvsNN,1.70623502129183,0.0879769908430315,0.268329822071246,159,FALSE
ulm,RORC,PPvsNN,1.69738765389464,0.0896360822739191,0.272255652383854,160,TRUE
ulm,REST,PPvsNN,1.69093792631101,0.0908613645735917,0.273705838962424,161,FALSE
ulm,ETV5,PPvsNN,1.68541266145598,0.0919217036784343,0.275765111035303,162,FALSE
ulm,ATF1,PPvsNN,1.68327855869308,0.092333906091985,0.275871099017686,163,FALSE
ulm,PATZ1,PPvsNN,1.66246454175399,0.096432445752874,0.285783604417424,164,FALSE
ulm,BHLHA15,PPvsNN,1.6502876342666,0.098896924872709,0.290733128541458,165,FALSE
ulm,NUPR1,PPvsNN,1.6366697625182,0.101712320539753,0.295776453923929,166,FALSE
ulm,EGR1,PPvsNN,1.63420452593917,0.102228747052943,0.295776453923929,167,FALSE
ulm,PPARGC1A,PPvsNN,1.63040103194235,0.103029607505108,0.296919971235193,168,FALSE
ulm,SALL3,PPvsNN,1.62406206787432,0.104375413111796,0.297628898118657,169,FALSE
ulm,ZFPM1,PPvsNN,1.61718160540131,0.105851946051222,0.298995170360961,170,FALSE
ulm,TWIST2,PPvsNN,1.61556864380172,0.106200470346789,0.298995170360961,171,FALSE
ulm,MBD1,PPvsNN,1.60067753550909,0.109461238816319,0.301340743889996,172,FALSE
ulm,E2F5,PPvsNN,1.59861924574746,0.10991811230474,0.301340743889996,173,FALSE
ulm,HDAC5,PPvsNN,1.59678313867746,0.110326939019835,0.301340743889996,174,FALSE
ulm,ARID3B,PPvsNN,1.58696128101822,0.112534305401285,0.305391867975824,175,FALSE
ulm,POU2F2,PPvsNN,1.56996049936738,0.116437201351287,0.31220524318367,176,FALSE
ulm,NR2C2,PPvsNN,1.56380125690159,0.117877150921932,0.314912680565162,177,FALSE
ulm,NFE2,PPvsNN,1.55366101779174,0.120278199183139,0.318998702181368,178,FALSE
ulm,TFAP2D,PPvsNN,1.54953018213938,0.121267224571177,0.32046068009423,179,FALSE
ulm,TET1,PPvsNN,1.5392380276948,0.123759097724417,0.325869278900262,180,FALSE
ulm,MAFG,PPvsNN,1.5236481155704,0.127609530060947,0.333607771445048,181,FALSE
ulm,PHF20,PPvsNN,1.51872465259852,0.128844708343587,0.335486673700842,182,FALSE
ulm,NOTO,PPvsNN,1.51444131432056,0.129926833867727,0.335486673700842,183,FALSE
ulm,RARB,PPvsNN,1.51351611545636,0.130161496353879,0.335486673700842,184,FALSE
ulm,BHLHE40,PPvsNN,1.49290411234378,0.135475151709801,0.346740598082429,185,FALSE
ulm,POU4F1,PPvsNN,1.46846107709115,0.141991846296575,0.360621561861352,186,FALSE
ulm,ZNF335,PPvsNN,1.46704533404555,0.142376545598266,0.360621561861352,187,FALSE
ulm,RBPJ,PPvsNN,1.46502823758213,0.142926032178352,0.360765019153634,188,FALSE
ulm,HES6,PPvsNN,1.45874775603019,0.144647352644814,0.362609116904121,189,FALSE
ulm,ZXDC,PPvsNN,1.44224010989209,0.149247418260887,0.370335966667692,190,FALSE
ulm,POU5F1,PPvsNN,1.43668861209367,0.15081924786483,0.371725911825292,191,FALSE
ulm,NEUROD6,PPvsNN,1.43457271582886,0.151421644445065,0.371725911825292,192,FALSE
ulm,XBP1,PPvsNN,1.4313359923391,0.1523466851743,0.371725911825292,193,FALSE
ulm,ETV4,PPvsNN,1.38601588701643,0.165754653441791,0.401762934832422,194,FALSE
ulm,FOSB,PPvsNN,1.37968015283962,0.167697724314414,0.403106247253073,195,FALSE
ulm,SP3,PPvsNN,1.37171828135792,0.170163702733879,0.403106247253073,196,FALSE
ulm,KCNIP3,PPvsNN,1.36662574544276,0.171755170834263,0.405563822744131,197,FALSE
ulm,RFXANK,PPvsNN,1.35953908029406,0.173988326311925,0.40725173657898,198,FALSE
ulm,KLF4,PPvsNN,1.35876074444936,0.174234911978655,0.40725173657898,199,FALSE
ulm,ATF5,PPvsNN,1.35730938216582,0.174695417057104,0.40725173657898,200,FALSE
ulm,PARK7,PPvsNN,1.35518537194081,0.175370984722373,0.407528764497705,201,FALSE
ulm,PPARG,PPvsNN,1.33366856375902,0.182324886812784,0.418430609446332,202,FALSE
ulm,AIRE,PPvsNN,1.33185418538346,0.182920485003861,0.418430609446332,203,FALSE
ulm,HNF1B,PPvsNN,1.32932648920871,0.1837526433627,0.419024719443914,204,FALSE
ulm,THAP11,PPvsNN,1.28612602297418,0.198411224787349,0.442795782147377,205,FALSE
ulm,ZGPAT,PPvsNN,1.27985759562999,0.200607329229757,0.444983530291462,206,FALSE
ulm,HINFP,PPvsNN,1.27491818771334,0.202350278266006,0.447493666739324,207,FALSE
ulm,GRHL2,PPvsNN,1.25307592382121,0.210190023273902,0.457488667015799,208,FALSE
ulm,YY1,PPvsNN,1.25189577726882,0.210619782492246,0.457488667015799,209,FALSE
ulm,DNMT1,PPvsNN,1.24942977043336,0.211519848782682,0.458084406239417,210,FALSE
ulm,TP63,PPvsNN,1.24705516622908,0.212389178946861,0.458610262504726,211,FALSE
ulm,MNT,PPvsNN,1.23881574370974,0.215425597808514,0.462165430337481,212,FALSE
ulm,APEX1,PPvsNN,1.23298196737488,0.217594309686206,0.462165430337481,213,FALSE
ulm,HOPX,PPvsNN,1.20771004538453,0.227170458519469,0.473905477433892,214,FALSE
ulm,CREBZF,PPvsNN,1.20502936837254,0.228203591541836,0.473905477433892,215,FALSE
ulm,NFATC3,PPvsNN,1.20416770958875,0.228536384609513,0.473905477433892,216,FALSE
ulm,HOXD10,PPvsNN,1.19688277241106,0.231363818677149,0.478413319976478,217,FALSE
ulm,NR1H3,PPvsNN,1.19410160889146,0.232449772673933,0.479304883372729,218,FALSE
ulm,HIVEP3,PPvsNN,1.19196510977027,0.233286459395875,0.479435278784688,219,FALSE
ulm,DOT1L,PPvsNN,1.19059804331336,0.233822943341713,0.479435278784688,220,FALSE
ulm,ESRRG,PPvsNN,1.17785595967069,0.23886546369192,0.484347699231262,221,FALSE
ulm,TAL1,PPvsNN,1.17532277724053,0.239877014886018,0.485055179272279,222,FALSE
ulm,NR2F6,PPvsNN,1.17128065622293,0.241497363083143,0.485648543343024,223,FALSE
ulm,NCOA3,PPvsNN,1.15761731198693,0.247031514527596,0.493533672838425,224,FALSE
ulm,CXXC1,PPvsNN,1.15561405656593,0.247850313342531,0.493533672838425,225,FALSE
ulm,ZBTB33,PPvsNN,1.14758036422044,0.251153033425107,0.494204356094565,226,FALSE
ulm,TP53,PPvsNN,1.1332303952921,0.257128590468883,0.501621149087838,227,FALSE
ulm,NKX3-1,PPvsNN,1.13195761218404,0.257663322482277,0.501621149087838,228,FALSE
ulm,SMARCA4,PPvsNN,1.1153565150011,0.26470860446542,0.511257779600758,229,FALSE
ulm,AIP,PPvsNN,1.11229312571675,0.266023040880679,0.511749642906955,230,FALSE
ulm,ATF6,PPvsNN,1.08640848887986,0.277308984800393,0.528714193647371,231,FALSE
ulm,NCOR1,PPvsNN,1.06890629619995,0.28512241464316,0.534525489828876,232,FALSE
ulm,NKX3-2,PPvsNN,1.06770945238701,0.285662102446646,0.534525489828876,233,FALSE
ulm,JDP2,PPvsNN,1.06593585104187,0.286463134213375,0.534525489828876,234,FALSE
ulm,BHLHE41,PPvsNN,1.06318380039077,0.287709075126472,0.534525489828876,235,FALSE
ulm,HTATIP2,PPvsNN,1.05607137269569,0.290946010455779,0.538482518203974,236,FALSE
ulm,LITAF,PPvsNN,1.04837695431382,0.29447529784575,0.54159778397761,237,FALSE
ulm,ABL1,PPvsNN,1.04249289252136,0.297193494588147,0.544040240251227,238,FALSE
ulm,NFE2L1,PPvsNN,1.01407344872905,0.310557709945212,0.562693672474989,239,FALSE
ulm,CEBPZ,PPvsNN,1.00276417469357,0.315984550988775,0.569706136265476,240,FALSE
ulm,TLX1,PPvsNN,0.991632527185202,0.32138659896045,0.574288776896447,241,FALSE
ulm,PEG3,PPvsNN,0.98480831771893,0.324727948986819,0.577660006653781,242,FALSE
ulm,SOX3,PPvsNN,0.972086815157086,0.331016947563298,0.580042032528887,243,FALSE
ulm,KMT2B,PPvsNN,0.96985387427821,0.332128898500589,0.580042032528887,244,FALSE
ulm,HOXB13,PPvsNN,0.96848651183459,0.332811002270673,0.580042032528887,245,FALSE
ulm,NFYC,PPvsNN,0.963205840616673,0.335453731085168,0.582676495314112,246,FALSE
ulm,HOXD8,PPvsNN,0.962138150591495,0.33598969796373,0.582676495314112,247,FALSE
ulm,ZFP42,PPvsNN,0.95413235874251,0.340026051879907,0.587026108434179,248,FALSE
ulm,PLAGL2,PPvsNN,0.939940642904971,0.347257265205414,0.596695582465641,249,FALSE
ulm,DNMT3A,PPvsNN,0.930695942785842,0.352020029567168,0.601008102837455,250,FALSE
ulm,HLX,PPvsNN,0.927122116922037,0.35387225727178,0.601008102837455,251,FALSE
ulm,PRDM2,PPvsNN,0.910357608944235,0.362642892600299,0.61264174133263,252,FALSE
ulm,NKX2-1,PPvsNN,0.895850113510272,0.370341613062486,0.618927079364702,253,FALSE
ulm,RUNX3,PPvsNN,0.857275208532462,0.391301182866183,0.640788514223816,254,FALSE
ulm,MECP2,PPvsNN,0.839733144871992,0.401066210908805,0.652401036411655,255,FALSE
ulm,ZNF148,PPvsNN,0.832720006915892,0.405010766766404,0.655902392196919,256,FALSE
ulm,ZNF395,PPvsNN,0.81767201586047,0.413552436926717,0.665319524901884,257,FALSE
ulm,HMGA2,PPvsNN,0.813973678845859,0.415667932321771,0.665872451821212,258,FALSE
ulm,ZBED1,PPvsNN,0.806205814186102,0.420132003682019,0.669738944025095,259,FALSE
ulm,TSC22D1,PPvsNN,0.805444624013285,0.420570958105659,0.669738944025095,260,FALSE
ulm,NFYB,PPvsNN,0.798225180647338,0.424747556081151,0.671523134020309,261,FALSE
ulm,NAB2,PPvsNN,0.783794602215602,0.43316821073362,0.683360194519417,262,FALSE
ulm,CAMTA1,PPvsNN,0.774811016734212,0.438458808055227,0.687463865327522,263,FALSE
ulm,CDX2,PPvsNN,0.769363372440336,0.441685035180539,0.689487552597138,264,FALSE
ulm,ATOH1,PPvsNN,0.762981518466181,0.445481756324005,0.690964826022602,265,FALSE
ulm,ZNF202,PPvsNN,0.762950127471944,0.445500477450802,0.690964826022602,266,FALSE
ulm,MAX,PPvsNN,0.744181197773245,0.456773991051802,0.702906873114389,267,FALSE
ulm,GRHL3,PPvsNN,0.740870200157568,0.458779238441326,0.702906873114389,268,FALSE
ulm,KLF3,PPvsNN,0.739012886000792,0.459906244917827,0.702906873114389,269,FALSE
ulm,SREBF2,PPvsNN,0.730422419873696,0.465138995105593,0.706434994131354,270,FALSE
ulm,ELK4,PPvsNN,0.728799482377426,0.466131287111262,0.706434994131354,271,FALSE
ulm,HOXC8,PPvsNN,0.72579461182437,0.467971616070575,0.707758725131531,272,FALSE
ulm,NR3C1,PPvsNN,0.718851665132914,0.472239168892643,0.712740353875082,273,FALSE
ulm,RFX1,PPvsNN,0.714311844623132,0.475041167710673,0.715494104453113,274,FALSE
ulm,TBPL1,PPvsNN,0.708599997216485,0.478579472792049,0.719221383346099,275,FALSE
ulm,AEBP1,PPvsNN,0.706583303118793,0.479832180445443,0.719221383346099,276,FALSE
ulm,MSC,PPvsNN,0.703989481129366,0.48144600797758,0.719221383346099,277,FALSE
ulm,MTF1,PPvsNN,0.696923229602437,0.485857444763041,0.722861076354769,278,FALSE
ulm,NCOR2,PPvsNN,0.690042815193336,0.490173792081414,0.724275340816261,279,FALSE
ulm,NCOA1,PPvsNN,0.68930555518645,0.49063752391096,0.724275340816261,280,FALSE
ulm,SOX6,PPvsNN,0.663387239264695,0.507088811532561,0.739298441681875,281,FALSE
ulm,BCL11B,PPvsNN,0.661679471760348,0.50818287984214,0.739298441681875,282,FALSE
ulm,SNAI2,PPvsNN,0.647417840072278,0.517367612467953,0.748444846495141,283,FALSE
ulm,SMAD9,PPvsNN,0.641039178715283,0.521503218286974,0.752047476342576,284,FALSE
ulm,BCLAF1,PPvsNN,0.6275726193599,0.530289792746149,0.757897292459838,285,FALSE
ulm,MEIS2,PPvsNN,0.625558691759258,0.53161026112261,0.757897292459838,286,FALSE
ulm,MXD1,PPvsNN,0.624046587135879,0.532602794430494,0.757897292459838,287,FALSE
ulm,TFEB,PPvsNN,0.618864906175212,0.536011106946051,0.757897292459838,288,FALSE
ulm,ASXL1,PPvsNN,0.618656002625922,0.536148745703143,0.757897292459838,289,FALSE
ulm,THRB,PPvsNN,0.618626214612252,0.536168373363636,0.757897292459838,290,FALSE
ulm,FOXH1,PPvsNN,0.616700054551496,0.537438309491018,0.757897292459838,291,FALSE
ulm,ZFX,PPvsNN,0.6142549461998,0.539052567155105,0.757897292459838,292,FALSE
ulm,NPM1,PPvsNN,0.61181023069189,0.540668991247538,0.757897292459838,293,FALSE
ulm,KDM5A,PPvsNN,0.607102357683253,0.543788605745772,0.757897292459838,294,FALSE
ulm,HOXB9,PPvsNN,0.605825795467832,0.544636044803553,0.757897292459838,295,FALSE
ulm,TFAP2A,PPvsNN,0.604722722995355,0.54536884170055,0.757897292459838,296,FALSE
ulm,SP2,PPvsNN,0.604148701715797,0.545750370966547,0.757897292459838,297,FALSE
ulm,ENO1,PPvsNN,0.602750860387464,0.546680014233326,0.757897292459838,298,FALSE
ulm,SIRT1,PPvsNN,0.595175023520873,0.551731975000576,0.762888947602297,299,FALSE
ulm,EWSR1,PPvsNN,0.591280187474178,0.554338151544826,0.762888947602297,300,FALSE
ulm,KLF17,PPvsNN,0.590448020898858,0.55489576444653,0.762888947602297,301,FALSE
ulm,HMGB2,PPvsNN,0.589559349337353,0.555491542448121,0.762888947602297,302,FALSE
ulm,PBRM1,PPvsNN,0.587855459755534,0.556634727139807,0.763027378775915,303,FALSE
ulm,HMGA1,PPvsNN,0.578924166219316,0.562645659698486,0.76922622626508,304,FALSE
ulm,NR5A1,PPvsNN,0.561298608196233,0.574599118551121,0.777461284250315,305,FALSE
ulm,TBXT,PPvsNN,0.554930615117794,0.578947180997914,0.781899144816371,306,FALSE
ulm,GLIS3,PPvsNN,0.535878364043578,0.592047477963954,0.792282913838417,307,FALSE
ulm,MED1,PPvsNN,0.534053620834465,0.59330927676004,0.792302214276999,308,FALSE
ulm,CREM,PPvsNN,0.532728067113277,0.594226660707749,0.792302214276999,309,FALSE
ulm,ATF7,PPvsNN,0.520714530328226,0.602570351452308,0.799419361819096,310,FALSE
ulm,JARID2,PPvsNN,0.518626865163511,0.60402564995754,0.799419361819096,311,FALSE
ulm,PAX5,PPvsNN,0.51600685961235,0.605854269963679,0.799419361819096,312,FALSE
ulm,SMARCA1,PPvsNN,0.511902199396536,0.608724067839428,0.799974897052893,313,FALSE
ulm,SATB1,PPvsNN,0.505497769680707,0.61321380720051,0.802541120663532,314,FALSE
ulm,ZBTB18,PPvsNN,0.502404487778492,0.615387533531617,0.802541120663532,315,FALSE
ulm,ING4,PPvsNN,0.499173934571695,0.617661332833541,0.802740980099459,316,FALSE
ulm,CTBP2,PPvsNN,0.494082902414128,0.621252057111533,0.802740980099459,317,FALSE
ulm,TFAP2B,PPvsNN,0.4920736796128,0.622671662380807,0.802740980099459,318,FALSE
ulm,BTG2,PPvsNN,0.471736537553396,0.637119050480663,0.812689213273732,319,FALSE
ulm,HIPK2,PPvsNN,0.471542244720442,0.637257754046222,0.812689213273732,320,FALSE
ulm,MEOX1,PPvsNN,0.470400606118585,0.638073014167055,0.812689213273732,321,FALSE
ulm,FOXO6,PPvsNN,0.468095011216903,0.639720806263805,0.812689213273732,322,FALSE
ulm,USF2,PPvsNN,0.463503130818641,0.643007884343549,0.812689213273732,323,FALSE
ulm,OVOL1,PPvsNN,0.463380611810334,0.643095685225799,0.812689213273732,324,FALSE
ulm,ZNF76,PPvsNN,0.462320802334854,0.643855385181387,0.812689213273732,325,FALSE
ulm,IKZF1,PPvsNN,0.45451760898948,0.649460343305119,0.812689213273732,326,FALSE
ulm,HOXD1,PPvsNN,0.452179428045267,0.651143726082562,0.812689213273732,327,FALSE
ulm,PHF5A,PPvsNN,0.445251423660464,0.65614199783341,0.81682983403751,328,FALSE
ulm,HNF4A,PPvsNN,0.435421613549435,0.663260256533387,0.821500013168256,329,FALSE
ulm,HAND1,PPvsNN,0.43254501203645,0.665349147956026,0.822695230242924,330,FALSE
ulm,ZNF699,PPvsNN,0.427691373857282,0.668879586036148,0.825665863370085,331,FALSE
ulm,NR1I2,PPvsNN,0.411631666293667,0.680613014829044,0.834780625397621,332,FALSE
ulm,MAFB,PPvsNN,0.409129622823615,0.68244811073002,0.835371265977216,333,FALSE
ulm,BCL3,PPvsNN,0.40498274622531,0.685493725615134,0.836629665270001,334,FALSE
ulm,TGIF1,PPvsNN,0.404617773097237,0.685762020713115,0.836629665270001,335,FALSE
ulm,TBX6,PPvsNN,0.391486347224428,0.695441179458989,0.845619507249136,336,FALSE
ulm,ZBTB17,PPvsNN,0.386042732134521,0.699468370024662,0.849105882019987,337,FALSE
ulm,TBX15,PPvsNN,0.381000019992655,0.703206533756568,0.852230434950013,338,FALSE
ulm,NR1H4,PPvsNN,0.371909609268096,0.709963363398071,0.858996995053534,339,FALSE
ulm,HSF2,PPvsNN,0.361546011985847,0.717694429606815,0.865489822853688,340,FALSE
ulm,ZNF350,PPvsNN,0.348470498976766,0.727489856517476,0.872987827820971,341,FALSE
ulm,FOXD3,PPvsNN,0.317445731094832,0.750908114077487,0.890866676668915,342,FALSE
ulm,POU2F1,PPvsNN,0.31194325414809,0.755086301123735,0.893102740352697,343,FALSE
ulm,KLF1,PPvsNN,0.309814320759762,0.756704792871757,0.893102740352697,344,FALSE
ulm,HOXB3,PPvsNN,0.302604755023471,0.762193656516146,0.894767114359302,345,FALSE
ulm,FOXP3,PPvsNN,0.299670618938466,0.76443095134521,0.894767114359302,346,FALSE
ulm,HOXB2,PPvsNN,0.297717713407376,0.765921144504616,0.894767114359302,347,FALSE
ulm,DLX5,PPvsNN,0.291737858988228,0.77048952785034,0.894767114359302,348,FALSE
ulm,GATA1,PPvsNN,0.290666555350534,0.771308810328852,0.894767114359302,349,FALSE
ulm,POU4F2,PPvsNN,0.284606760227284,0.775947834340097,0.897304604639733,350,FALSE
ulm,KMT2A,PPvsNN,0.276116397414355,0.782460993217656,0.903409222453193,351,FALSE
ulm,NR2F1,PPvsNN,0.269539449390575,0.787516856412691,0.906387325305173,352,FALSE
ulm,HDAC9,PPvsNN,0.261149760167798,0.793979212312261,0.9109604755683,353,FALSE
ulm,TAF1,PPvsNN,0.257483634123582,0.796807607736564,0.912774912148928,354,FALSE
ulm,PAX2,PPvsNN,0.254965975408175,0.798751516409581,0.913032970632711,355,FALSE
ulm,LEF1,PPvsNN,0.253773198857518,0.799672907223718,0.913032970632711,356,FALSE
ulm,FOXO4,PPvsNN,0.2516582640242,0.801307327873799,0.913032970632711,357,FALSE
ulm,EGR4,PPvsNN,0.249722179654188,0.802804296040629,0.913032970632711,358,FALSE
ulm,LYL1,PPvsNN,0.244572081839649,0.806789829079811,0.915612643234762,359,FALSE
ulm,TBX18,PPvsNN,0.239378198342977,0.810814334134543,0.917280639683451,360,FALSE
ulm,NFIX,PPvsNN,0.231760884157648,0.816725673334272,0.918345918403513,361,FALSE
ulm,CTCF,PPvsNN,0.226864947656296,0.820530649901676,0.921209257251575,362,FALSE
ulm,NR3C2,PPvsNN,0.223403980415509,0.823222967299905,0.922816557524549,363,FALSE
ulm,GTF2I,PPvsNN,0.209076430276818,0.834390310386458,0.929963177174747,364,FALSE
ulm,SATB2,PPvsNN,0.207078199804023,0.835950506258175,0.929963177174747,365,FALSE
ulm,KAT5,PPvsNN,0.187290300551751,0.851434576721979,0.938225845492722,366,FALSE
ulm,EPAS1,PPvsNN,0.168567998629097,0.866137843721694,0.944877647696394,367,FALSE
ulm,PPARD,PPvsNN,0.155689870722292,0.876278763094143,0.95168554092717,368,FALSE
ulm,BCOR,PPvsNN,0.147210071811611,0.882967421077355,0.954758755312307,369,FALSE
ulm,HOXA11,PPvsNN,0.139408704781982,0.889128338778843,0.958530108963348,370,FALSE
ulm,TWIST1,PPvsNN,0.137488224817208,0.890646028205211,0.958754253891492,371,FALSE
ulm,ZBTB7B,PPvsNN,0.13396536283226,0.893431063137387,0.960339997381156,372,FALSE
ulm,NONO,PPvsNN,0.129135862215245,0.897251204538221,0.961622081584154,373,FALSE
ulm,NEUROG2,PPvsNN,0.111924345935879,0.910884308551641,0.967855074322656,374,FALSE
ulm,SALL2,PPvsNN,0.111778184920896,0.911000199738129,0.967855074322656,375,FALSE
ulm,TFAP4,PPvsNN,0.110080888405052,0.912346125541054,0.96788023753051,376,FALSE
ulm,NR1I3,PPvsNN,0.0980691140139663,0.92187821412612,0.972355695591239,377,FALSE
ulm,PREB,PPvsNN,0.091579756848439,0.92703268346798,0.974982649854254,378,FALSE
ulm,SALL1,PPvsNN,0.0892574364994308,0.928878048560789,0.975521853007888,379,FALSE
ulm,NEUROG1,PPvsNN,0.0825584134659944,0.934203343310485,0.97568192865457,380,FALSE
ulm,HIVEP2,PPvsNN,0.0823588051179796,0.934362065555811,0.97568192865457,381,FALSE
ulm,GTF2IRD1,PPvsNN,0.0756750704283639,0.939678227243967,0.978441624953889,382,FALSE
ulm,LRRFIP1,PPvsNN,0.0726027765949728,0.942122809179537,0.97959360272645,383,FALSE
ulm,DACH1,PPvsNN,0.0698616901675133,0.944304314979039,0.980469161084619,384,FALSE
ulm,PLAG1,PPvsNN,0.0574657916371538,0.954174623517385,0.984900367469024,385,FALSE
ulm,YBX1,PPvsNN,0.0541655812038995,0.956803683804161,0.984900367469024,386,FALSE
ulm,RORA,PPvsNN,0.0525215349881509,0.958113564320657,0.984900367469024,387,TRUE
ulm,SMARCC1,PPvsNN,0.0509873527920181,0.959336013668598,0.984900367469024,388,FALSE
ulm,NR0B1,PPvsNN,0.0384377977921524,0.96933893780294,0.99076913486062,389,FALSE
ulm,POU3F1,PPvsNN,0.0360918113644276,0.971209445386123,0.99076913486062,390,FALSE
ulm,EGR2,PPvsNN,0.0238942804498203,0.980937130909545,0.99076913486062,391,FALSE
ulm,MTA3,PPvsNN,0.0235783914758328,0.981189100280259,0.99076913486062,392,FALSE
ulm,TBX5,PPvsNN,0.0195005549501189,0.984441952970158,0.992577836879002,393,FALSE
ulm,MITF,PPvsNN,0.0169612051860878,0.986467703058698,0.993252212708345,394,FALSE
ulm,SIX4,PPvsNN,0.00902247426504874,0.992801278136344,0.995521281638088,395,FALSE
ulm,FOXO1,PPvsNN,0.00572287478287828,0.995433878036944,0.995838059195982,396,FALSE
ulm,SOX11,PPvsNN,0.00521629607546715,0.995838059195982,0.995838059195982,397,FALSE
ulm,ZBTB16,PPvsNN,-0.0111539637199968,0.991100699807562,0.995179303510474,398,FALSE
ulm,TCF3,PPvsNN,-0.0125475014206089,0.989988907090888,0.995179303510474,399,FALSE
ulm,ATF3,PPvsNN,-0.0234461711159105,0.981294566631078,0.99076913486062,400,FALSE
ulm,HOXC13,PPvsNN,-0.0261713141777874,0.979120908936851,0.99076913486062,401,FALSE
ulm,SMAD1,PPvsNN,-0.0272803647721247,0.978236339635891,0.99076913486062,402,FALSE
ulm,TADA2A,PPvsNN,-0.0280268983377584,0.977640925831364,0.99076913486062,403,FALSE
ulm,SP7,PPvsNN,-0.0291372498894124,0.976755364358905,0.99076913486062,404,FALSE
ulm,TCF4,PPvsNN,-0.0343782972175092,0.972575769315941,0.99076913486062,405,FALSE
ulm,HDAC3,PPvsNN,-0.0358344716288408,0.971414637953542,0.99076913486062,406,FALSE
ulm,LMX1B,PPvsNN,-0.0418933323780316,0.966584072742284,0.99076913486062,407,FALSE
ulm,TCF12,PPvsNN,-0.0513958706292713,0.959010493740816,0.984900367469024,408,FALSE
ulm,ZIC2,PPvsNN,-0.0583867777134469,0.953441022328575,0.984900367469024,409,FALSE
ulm,NR2C1,PPvsNN,-0.0661608947629633,0.947250269247819,0.980745681880345,410,FALSE
ulm,NSD2,PPvsNN,-0.067555966052169,0.946139659957512,0.980745681880345,411,FALSE
ulm,ZNF236,PPvsNN,-0.0801888913522542,0.936087679390248,0.976091426372738,412,FALSE
ulm,MYBL1,PPvsNN,-0.0858856622760366,0.931558010310006,0.975537143843954,413,FALSE
ulm,PIN1,PPvsNN,-0.087309657029464,0.930426090917529,0.975537143843954,414,FALSE
ulm,KLF6,PPvsNN,-0.0936861863109248,0.925359209009648,0.974622936683543,415,FALSE
ulm,PRRX1,PPvsNN,-0.100031520468501,0.920320118821737,0.972113025941575,416,FALSE
ulm,FOXE1,PPvsNN,-0.10076637512818,0.91973674336294,0.972113025941575,417,FALSE
ulm,TEAD2,PPvsNN,-0.106983019016062,0.914803326324222,0.969082539608293,418,FALSE
ulm,BRD4,PPvsNN,-0.113356872593368,0.909748557742917,0.967855074322656,419,FALSE
ulm,HBP1,PPvsNN,-0.113536831869744,0.909605893533812,0.967855074322656,420,FALSE
ulm,NKX2-2,PPvsNN,-0.119144400372441,0.905161930641717,0.967267931722243,421,FALSE
ulm,NRG1,PPvsNN,-0.11993350024522,0.904536809002676,0.967267931722243,422,FALSE
ulm,USF1,PPvsNN,-0.130624690866282,0.89607328091198,0.961622081584154,423,FALSE
ulm,CEBPA,PPvsNN,-0.143286137572784,0.886065380603468,0.956636959589584,424,FALSE
ulm,KDM5C,PPvsNN,-0.14714166013783,0.883021417139934,0.954758755312307,425,FALSE
ulm,HEY1,PPvsNN,-0.152398253562672,0.878874088044942,0.953090122146515,426,FALSE
ulm,FOXP2,PPvsNN,-0.156122292643404,0.875937911769299,0.95168554092717,427,FALSE
ulm,ZNF217,PPvsNN,-0.159667938597311,0.873143972941396,0.951103256239735,428,FALSE
ulm,ZFHX3,PPvsNN,-0.169063257086766,0.865748279678328,0.944877647696394,429,FALSE
ulm,WT1,PPvsNN,-0.172116586841624,0.863347293046225,0.944649056068516,430,FALSE
ulm,SMARCB1,PPvsNN,-0.176958754295026,0.859542248732197,0.941893601904144,431,FALSE
ulm,KDM2A,PPvsNN,-0.177651028847279,0.85899851377321,0.941893601904144,432,FALSE
ulm,HOXA10,PPvsNN,-0.18358732854266,0.854338722164866,0.93900291985688,433,FALSE
ulm,FOXG1,PPvsNN,-0.186122824469582,0.852349982585601,0.938225845492722,434,FALSE
ulm,ELK3,PPvsNN,-0.186386201795424,0.852143453740677,0.938225845492722,435,FALSE
ulm,VSX2,PPvsNN,-0.189168748408862,0.849962125877332,0.938225845492722,436,FALSE
ulm,PAX8,PPvsNN,-0.191825413297016,0.847880551727963,0.938225845492722,437,FALSE
ulm,EBF1,PPvsNN,-0.199523057962797,0.841855262364985,0.933694018259347,438,FALSE
ulm,SETBP1,PPvsNN,-0.203555863103249,0.838702275817203,0.931608597721081,439,FALSE
ulm,PITX2,PPvsNN,-0.207973161648821,0.83525164992103,0.929963177174747,440,FALSE
ulm,FOXQ1,PPvsNN,-0.211400409119976,0.832576593992465,0.929963177174747,441,FALSE
ulm,RUNX1,PPvsNN,-0.218086307035782,0.82736368043498,0.926040082688694,442,FALSE
ulm,RREB1,PPvsNN,-0.23459485935832,0.814525158188857,0.917280639683451,443,FALSE
ulm,PHOX2B,PPvsNN,-0.235687566779537,0.813677086319162,0.917280639683451,444,FALSE
ulm,NFIL3,PPvsNN,-0.237247328673873,0.812466902818963,0.917280639683451,445,FALSE
ulm,ZNF263,PPvsNN,-0.23955668155303,0.810675951920264,0.917280639683451,446,FALSE
ulm,LMO2,PPvsNN,-0.249120777347314,0.80326944410856,0.913032970632711,447,FALSE
ulm,MAML1,PPvsNN,-0.261209556778576,0.793933101904605,0.9109604755683,448,FALSE
ulm,KAT6A,PPvsNN,-0.273492269099912,0.784477137198738,0.904310652644844,449,FALSE
ulm,EGR3,PPvsNN,-0.288555099977749,0.772924298024495,0.895222446446092,450,FALSE
ulm,ETV1,PPvsNN,-0.291132464132997,0.770952473867581,0.894767114359302,451,FALSE
ulm,SPIB,PPvsNN,-0.292944538166016,0.769567023190707,0.894767114359302,452,FALSE
ulm,RFX3,PPvsNN,-0.296981346103979,0.766483265649537,0.894767114359302,453,FALSE
ulm,UBTF,PPvsNN,-0.29994753764817,0.76421971493037,0.894767114359302,454,FALSE
ulm,ZNF423,PPvsNN,-0.303142875166153,0.761783551922494,0.894767114359302,455,FALSE
ulm,ASCL1,PPvsNN,-0.308541133369833,0.757673226446755,0.893102740352697,456,FALSE
ulm,TBX10,PPvsNN,-0.311144848110003,0.755693152546,0.893102740352697,457,FALSE
ulm,FOXP1,PPvsNN,-0.324177787149709,0.745806202542102,0.886250227696134,458,FALSE
ulm,ETV2,PPvsNN,-0.331960925485571,0.739921601087398,0.880687173977196,459,FALSE
ulm,LHX8,PPvsNN,-0.340156449921668,0.733741625735186,0.874753859996997,460,FALSE
ulm,GFI1B,PPvsNN,-0.341816197675578,0.732492147666678,0.874688828861352,461,FALSE
ulm,FEV,PPvsNN,-0.343877587035377,0.730941295990483,0.874263118733715,462,FALSE
ulm,NR4A3,PPvsNN,-0.344855939832383,0.730205632905519,0.874263118733715,463,FALSE
ulm,CRX,PPvsNN,-0.355600820062048,0.722142587631875,0.867994046217624,464,FALSE
ulm,TFE3,PPvsNN,-0.356888222261082,0.721178557492507,0.867994046217624,465,FALSE
ulm,NR1H2,PPvsNN,-0.365735025262076,0.714565962007058,0.863139082820407,466,FALSE
ulm,EN1,PPvsNN,-0.394777765089973,0.693010338691224,0.844065836808612,467,FALSE
ulm,FOXF2,PPvsNN,-0.411342257307281,0.680825182189044,0.834780625397621,468,FALSE
ulm,ZEB1,PPvsNN,-0.412460423988434,0.680005587759731,0.834780625397621,469,FALSE
ulm,ERG,PPvsNN,-0.414817689807187,0.678278996950376,0.834780625397621,470,FALSE
ulm,SMAD7,PPvsNN,-0.439453109124581,0.660337123277754,0.819265719049688,471,FALSE
ulm,ZGLP1,PPvsNN,-0.440871750928901,0.659309731562696,0.819265719049688,472,FALSE
ulm,KLF8,PPvsNN,-0.451399417567819,0.65170569425093,0.812689213273732,473,FALSE
ulm,NRL,PPvsNN,-0.454097614362845,0.649762588589987,0.812689213273732,474,FALSE
ulm,CREB3L1,PPvsNN,-0.456531655427719,0.648011755672505,0.812689213273732,475,FALSE
ulm,PBX1,PPvsNN,-0.458659744670734,0.646482590299387,0.812689213273732,476,FALSE
ulm,CREB5,PPvsNN,-0.459228490097974,0.646074163509852,0.812689213273732,477,FALSE
ulm,KAT2B,PPvsNN,-0.461467721725675,0.64446716682906,0.812689213273732,478,FALSE
ulm,SIM2,PPvsNN,-0.468163266966189,0.639671998777959,0.812689213273732,479,FALSE
ulm,ID1,PPvsNN,-0.468787828267591,0.639225467578116,0.812689213273732,480,FALSE
ulm,HIF3A,PPvsNN,-0.47672629506931,0.633561283209102,0.812689213273732,481,FALSE
ulm,BMAL1,PPvsNN,-0.479491986810585,0.631592942935786,0.812523785991205,482,FALSE
ulm,FEZF1,PPvsNN,-0.49176213544316,0.622891908055317,0.802740980099459,483,FALSE
ulm,NR5A2,PPvsNN,-0.492318424840655,0.622498663795347,0.802740980099459,484,FALSE
ulm,TEF,PPvsNN,-0.493595410156587,0.621596362814199,0.802740980099459,485,FALSE
ulm,TGFB1I1,PPvsNN,-0.501308362816611,0.616158619962985,0.802541120663532,486,FALSE
ulm,FEZF2,PPvsNN,-0.502852159980058,0.615072733504155,0.802541120663532,487,FALSE
ulm,FOXL2,PPvsNN,-0.503067695732485,0.614921195506423,0.802541120663532,488,FALSE
ulm,HES1,PPvsNN,-0.514067769374408,0.607209242037455,0.799419361819096,489,FALSE
ulm,LHX3,PPvsNN,-0.514470719441534,0.606927562510939,0.799419361819096,490,FALSE
ulm,IRX1,PPvsNN,-0.51992672400069,0.60311934087123,0.799419361819096,491,FALSE
ulm,HOXB7,PPvsNN,-0.521014580327453,0.602361318302033,0.799419361819096,492,FALSE
ulm,PROX1,PPvsNN,-0.543008285469372,0.587129032357662,0.78714002140258,493,FALSE
ulm,FOXC2,PPvsNN,-0.545627016998889,0.585327311380679,0.786164388863591,494,FALSE
ulm,PLAGL1,PPvsNN,-0.547391854680704,0.584114530922314,0.785977640873408,495,FALSE
ulm,TCF7,PPvsNN,-0.550658217815414,0.581873007230501,0.784403390962665,496,FALSE
ulm,GATA5,PPvsNN,-0.564842947582187,0.572185758233528,0.775629583383226,497,FALSE
ulm,HLF,PPvsNN,-0.56587098356426,0.571486664976974,0.775629583383226,498,FALSE
ulm,AR,PPvsNN,-0.573633632398365,0.566221007635038,0.7703973561131,499,FALSE
ulm,ASCL2,PPvsNN,-0.575885030380564,0.564698178474517,0.769756176244592,500,FALSE
ulm,NR6A1,PPvsNN,-0.578016111972459,0.563258548194102,0.76922622626508,501,FALSE
ulm,TBX20,PPvsNN,-0.594078728122761,0.552464937017671,0.762888947602297,502,FALSE
ulm,MLX,PPvsNN,-0.606440964459165,0.544227586226884,0.757897292459838,503,FALSE
ulm,E2F6,PPvsNN,-0.610385302900949,0.541612257310056,0.757897292459838,504,FALSE
ulm,CTCFL,PPvsNN,-0.610406334167661,0.54159832917405,0.757897292459838,505,FALSE
ulm,SREBF1,PPvsNN,-0.615376171790684,0.538312033760761,0.757897292459838,506,FALSE
ulm,MAFA,PPvsNN,-0.627184020566065,0.530544454869521,0.757897292459838,507,FALSE
ulm,ID3,PPvsNN,-0.63574119253611,0.524951054720224,0.754939434293131,508,FALSE
ulm,MEF2D,PPvsNN,-0.640408979411287,0.521912729483646,0.752047476342576,509,FALSE
ulm,HOXB5,PPvsNN,-0.656287658444601,0.511645213811005,0.741632270316149,510,FALSE
ulm,ARX,PPvsNN,-0.660366047814344,0.509025156567848,0.739298441681875,511,FALSE
ulm,HIVEP1,PPvsNN,-0.664060750502342,0.506657672184446,0.739298441681875,512,FALSE
ulm,MXI1,PPvsNN,-0.667331257261975,0.504566843402135,0.738685858740725,513,FALSE
ulm,ESRRB,PPvsNN,-0.671968385163792,0.501610152767015,0.735828921493898,514,FALSE
ulm,NCOA2,PPvsNN,-0.682161945964722,0.495142996320065,0.727800548807807,515,FALSE
ulm,RUNX2,PPvsNN,-0.685057978873,0.493313809487153,0.726570842142045,516,FALSE
ulm,ARID5B,PPvsNN,-0.689101675241509,0.4907658047061,0.724275340816261,517,FALSE
ulm,ZNF804A,PPvsNN,-0.689908223489761,0.490258431807142,0.724275340816261,518,FALSE
ulm,MESP2,PPvsNN,-0.69944877922708,0.484278245905622,0.721978973529359,519,FALSE
ulm,FOXN1,PPvsNN,-0.704046212280374,0.48141067934523,0.719221383346099,520,FALSE
ulm,GATA3,PPvsNN,-0.729729895461471,0.465562272763871,0.706434994131354,521,FALSE
ulm,DLX4,PPvsNN,-0.732497501587313,0.463871967008597,0.706434994131354,522,FALSE
ulm,PAX7,PPvsNN,-0.738920599023301,0.459962284456,0.702906873114389,523,FALSE
ulm,ETV6,PPvsNN,-0.740632707463408,0.458923261128821,0.702906873114389,524,FALSE
ulm,ZBTB7A,PPvsNN,-0.748167926149076,0.454366048499813,0.701679214138952,525,FALSE
ulm,CLOCK,PPvsNN,-0.755809701766174,0.449770557860428,0.696050842185694,526,FALSE
ulm,MLXIP,PPvsNN,-0.762883589765261,0.445540161041896,0.690964826022602,527,FALSE
ulm,TFAP2C,PPvsNN,-0.769233973027795,0.44176183356292,0.689487552597138,528,FALSE
ulm,KLF12,PPvsNN,-0.774594256223412,0.438586919546383,0.687463865327522,529,FALSE
ulm,TP73,PPvsNN,-0.778455090514371,0.436308282142358,0.686833682856358,530,FALSE
ulm,TBX1,PPvsNN,-0.799179287291675,0.424194199610658,0.671523134020309,531,FALSE
ulm,ZNF160,PPvsNN,-0.802987622159386,0.421989670230471,0.670057350561181,532,FALSE
ulm,ID4,PPvsNN,-0.804919045531889,0.420874199797191,0.669738944025095,533,FALSE
ulm,DLX2,PPvsNN,-0.813890733133473,0.415715451478544,0.665872451821212,534,FALSE
ulm,NOTCH1,PPvsNN,-0.825747163383137,0.408955564030801,0.659373288261115,535,FALSE
ulm,SIN3A,PPvsNN,-0.829518418625052,0.406819192232232,0.657376707977911,536,FALSE
ulm,KLF13,PPvsNN,-0.832799362166815,0.404966003874458,0.655902392196919,537,FALSE
ulm,WWTR1,PPvsNN,-0.840162660399767,0.400825381027627,0.652401036411655,538,FALSE
ulm,HOXD3,PPvsNN,-0.840599942224783,0.400580285837024,0.652401036411655,539,FALSE
ulm,HDGF,PPvsNN,-0.857677647047898,0.391078867178146,0.640788514223816,540,FALSE
ulm,MYT1,PPvsNN,-0.857991653167863,0.390905456732359,0.640788514223816,541,FALSE
ulm,TEAD1,PPvsNN,-0.862572103577728,0.388381207705649,0.640304153244448,542,FALSE
ulm,CTNNB1,PPvsNN,-0.862876972317942,0.388213550167371,0.640304153244448,543,FALSE
ulm,BCL6,PPvsNN,-0.873668879889092,0.382307157297597,0.633142170004165,544,FALSE
ulm,HNF4G,PPvsNN,-0.875836766259591,0.381127356986451,0.632619558535334,545,FALSE
ulm,ARID4A,PPvsNN,-0.886899303230816,0.375141813296409,0.624099562120389,546,FALSE
ulm,SNAI1,PPvsNN,-0.888345650968539,0.374363562582584,0.624099562120389,547,FALSE
ulm,VEZF1,PPvsNN,-0.903734277192269,0.366145195120438,0.613314148348194,548,FALSE
ulm,KDM5D,PPvsNN,-0.906071652335208,0.364906829536922,0.61264174133263,549,FALSE
ulm,BMAL2,PPvsNN,-0.906744182061754,0.364551001618254,0.61264174133263,550,FALSE
ulm,PBX2,PPvsNN,-0.908260547866169,0.363749505504711,0.61264174133263,551,FALSE
ulm,TEAD4,PPvsNN,-0.910171842424609,0.362740835851267,0.61264174133263,552,FALSE
ulm,SCX,PPvsNN,-0.928688933888481,0.353059456893616,0.601008102837455,553,FALSE
ulm,ATOH7,PPvsNN,-0.930249193973135,0.352251232388482,0.601008102837455,554,FALSE
ulm,TBPL2,PPvsNN,-0.937539429758827,0.348490383346458,0.597412085736786,555,FALSE
ulm,ZNF362,PPvsNN,-0.940766042190592,0.346834031957062,0.596695582465641,556,FALSE
ulm,FOXA1,PPvsNN,-0.960703786490354,0.336710597702007,0.582676495314112,557,FALSE
ulm,HIC1,PPvsNN,-0.969845934751558,0.3321328564954,0.580042032528887,558,FALSE
ulm,TCF7L2,PPvsNN,-0.976310416279095,0.328920289059496,0.578773200941229,559,FALSE
ulm,ARNT,PPvsNN,-0.976935597038283,0.32861067304833,0.578773200941229,560,FALSE
ulm,THRA,PPvsNN,-0.977038504331517,0.328559727114436,0.578773200941229,561,FALSE
ulm,SP4,PPvsNN,-0.982281506466015,0.325970872279976,0.577749826898166,562,FALSE
ulm,GCM1,PPvsNN,-0.983988158079273,0.32513104199639,0.577660006653781,563,FALSE
ulm,NFIB,PPvsNN,-0.991063239409405,0.321664478862764,0.574288776896447,564,FALSE
ulm,HOXB4,PPvsNN,-0.994298940403307,0.320087160795973,0.57427402378101,565,FALSE
ulm,ARID1A,PPvsNN,-0.997031265411273,0.31875917061324,0.573296591864599,566,FALSE
ulm,TBX3,PPvsNN,-1.01147393514608,0.311799628422965,0.563548958038543,567,FALSE
ulm,FOXI1,PPvsNN,-1.01958932156049,0.307933328605602,0.559323068335733,568,FALSE
ulm,PKNOX1,PPvsNN,-1.02363257777701,0.306018947849238,0.557228531904583,569,FALSE
ulm,ZNF354C,PPvsNN,-1.03214381744047,0.302014927296544,0.551309044341822,570,FALSE
ulm,SOX18,PPvsNN,-1.04228519318142,0.297289748771162,0.544040240251227,571,FALSE
ulm,SOX4,PPvsNN,-1.05366686005907,0.292045846621554,0.538482518203974,572,FALSE
ulm,TCF15,PPvsNN,-1.05464272756533,0.291599143573302,0.538482518203974,573,FALSE
ulm,PTF1A,PPvsNN,-1.06444430277104,0.287137952517531,0.534525489828876,574,FALSE
ulm,OLIG1,PPvsNN,-1.06490243614933,0.286930566036053,0.534525489828876,575,FALSE
ulm,NR2E3,PPvsNN,-1.06529691000927,0.286752077805083,0.534525489828876,576,FALSE
ulm,ZKSCAN7,PPvsNN,-1.08021292134361,0.28005799776889,0.529722104307047,577,FALSE
ulm,SMAD5,PPvsNN,-1.08303656704711,0.278802839819515,0.528714193647371,578,FALSE
ulm,HAND2,PPvsNN,-1.08419707305525,0.278288086766635,0.528714193647371,579,FALSE
ulm,FOXC1,PPvsNN,-1.08448430339981,0.278160783050046,0.528714193647371,580,FALSE
ulm,POU1F1,PPvsNN,-1.09427173500682,0.273846564526167,0.524753102704592,581,FALSE
ulm,HDAC1,PPvsNN,-1.11150602323868,0.266361494463866,0.511749642906955,582,FALSE
ulm,PROP1,PPvsNN,-1.11595228442101,0.264453493089559,0.511257779600758,583,FALSE
ulm,PITX3,PPvsNN,-1.11921338100716,0.263060079126798,0.510769172203757,584,FALSE
ulm,KLF11,PPvsNN,-1.13529588317674,0.256262460951465,0.501561821969177,585,FALSE
ulm,PDX1,PPvsNN,-1.1428810259744,0.253099147426906,0.49669859495039,586,FALSE
ulm,SOX17,PPvsNN,-1.14758112141361,0.251152720696138,0.494204356094565,587,FALSE
ulm,SOX5,PPvsNN,-1.14977558713333,0.250247523992168,0.494204356094565,588,FALSE
ulm,NFE2L3,PPvsNN,-1.15027572812904,0.250041539709468,0.494204356094565,589,FALSE
ulm,MLXIPL,PPvsNN,-1.154966765015,0.248115289077241,0.493533672838425,590,FALSE
ulm,NR2E1,PPvsNN,-1.16792829589338,0.242847042603556,0.487024753933706,591,FALSE
ulm,RARG,PPvsNN,-1.17174668654237,0.24131015546989,0.485648543343024,592,FALSE
ulm,SF1,PPvsNN,-1.18241748203184,0.237051552755584,0.482004823936354,593,FALSE
ulm,TRERF1,PPvsNN,-1.18259987734904,0.236979225365698,0.482004823936354,594,FALSE
ulm,FOXJ1,PPvsNN,-1.18766375019865,0.234977412447324,0.480456608691176,595,FALSE
ulm,HOXA9,PPvsNN,-1.20452384412811,0.228398795120392,0.473905477433892,596,FALSE
ulm,SMAD2,PPvsNN,-1.21790238401543,0.223272786620098,0.46829707680777,597,FALSE
ulm,MZF1,PPvsNN,-1.22045414899669,0.222304494779719,0.467606006260789,598,FALSE
ulm,NEUROD1,PPvsNN,-1.22136201257627,0.221960723488569,0.467606006260789,599,FALSE
ulm,NFIC,PPvsNN,-1.23067767268376,0.218455244394492,0.462165430337481,600,FALSE
ulm,FOXA3,PPvsNN,-1.23083595669902,0.218396027861394,0.462165430337481,601,FALSE
ulm,ZNF436,PPvsNN,-1.23178114049599,0.218042659854224,0.462165430337481,602,FALSE
ulm,GBX2,PPvsNN,-1.2317824139361,0.218042184041146,0.462165430337481,603,FALSE
ulm,CDX1,PPvsNN,-1.24437722791077,0.213372651372923,0.45937876707347,604,FALSE
ulm,DLX1,PPvsNN,-1.26357053364859,0.206396225726279,0.450991155915333,605,FALSE
ulm,FOXF1,PPvsNN,-1.2646841679385,0.205996584568636,0.450991155915333,606,FALSE
ulm,YBX3,PPvsNN,-1.27018373907634,0.204031238248425,0.448501100293836,607,FALSE
ulm,ESRRA,PPvsNN,-1.2719507956873,0.203402662392422,0.448466111057991,608,FALSE
ulm,KLF9,PPvsNN,-1.28399150781301,0.19915705613799,0.443109316392123,609,FALSE
ulm,SRF,PPvsNN,-1.30452913803686,0.192065472310107,0.429944727006111,610,FALSE
ulm,ZBTB32,PPvsNN,-1.30555932914652,0.19171470512506,0.429944727006111,611,FALSE
ulm,E2F7,PPvsNN,-1.30628918531453,0.191466483561015,0.429944727006111,612,FALSE
ulm,LHX1,PPvsNN,-1.30748827930553,0.191059189319734,0.429944727006111,613,FALSE
ulm,NR2F2,PPvsNN,-1.31493692101268,0.188543397355311,0.427287203913584,614,FALSE
ulm,KLF15,PPvsNN,-1.31680879033407,0.187915029354373,0.427185718904972,615,FALSE
ulm,DLX3,PPvsNN,-1.3329088568675,0.182574097267965,0.418430609446332,616,FALSE
ulm,KDM5B,PPvsNN,-1.33606556019738,0.181540241808928,0.418430609446332,617,FALSE
ulm,SPDEF,PPvsNN,-1.34228500824995,0.179516026952651,0.415840923194115,618,FALSE
ulm,ZMYND8,PPvsNN,-1.3584605633585,0.174330082479661,0.40725173657898,619,FALSE
ulm,PAX3,PPvsNN,-1.37182135377194,0.170131606080784,0.403106247253073,620,FALSE
ulm,RXRG,PPvsNN,-1.37469219892476,0.169239449888965,0.403106247253073,621,FALSE
ulm,SMAD4,PPvsNN,-1.37503420991285,0.169133399452843,0.403106247253073,622,FALSE
ulm,MEIS1,PPvsNN,-1.3758606972194,0.1688773288743,0.403106247253073,623,FALSE
ulm,LMO4,PPvsNN,-1.37692878913665,0.16854683296089,0.403106247253073,624,FALSE
ulm,NR4A2,PPvsNN,-1.41101209501734,0.158253731795605,0.384856251409911,625,FALSE
ulm,RXRB,PPvsNN,-1.43197962558334,0.152162395924121,0.371725911825292,626,FALSE
ulm,HOXA5,PPvsNN,-1.43538772600431,0.15118939402048,0.371725911825292,627,FALSE
ulm,HESX1,PPvsNN,-1.44798705083809,0.147633454840401,0.367577173276101,628,FALSE
ulm,HOXA13,PPvsNN,-1.45644209348794,0.145283247526433,0.362960195185492,629,FALSE
ulm,POU3F2,PPvsNN,-1.45967257744151,0.144392889809662,0.362609116904121,630,FALSE
ulm,HDAC4,PPvsNN,-1.47609969448071,0.139929969065777,0.356894555247905,631,FALSE
ulm,DEAF1,PPvsNN,-1.4960691523348,0.134648502769999,0.345834049219788,632,FALSE
ulm,EBF3,PPvsNN,-1.51648497496949,0.129409654752404,0.335486673700842,633,FALSE
ulm,HOXD4,PPvsNN,-1.53445009429867,0.124931860731573,0.327778215252729,634,FALSE
ulm,SFPQ,PPvsNN,-1.5553160012749,0.119883731224715,0.318998702181368,635,FALSE
ulm,MEF2B,PPvsNN,-1.58030723677687,0.11404941883703,0.306927112458478,636,FALSE
ulm,E4F1,PPvsNN,-1.58463692368285,0.113061743471924,0.305391867975824,637,FALSE
ulm,GFI1,PPvsNN,-1.58617964694897,0.112711455171109,0.305391867975824,638,FALSE
ulm,ERF,PPvsNN,-1.5984099726496,0.109964648412705,0.301340743889996,639,FALSE
ulm,TFCP2,PPvsNN,-1.59869636013198,0.109900968285565,0.301340743889996,640,FALSE
ulm,KLF7,PPvsNN,-1.60250889764367,0.10905599928181,0.301340743889996,641,FALSE
ulm,OTX2,PPvsNN,-1.60493364956679,0.108521282424807,0.301340743889996,642,FALSE
ulm,KLF10,PPvsNN,-1.60718597753898,0.108026449800347,0.301340743889996,643,FALSE
ulm,GSC,PPvsNN,-1.62159947807595,0.104901988681166,0.297628898118657,644,FALSE
ulm,SRY,PPvsNN,-1.62219596827782,0.104774248024748,0.297628898118657,645,FALSE
ulm,MYRF,PPvsNN,-1.62587659117654,0.103988758690877,0.297628898118657,646,FALSE
ulm,NEUROD2,PPvsNN,-1.63610558735617,0.1018303222876,0.295776453923929,647,FALSE
ulm,TFDP3,PPvsNN,-1.64643559873641,0.0996869212511724,0.291883305423433,648,FALSE
ulm,HEY2,PPvsNN,-1.6510808810416,0.0987348637228883,0.290733128541458,649,FALSE
ulm,NEUROG3,PPvsNN,-1.6733904470553,0.0942632097597094,0.280490526602062,650,FALSE
ulm,CTBP1,PPvsNN,-1.69533571131297,0.0900244471379634,0.272305352499956,651,FALSE
ulm,SMAD6,PPvsNN,-1.717590983851,0.0858838693227639,0.263041808971812,652,FALSE
ulm,TTF1,PPvsNN,-1.71770364515789,0.0858633070718283,0.263041808971812,653,FALSE
ulm,ID2,PPvsNN,-1.72121923895638,0.0852236589709596,0.263041808971812,654,FALSE
ulm,ESR2,PPvsNN,-1.7234842440077,0.0848135952340961,0.263041808971812,655,FALSE
ulm,MAZ,PPvsNN,-1.74351058422897,0.0812569970858386,0.25418855498647,656,FALSE
ulm,MECOM,PPvsNN,-1.7617956398308,0.0781162883227682,0.246470357983907,657,FALSE
ulm,ZNF384,PPvsNN,-1.77821386893839,0.0753811215385817,0.239908612896703,658,FALSE
ulm,RB1,PPvsNN,-1.78808425327547,0.0737747562626833,0.236855796422299,659,FALSE
ulm,ZFPM2,PPvsNN,-1.79350896207268,0.0729038939685762,0.235090970859021,660,FALSE
ulm,YAP1,PPvsNN,-1.79705895260415,0.0723385593681668,0.234300112643797,661,FALSE
ulm,GATA2,PPvsNN,-1.82276947811668,0.0683504812184763,0.228459142702852,662,FALSE
ulm,ZNF91,PPvsNN,-1.84195525589056,0.065493760387643,0.224025385998854,663,FALSE
ulm,NPAS2,PPvsNN,-1.89492613136628,0.0581139379891598,0.202568583847928,664,FALSE
ulm,TRPS1,PPvsNN,-1.89657517758651,0.0578957680691863,0.202568583847928,665,FALSE
ulm,LMX1A,PPvsNN,-1.9113067237012,0.0559768186861223,0.199878201357276,666,FALSE
ulm,HOXA7,PPvsNN,-1.93179001535917,0.0533969341510256,0.191600763718386,667,FALSE
ulm,FGF2,PPvsNN,-1.95258180635662,0.0508805281508099,0.183470672937896,668,FALSE
ulm,ZNF382,PPvsNN,-1.96232977265674,0.0497353922890913,0.180229243344628,669,FALSE
ulm,PPARA,PPvsNN,-1.99394724492684,0.0461688736068513,0.168978077401076,670,FALSE
ulm,HOXB1,PPvsNN,-1.99489404820572,0.0460654830919666,0.168978077401076,671,FALSE
ulm,ZBTB14,PPvsNN,-2.05067625592976,0.0403090880579077,0.152094084837054,672,FALSE
ulm,SALL4,PPvsNN,-2.07824920973114,0.0376967851145098,0.145231824756954,673,FALSE
ulm,SIX1,PPvsNN,-2.10671564035514,0.0351523649191229,0.138879177363387,674,FALSE
ulm,ELF5,PPvsNN,-2.11192101837879,0.0347033082431703,0.138058813228264,675,FALSE
ulm,PAX9,PPvsNN,-2.11422758889772,0.0345058974166506,0.138023589666602,676,FALSE
ulm,DBP,PPvsNN,-2.12389133387778,0.033689210314269,0.135497263461785,677,FALSE
ulm,MKX,PPvsNN,-2.13044260481728,0.0331450108290198,0.134045016170401,678,FALSE
ulm,SOX9,PPvsNN,-2.15027452031595,0.0315432512152616,0.128275888275397,679,FALSE
ulm,ZEB2,PPvsNN,-2.15854193170099,0.0308953922020076,0.126343168111003,680,FALSE
ulm,HOXA1,PPvsNN,-2.16337760515649,0.0305217751996369,0.125516513742327,681,FALSE
ulm,ZNF24,PPvsNN,-2.18604524701549,0.0288217154856885,0.119194891161153,682,FALSE
ulm,PITX1,PPvsNN,-2.1889910450191,0.0286068842292411,0.119194891161153,683,FALSE
ulm,PGR,PPvsNN,-2.20434444205379,0.0275093817448487,0.115729123202467,684,FALSE
ulm,GLI1,PPvsNN,-2.21251810009508,0.0269400634067991,0.114651897754517,685,FALSE
ulm,PRDM4,PPvsNN,-2.23850970033653,0.025196769971276,0.107859857420901,686,FALSE
ulm,GLI2,PPvsNN,-2.26046002748298,0.0238014430710582,0.102486213694204,687,FALSE
ulm,ZIC1,PPvsNN,-2.28216574175243,0.0224880806273798,0.0990695757415064,688,FALSE
ulm,TRIM28,PPvsNN,-2.28944448230817,0.0220619950870736,0.0990695757415064,689,FALSE
ulm,NFATC4,PPvsNN,-2.2966813006377,0.0216453434115696,0.0984123688029129,690,FALSE
ulm,TBX2,PPvsNN,-2.36671819030899,0.0179543145078974,0.0849376829788228,691,FALSE
ulm,MYF5,PPvsNN,-2.40290956149005,0.0162725896048308,0.0788843416605042,692,FALSE
ulm,SOX10,PPvsNN,-2.43375974322162,0.0149500003076317,0.0729560015012426,693,FALSE
ulm,BCL11A,PPvsNN,-2.43523608272493,0.0148891530325121,0.0729560015012426,694,FALSE
ulm,ZNF331,PPvsNN,-2.45869005547545,0.0139513526608011,0.0690026361331514,695,FALSE
ulm,VHL,PPvsNN,-2.46304646675627,0.0137830236659391,0.0686338321324314,696,FALSE
ulm,MYF6,PPvsNN,-2.4734619805832,0.0133878253206251,0.0675854354117076,697,FALSE
ulm,EMX2,PPvsNN,-2.50185491181605,0.0123609148446896,0.0628346504605056,698,FALSE
ulm,PHOX2A,PPvsNN,-2.51298711334051,0.0119777299600792,0.061312575739706,699,FALSE
ulm,TOX3,PPvsNN,-2.54361363555908,0.0109773196556325,0.0581668607244822,700,FALSE
ulm,BARX1,PPvsNN,-2.58081994731677,0.00986235170690911,0.0551087133546372,701,FALSE
ulm,MSX2,PPvsNN,-2.60362975381917,0.00922979075024172,0.0523736963502089,702,FALSE
ulm,ZBTB4,PPvsNN,-2.61200400443143,0.00900680440072372,0.0515076626666388,703,FALSE
ulm,IKZF4,PPvsNN,-2.61379785516229,0.00895966876536588,0.0515076626666388,704,FALSE
ulm,MSX1,PPvsNN,-2.65237669713056,0.00799787532991596,0.0472132640443426,705,FALSE
ulm,SMARCA5,PPvsNN,-2.67621491618171,0.00745083586391549,0.044705015183493,706,FALSE
ulm,HOXC6,PPvsNN,-2.67673648902055,0.00743925141804267,0.044705015183493,707,FALSE
ulm,SMAD3,PPvsNN,-2.70144394103416,0.00690865618360688,0.042142802720002,708,FALSE
ulm,MYOG,PPvsNN,-2.71486101340412,0.00663499714830793,0.0408135959038774,709,FALSE
ulm,SKIL,PPvsNN,-2.71848858237342,0.00656270152153281,0.0407109958793391,710,FALSE
ulm,MYOD1,PPvsNN,-2.74142143074048,0.00612183051692647,0.0386308615378463,711,FALSE
ulm,NR4A1,PPvsNN,-2.74414743248713,0.00607123910081791,0.0386308615378463,712,FALSE
ulm,FOXO3,PPvsNN,-2.74919064885095,0.00597863480293319,0.0383891287346236,713,FALSE
ulm,SOX2,PPvsNN,-2.76549351035235,0.00568792256241748,0.0368456576609698,714,FALSE
ulm,GLI3,PPvsNN,-2.77896948170562,0.00545731347150009,0.0359887699201627,715,FALSE
ulm,PURA,PPvsNN,-2.86431437929639,0.0041826767346572,0.0283492534237877,716,FALSE
ulm,GATA6,PPvsNN,-2.87367656577124,0.00406072636487126,0.0277799224213623,717,FALSE
ulm,BARX2,PPvsNN,-2.89049521675968,0.00384972754604885,0.0265849109783751,718,FALSE
ulm,NKX2-5,PPvsNN,-2.94798965275649,0.00320149132543685,0.0227523461186386,719,FALSE
ulm,MEF2C,PPvsNN,-3.05544200201571,0.00224970368772917,0.0166341727213914,720,FALSE
ulm,MEF2A,PPvsNN,-3.067403038197,0.00216162697369959,0.0163124839664753,721,FALSE
ulm,ISL1,PPvsNN,-3.11714910770768,0.00182820181591193,0.0144630655728737,722,FALSE
ulm,ETV3,PPvsNN,-3.11841527862095,0.00182036812717535,0.0144630655728737,723,FALSE
ulm,HHEX,PPvsNN,-3.19831091583154,0.00138410719014112,0.0115132552634466,724,FALSE
ulm,HOXD13,PPvsNN,-3.23017902135442,0.00123875703332943,0.0105438389348505,725,FALSE
ulm,BACH2,PPvsNN,-3.23497583274324,0.00121814169221446,0.0105438389348505,726,FALSE
ulm,FOXA2,PPvsNN,-3.48268159965087,0.000497283062120279,0.00460773672749423,727,FALSE
ulm,ZHX2,PPvsNN,-3.52583627147868,0.000422917746718888,0.00396892039228495,728,FALSE
ulm,TCF21,PPvsNN,-3.6413147339742,0.000271807382357758,0.00268868924170106,729,FALSE
ulm,GATA4,PPvsNN,-3.65423358422319,0.000258489182507605,0.00259197372048722,730,FALSE
ulm,PAX6,PPvsNN,-3.85300706172313,0.000116972951504112,0.00140367541804934,731,FALSE
ulm,MYOCD,PPvsNN,-4.46497364604838,8.04355985301563e-06,0.000117757716248149,732,FALSE
