ligand,affinity,chembl_id,smiles,mw,logp,hbd,hba,tpsa,rot_bonds,qed,arom_rings,ro5_violations,max_phase,source,target,rank,heavy_atoms,lig_efficiency
CHEMBL3314024,-11.33,CHEMBL3314024,Cc1ccc(C(NC(=O)Cc2ccc3oc(C(O)c4c(C)noc4C)cc3c2)c2ccccc2)c(C)c1,494.6,6.18,2,5,88.5,7,0.282,5,1,,ChEMBL RORC bioactivity (pChEMBL>=7) + similarity analogs,RORC/RORgt (CHEMBL1741186),1,37,-0.306
CHEMBL3598073,-11.272,CHEMBL3598073,[2H]C([2H])([2H])N(C(=O)c1c(F)cccc1Cl)c1ccc(-c2cc(NC(C)=O)nn2C2COC2)cc1N1CC2CC2C1,527.0,4.61,1,5,79.7,6,0.507,3,1,,ChEMBL RORC bioactivity (pChEMBL>=7) + similarity analogs,RORC/RORgt (CHEMBL1741186),2,37,-0.305
CHEMBL3105678,-11.111,CHEMBL3105678,CCS(=O)(=O)c1ccc(CC(=O)Nc2nc(-c3cccc(C#N)c3)c(C(=O)c3ccccc3)s2)cc1,515.6,4.89,1,7,117.0,8,0.334,4,1,,ChEMBL RORC bioactivity (pChEMBL>=7) + similarity analogs,RORC/RORgt (CHEMBL1741186),3,36,-0.309
CHEMBL3598061,-10.917,CHEMBL3598061,[2H]C([2H])([2H])N(C(=O)c1c(F)cccc1Cl)c1ccc(-c2cc(NC(=O)CO)nn2C(C)C)cc1N1CC2CC2C1,529.0,4.59,2,5,90.7,7,0.468,3,1,,ChEMBL RORC bioactivity (pChEMBL>=7) + similarity analogs,RORC/RORgt (CHEMBL1741186),4,37,-0.295
CHEMBL3581540,-10.833,CHEMBL3581540,CC(=O)N1CCN(c2ccc(CN(C3CCC3)S(=O)(=O)c3cccc(Cl)c3)c(F)c2)CC1,480.0,3.89,0,4,60.9,6,0.63,2,0,,ChEMBL RORC bioactivity (pChEMBL>=7) + similarity analogs,RORC/RORgt (CHEMBL1741186),5,32,-0.339
CHEMBL3598053,-10.831,CHEMBL3598053,[2H]C([2H])([2H])N(C(=O)c1c(C)cccc1F)c1ccc(-c2cc(NC(C)=O)nn2C(C)C)cc1N1CC2CC2C1,492.6,5.27,1,4,70.5,6,0.509,3,1,,ChEMBL RORC bioactivity (pChEMBL>=7) + similarity analogs,RORC/RORgt (CHEMBL1741186),6,36,-0.301
CHEMBL3598055,-10.786,CHEMBL3598055,[2H]C([2H])([2H])N(C(=O)c1c(F)cccc1Cl)c1ccc(-c2cc(NC=O)nn2C(C)C)cc1N1CC2CC2C1,499.0,5.22,1,4,70.5,7,0.453,3,1,,ChEMBL RORC bioactivity (pChEMBL>=7) + similarity analogs,RORC/RORgt (CHEMBL1741186),7,35,-0.308
CHEMBL3314028,-10.778,CHEMBL3314028,Cc1ccc(C(NC(=O)Cc2ccc(N(CC(=O)O)Cc3c(C)noc3C)cc2)c2ccccc2)cc1,497.6,5.14,2,5,95.7,10,0.315,4,1,,ChEMBL RORC bioactivity (pChEMBL>=7) + similarity analogs,RORC/RORgt (CHEMBL1741186),8,37,-0.291
CHEMBL3314023,-10.71,CHEMBL3314023,Cc1ccc(C(NC(=O)Cc2ccc(OCC(O)c3cccnc3C)cc2)c2ccccc2)c(C)c1,480.6,5.57,2,4,71.5,9,0.329,4,1,,ChEMBL RORC bioactivity (pChEMBL>=7) + similarity analogs,RORC/RORgt (CHEMBL1741186),9,36,-0.298
CHEMBL3596600,-10.672,CHEMBL3596600,CNC(=O)c1ccc(Cl)c(-c2ccc3c(c2)CCCN3C(=O)c2c(F)cccc2Cl)c1,457.3,5.75,1,2,49.4,3,0.545,3,1,,ChEMBL RORC bioactivity (pChEMBL>=7) + similarity analogs,RORC/RORgt (CHEMBL1741186),10,31,-0.344
CHEMBL3314009,-10.62,CHEMBL3314009,O=C(O)c1ccc(-c2nn(S(=O)(=O)c3ccccc3C(F)(F)F)c3ccccc23)cc1,446.4,4.66,1,4,89.3,4,0.493,4,0,,ChEMBL RORC bioactivity (pChEMBL>=7) + similarity analogs,RORC/RORgt (CHEMBL1741186),11,31,-0.343
CHEMBL3581544,-10.607,CHEMBL3581544,CC(=O)N1CCN(c2ccc(CN(C3CCC3)S(=O)(=O)Cc3cc(Cl)cc(Cl)c3)c(F)c2)CC1,528.5,4.69,0,4,60.9,7,0.524,2,1,,ChEMBL RORC bioactivity (pChEMBL>=7) + similarity analogs,RORC/RORgt (CHEMBL1741186),12,34,-0.312
CHEMBL3581545,-10.601,CHEMBL3581545,CC(=O)N1CCN(c2ccc(CN(C3CCC3)S(=O)(=O)c3cc(F)cc(F)c3)c(F)c2)CC1,481.5,3.52,0,4,60.9,6,0.634,2,0,,ChEMBL RORC bioactivity (pChEMBL>=7) + similarity analogs,RORC/RORgt (CHEMBL1741186),13,33,-0.321
CHEMBL3581534,-10.573,CHEMBL3581534,CC(=O)N1CCN(c2ccc(CN(C3CCC3)S(=O)(=O)c3cccc(F)c3)c(F)c2)CC1,463.6,3.38,0,4,60.9,6,0.659,2,0,,ChEMBL RORC bioactivity (pChEMBL>=7) + similarity analogs,RORC/RORgt (CHEMBL1741186),14,32,-0.33
CHEMBL3109229,-10.567,CHEMBL3109229,CCS(=O)(=O)c1ccc(CC(=O)Nc2ccc3c(ccn3CCc3ccc(F)cc3)c2)cc1,464.6,5.0,1,3,68.2,8,0.399,4,0,,ChEMBL RORC bioactivity (pChEMBL>=7) + similarity analogs,RORC/RORgt (CHEMBL1741186),15,33,-0.32
CHEMBL3105673,-10.549,CHEMBL3105673,CCS(=O)(=O)c1ccc(CC(=O)Nc2nc(-c3ccccc3)c(C(=O)C3CCCCC3)s2)cc1,496.7,5.55,1,6,93.2,8,0.413,3,1,,ChEMBL RORC bioactivity (pChEMBL>=7) + similarity analogs,RORC/RORgt (CHEMBL1741186),16,34,-0.31
CHEMBL3581532,-10.541,CHEMBL3581532,CC(=O)N1CCN(c2ccc(CN(C3CCC3)S(=O)(=O)c3ccccc3F)c(F)c2)CC1,463.6,3.38,0,4,60.9,6,0.659,2,0,,ChEMBL RORC bioactivity (pChEMBL>=7) + similarity analogs,RORC/RORgt (CHEMBL1741186),17,32,-0.329
CHEMBL3361055,-10.53,CHEMBL3361055,CC(C)CN(Cc1ccccc1C(F)(F)F)S(=O)(=O)c1ccc(C=C2CCN(S(C)(=O)=O)CC2)cc1,544.7,4.99,0,4,74.8,8,0.469,2,1,,ChEMBL RORC bioactivity (pChEMBL>=7) + similarity analogs,RORC/RORgt (CHEMBL1741186),18,36,-0.292
CHEMBL3581543,-10.525,CHEMBL3581543,CC(=O)N1CCN(c2ccc(CN(C3CCC3)S(=O)(=O)c3cc(Cl)cc(Cl)c3)c(F)c2)CC1,514.5,4.54,0,4,60.9,6,0.568,2,1,,ChEMBL RORC bioactivity (pChEMBL>=7) + similarity analogs,RORC/RORgt (CHEMBL1741186),19,33,-0.319
CHEMBL3105674,-10.519,CHEMBL3105674,CCS(=O)(=O)c1ccc(CC(=O)Nc2nc(-c3ccccc3)c(C(=O)c3ccccc3)s2)cc1,490.6,5.02,1,6,93.2,8,0.35,4,1,,ChEMBL RORC bioactivity (pChEMBL>=7) + similarity analogs,RORC/RORgt (CHEMBL1741186),20,34,-0.309
CHEMBL3581546,-10.513,CHEMBL3581546,COc1cccc(S(=O)(=O)N(Cc2ccc(N3CCN(C(C)=O)CC3)cc2F)C2CCC2)c1,475.6,3.25,0,5,70.2,7,0.615,2,0,,ChEMBL RORC bioactivity (pChEMBL>=7) + similarity analogs,RORC/RORgt (CHEMBL1741186),21,33,-0.319
CHEMBL3314035,-10.5,CHEMBL3314035,CC(=O)N1CCN(c2ccc(CN(C3CCC3)S(=O)(=O)c3ccc(Cl)c(Cl)c3)c(F)c2)CC1,514.5,4.54,0,4,60.9,6,0.568,2,1,,ChEMBL RORC bioactivity (pChEMBL>=7) + similarity analogs,RORC/RORgt (CHEMBL1741186),22,33,-0.318
CHEMBL3598067,-10.486,CHEMBL3598067,[2H]C([2H])([2H])N(C(=O)c1c(F)cccc1Cl)c1ccc(-c2cc(NC(=O)NC(CO)CO)nn2C(C)C)cc1N1CC2CC2C1,588.1,4.13,4,6,123.0,9,0.299,3,1,,ChEMBL RORC bioactivity (pChEMBL>=7) + similarity analogs,RORC/RORgt (CHEMBL1741186),23,41,-0.256
CHEMBL3581553,-10.465,CHEMBL3581553,CC(=O)N1CCN(c2ccc(CN(C3CCC3)S(=O)(=O)c3ccc(C(F)(F)F)cc3)c(F)c2)CC1,513.6,4.26,0,4,60.9,6,0.542,2,1,,ChEMBL RORC bioactivity (pChEMBL>=7) + similarity analogs,RORC/RORgt (CHEMBL1741186),24,35,-0.299
CHEMBL3598150,-10.462,CHEMBL3598150,O=C(c1c(Cl)cccc1C(F)(F)F)c1nc(C2=CCC(C(=O)O)CC2)c2ccccn12,448.8,5.51,1,3,71.7,4,0.534,3,1,,ChEMBL RORC bioactivity (pChEMBL>=7) + similarity analogs,RORC/RORgt (CHEMBL1741186),25,31,-0.337
CHEMBL3598149,-10.462,CHEMBL3598149,O=C(O)c1ccc(-c2nc(C(=O)c3c(Cl)cccc3C(F)(F)F)n3ccccc23)c(F)c1,462.8,5.74,1,3,71.7,4,0.31,4,1,,ChEMBL RORC bioactivity (pChEMBL>=7) + similarity analogs,RORC/RORgt (CHEMBL1741186),26,32,-0.327
CHEMBL3580673,-10.45,CHEMBL3580673,CC(=O)N1CCN(c2ccc(CN(C3CCC3)S(=O)(=O)Cc3ccc(Cl)cc3)c(F)c2)CC1,494.0,4.03,0,4,60.9,7,0.584,2,0,,ChEMBL RORC bioactivity (pChEMBL>=7) + similarity analogs,RORC/RORgt (CHEMBL1741186),27,33,-0.317
CHEMBL3263716,-10.448,CHEMBL3263716,CC(C)CN(Cc1ccc(-c2ccc(C(N)=O)cc2)cc1)S(=O)(=O)Cc1ccccc1,436.6,4.44,1,3,80.5,9,0.538,3,0,,ChEMBL RORC bioactivity (pChEMBL>=7) + similarity analogs,RORC/RORgt (CHEMBL1741186),28,31,-0.337
CHEMBL3218921,-10.444,CHEMBL3218921,O=C(O)c1ccc(-c2nn(C(=O)c3c(Cl)cccc3Cl)c3ccccc23)cc1,411.2,5.4,1,3,72.2,3,0.49,4,1,,ChEMBL RORC bioactivity (pChEMBL>=7) + similarity analogs,RORC/RORgt (CHEMBL1741186),29,28,-0.373
CHEMBL3581538,-10.43,CHEMBL3581538,CC(=O)N1CCN(c2ccc(CN(C3CCC3)S(=O)(=O)c3ccccc3Cl)c(F)c2)CC1,480.0,3.89,0,4,60.9,6,0.63,2,0,,ChEMBL RORC bioactivity (pChEMBL>=7) + similarity analogs,RORC/RORgt (CHEMBL1741186),30,32,-0.326
CHEMBL3581537,-10.413,CHEMBL3581537,CC(=O)N1CCN(c2ccc(CN(C3CCC3)S(=O)(=O)Cc3ccc(F)cc3)c(F)c2)CC1,477.6,3.52,0,4,60.9,7,0.612,2,0,,ChEMBL RORC bioactivity (pChEMBL>=7) + similarity analogs,RORC/RORgt (CHEMBL1741186),31,33,-0.316
CHEMBL3361028,-10.405,CHEMBL3361028,CC(C)CN(Cc1ccccc1)S(=O)(=O)Cc1ccc(-c2ccc(S(C)(=O)=O)cc2)cc1,471.6,4.75,0,4,71.5,9,0.452,3,0,,ChEMBL RORC bioactivity (pChEMBL>=7) + similarity analogs,RORC/RORgt (CHEMBL1741186),32,32,-0.325
CHEMBL3596276,-10.385,CHEMBL3596276,O=C(O)c1ccc(-c2nc(C(=O)c3c(Cl)cccc3C3CC3)n3c2CCCC3)c(F)c1,438.9,5.49,1,3,72.2,5,0.535,3,1,,ChEMBL RORC bioactivity (pChEMBL>=7) + similarity analogs,RORC/RORgt (CHEMBL1741186),33,31,-0.335
CHEMBL3596270,-10.383,CHEMBL3596270,O=C(O)c1ccc(-c2nc(C(=O)c3c(Cl)cccc3C(F)(F)F)n3c2CCCC3)c(F)c1,466.8,5.63,1,3,72.2,4,0.4,3,1,,ChEMBL RORC bioactivity (pChEMBL>=7) + similarity analogs,RORC/RORgt (CHEMBL1741186),34,32,-0.324
CHEMBL3109228,-10.377,CHEMBL3109228,CCS(=O)(=O)c1ccc(CC(=O)Nc2ccc3c(ccn3CCc3ccccc3)c2)cc1,446.6,4.86,1,3,68.2,8,0.42,4,0,,ChEMBL RORC bioactivity (pChEMBL>=7) + similarity analogs,RORC/RORgt (CHEMBL1741186),35,32,-0.324
CHEMBL3109231,-10.366,CHEMBL3109231,CCS(=O)(=O)c1ccc(CC(=O)Nc2ccc3c(ccn3CCc3ccc(C#N)cc3)c2)cc1,471.6,4.73,1,4,92.0,8,0.402,4,0,,ChEMBL RORC bioactivity (pChEMBL>=7) + similarity analogs,RORC/RORgt (CHEMBL1741186),36,34,-0.305
CHEMBL3581529,-10.332,CHEMBL3581529,CC(=O)N1CCN(c2ccc(CN(C3CCC3)S(=O)(=O)c3ccccc3)c(F)c2)CC1,445.6,3.24,0,4,60.9,6,0.685,2,0,,ChEMBL RORC bioactivity (pChEMBL>=7) + similarity analogs,RORC/RORgt (CHEMBL1741186),37,31,-0.333
CHEMBL3314026,-10.33,CHEMBL3314026,Cc1cnc(C(CCC(C)C)NC(=O)Cc2ccc3oc(C(O)c4c(C)noc4C)cc3c2)c(C)c1,489.6,5.97,2,6,101.4,9,0.3,4,1,,ChEMBL RORC bioactivity (pChEMBL>=7) + similarity analogs,RORC/RORgt (CHEMBL1741186),38,36,-0.287
CHEMBL3598148,-10.33,CHEMBL3598148,O=C(O)c1ccc(-c2nc(C(=O)c3c(Cl)cccc3C(F)(F)F)n3ccccc23)cc1O,460.8,5.31,2,4,91.9,4,0.403,4,1,,ChEMBL RORC bioactivity (pChEMBL>=7) + similarity analogs,RORC/RORgt (CHEMBL1741186),39,32,-0.323
CHEMBL3598141,-10.303,CHEMBL3598141,O=C(O)c1ccc(-c2nc(C(=O)c3c(Cl)cccc3C(F)(F)F)n3ccccc23)cc1,444.8,5.6,1,3,71.7,4,0.416,4,1,,ChEMBL RORC bioactivity (pChEMBL>=7) + similarity analogs,RORC/RORgt (CHEMBL1741186),40,31,-0.332
CHEMBL3317836,-10.288,CHEMBL3317836,CC(=O)N1CCN(c2ccc(CN(C3CCC3)S(=O)(=O)Cc3ccccc3)cc2)CC1,441.6,3.24,0,4,60.9,7,0.662,2,0,,ChEMBL RORC bioactivity (pChEMBL>=7) + similarity analogs,RORC/RORgt (CHEMBL1741186),41,31,-0.332
CHEMBL3596279,-10.256,CHEMBL3596279,O=C(O)c1ccc(-c2nc(C(=O)c3c(Cl)cccc3C3CC3)n3cccnc23)cc1O,433.9,4.56,2,5,104.8,5,0.447,4,0,,ChEMBL RORC bioactivity (pChEMBL>=7) + similarity analogs,RORC/RORgt (CHEMBL1741186),42,31,-0.331
CHEMBL3609392,-10.239,CHEMBL3609392,CCS(=O)(=O)c1ccc(CC(=O)Nc2ccc(-c3ccccc3C(F)(F)F)c(Cl)c2)cc1,481.9,6.0,1,3,63.2,6,0.469,3,1,,ChEMBL RORC bioactivity (pChEMBL>=7) + similarity analogs,RORC/RORgt (CHEMBL1741186),43,32,-0.32
CHEMBL3109230,-10.238,CHEMBL3109230,CCS(=O)(=O)c1ccc(CC(=O)Nc2ccc3c(ccn3CCc3ccc(Cl)cc3)c2)cc1,481.0,5.51,1,3,68.2,8,0.361,4,1,,ChEMBL RORC bioactivity (pChEMBL>=7) + similarity analogs,RORC/RORgt (CHEMBL1741186),44,33,-0.31
CHEMBL3598065,-10.223,CHEMBL3598065,[2H]C([2H])([2H])N(C(=O)c1c(F)cccc1Cl)c1ccc(-c2cc(NC(=O)N3CC(O)C3)nn2C(C)C)cc1N1CC2CC2C1,570.1,4.86,2,5,93.9,6,0.442,3,1,,ChEMBL RORC bioactivity (pChEMBL>=7) + similarity analogs,RORC/RORgt (CHEMBL1741186),45,40,-0.256
CHEMBL3361053,-10.218,CHEMBL3361053,CC(C)CN(Cc1ccccc1C(F)(F)F)S(=O)(=O)c1ccc(C(=O)C2CCN(S(C)(=O)=O)CC2)cc1,560.7,4.41,0,5,91.8,9,0.424,2,1,,ChEMBL RORC bioactivity (pChEMBL>=7) + similarity analogs,RORC/RORgt (CHEMBL1741186),46,37,-0.276
CHEMBL3598140,-10.217,CHEMBL3598140,O=C(O)c1ccc(-c2nn(C(=O)c3c(Cl)cccc3C(F)(F)F)c3ccccc23)cc1,444.8,5.76,1,3,72.2,3,0.436,4,1,,ChEMBL RORC bioactivity (pChEMBL>=7) + similarity analogs,RORC/RORgt (CHEMBL1741186),47,31,-0.33
CHEMBL3596630,-10.205,CHEMBL3596630,CCCCOc1cc(-c2cc(C(N)=O)ccc2Cl)ccc1N(C)C(=O)c1c(F)cccc1Cl,489.4,6.35,1,3,72.6,8,0.375,3,1,,ChEMBL RORC bioactivity (pChEMBL>=7) + similarity analogs,RORC/RORgt (CHEMBL1741186),48,33,-0.309
CHEMBL3361059,-10.194,CHEMBL3361059,CC(C)CN(c1ccccc1C#N)S(=O)(=O)c1ccc(OC2CCN(S(C)(=O)=O)CC2)cc1,491.6,3.21,0,6,107.8,8,0.561,2,0,,ChEMBL RORC bioactivity (pChEMBL>=7) + similarity analogs,RORC/RORgt (CHEMBL1741186),49,33,-0.309
CHEMBL3581539,-10.179,CHEMBL3581539,CC(=O)N1CCN(c2ccc(CN(C3CCC3)S(=O)(=O)Cc3ccccc3Cl)c(F)c2)CC1,494.0,4.03,0,4,60.9,7,0.584,2,0,,ChEMBL RORC bioactivity (pChEMBL>=7) + similarity analogs,RORC/RORgt (CHEMBL1741186),50,33,-0.308
CHEMBL3264012,-10.176,CHEMBL3264012,CC(C)CN(Cc1ccc(-c2cccc(CC(N)=O)c2)cc1)S(=O)(=O)Cc1ccccc1,450.6,4.37,1,3,80.5,10,0.498,3,0,,ChEMBL RORC bioactivity (pChEMBL>=7) + similarity analogs,RORC/RORgt (CHEMBL1741186),51,32,-0.318
CHEMBL3609413,-10.172,CHEMBL3609413,Cc1cc(NC(=O)Cc2ccc(S(C)(=O)=O)cc2)ccc1-c1ccc(Cl)cc1OC(F)(F)F,497.9,5.8,1,4,72.5,6,0.467,3,1,,ChEMBL RORC bioactivity (pChEMBL>=7) + similarity analogs,RORC/RORgt (CHEMBL1741186),52,33,-0.308
CHEMBL3596628,-10.167,CHEMBL3596628,CC(C)Oc1cc(-c2cc(C(N)=O)ccc2Cl)ccc1N(C)C(=O)c1c(F)cccc1Cl,475.3,5.96,1,3,72.6,6,0.478,3,1,,ChEMBL RORC bioactivity (pChEMBL>=7) + similarity analogs,RORC/RORgt (CHEMBL1741186),53,32,-0.318
CHEMBL3361054,-10.163,CHEMBL3361054,CC(C)CN(Cc1ccccc1C(F)(F)F)S(=O)(=O)c1ccc(C(O)C2CCN(S(C)(=O)=O)CC2)cc1,562.7,4.26,1,5,95.0,9,0.493,2,1,,ChEMBL RORC bioactivity (pChEMBL>=7) + similarity analogs,RORC/RORgt (CHEMBL1741186),54,37,-0.275
CHEMBL3581542,-10.158,CHEMBL3581542,CC(=O)N1CCN(c2ccc(CN(C3CCC3)S(=O)(=O)c3ccc(Cl)cc3)c(F)c2)CC1,480.0,3.89,0,4,60.9,6,0.63,2,0,,ChEMBL RORC bioactivity (pChEMBL>=7) + similarity analogs,RORC/RORgt (CHEMBL1741186),55,32,-0.317
CHEMBL3361052,-10.156,CHEMBL3361052,CC(C)CN(Cc1ccccc1C(F)(F)F)S(=O)(=O)c1ccc(OC2CCN(S(C)(=O)=O)CC2)cc1,548.6,4.36,0,5,84.0,9,0.465,2,1,,ChEMBL RORC bioactivity (pChEMBL>=7) + similarity analogs,RORC/RORgt (CHEMBL1741186),56,36,-0.282
CHEMBL3598143,-10.14,CHEMBL3598143,O=C(O)c1ccc(-c2nc(C(=O)c3c(Cl)cccc3C(F)(F)F)n3cccnc23)cc1,445.8,5.0,1,4,84.6,4,0.447,4,0,,ChEMBL RORC bioactivity (pChEMBL>=7) + similarity analogs,RORC/RORgt (CHEMBL1741186),57,31,-0.327
CHEMBL3598142,-10.138,CHEMBL3598142,O=C(O)c1ccc(-c2nc(C(=O)c3c(Cl)cccc3C(F)(F)F)n3c2CCCC3)cc1,448.8,5.49,1,3,72.2,4,0.536,3,1,,ChEMBL RORC bioactivity (pChEMBL>=7) + similarity analogs,RORC/RORgt (CHEMBL1741186),58,31,-0.327
CHEMBL3361049,-10.132,CHEMBL3361049,CC(=O)N1CCN(c2ccc(S(=O)(=O)N(Cc3ccccc3C(F)(F)F)CC(C)C)cc2)CC1,497.6,4.22,0,4,60.9,7,0.575,2,0,,ChEMBL RORC bioactivity (pChEMBL>=7) + similarity analogs,RORC/RORgt (CHEMBL1741186),59,34,-0.298
CHEMBL3581530,-10.127,CHEMBL3581530,CC(=O)N1CCN(c2ccc(CN(C3CCC3)S(=O)(=O)Cc3ccccc3)c(F)c2)CC1,459.6,3.38,0,4,60.9,7,0.637,2,0,,ChEMBL RORC bioactivity (pChEMBL>=7) + similarity analogs,RORC/RORgt (CHEMBL1741186),60,32,-0.316
CHEMBL3596629,-10.123,CHEMBL3596629,CCCOc1cc(-c2cc(C(N)=O)ccc2Cl)ccc1N(C)C(=O)c1c(F)cccc1Cl,475.3,5.96,1,3,72.6,7,0.458,3,1,,ChEMBL RORC bioactivity (pChEMBL>=7) + similarity analogs,RORC/RORgt (CHEMBL1741186),61,32,-0.316
CHEMBL1494527,-10.112,CHEMBL1494527,CCN1C(=O)c2cccc3c(S(=O)(=O)N(C(=O)c4ccncc4)c4ccc(OC)cc4)ccc1c23,487.5,4.26,0,6,96.9,6,0.403,4,0,,ChEMBL RORC bioactivity (pChEMBL>=7) + similarity analogs,RORC/RORgt (CHEMBL1741186),62,35,-0.289
CHEMBL3105686,-10.09,CHEMBL3105686,CCS(=O)(=O)c1ccc(CC(=O)Nc2cc(-c3ccccc3)c(C(=O)c3ccccc3)s2)cc1,489.6,5.62,1,5,80.3,8,0.326,4,1,,ChEMBL RORC bioactivity (pChEMBL>=7) + similarity analogs,RORC/RORgt (CHEMBL1741186),63,34,-0.297
CHEMBL3581535,-10.084,CHEMBL3581535,CC(=O)N1CCN(c2ccc(CN(C3CCC3)S(=O)(=O)Cc3cccc(F)c3)c(F)c2)CC1,477.6,3.52,0,4,60.9,7,0.612,2,0,,ChEMBL RORC bioactivity (pChEMBL>=7) + similarity analogs,RORC/RORgt (CHEMBL1741186),64,33,-0.306
CHEMBL3581533,-10.064,CHEMBL3581533,CC(=O)N1CCN(c2ccc(CN(C3CCC3)S(=O)(=O)Cc3ccccc3F)c(F)c2)CC1,477.6,3.52,0,4,60.9,7,0.612,2,0,,ChEMBL RORC bioactivity (pChEMBL>=7) + similarity analogs,RORC/RORgt (CHEMBL1741186),65,33,-0.305
CHEMBL3596273,-10.059,CHEMBL3596273,O=C(O)c1ccc(-c2nc(C(=O)c3c(Cl)cccc3Cl)n3c2CCCC3)c(F)c1,433.3,5.26,1,3,72.2,4,0.57,3,1,,ChEMBL RORC bioactivity (pChEMBL>=7) + similarity analogs,RORC/RORgt (CHEMBL1741186),66,29,-0.347
CHEMBL3581541,-10.047,CHEMBL3581541,CC(=O)N1CCN(c2ccc(CN(C3CCC3)S(=O)(=O)Cc3cccc(Cl)c3)c(F)c2)CC1,494.0,4.03,0,4,60.9,7,0.584,2,0,,ChEMBL RORC bioactivity (pChEMBL>=7) + similarity analogs,RORC/RORgt (CHEMBL1741186),67,33,-0.304
CHEMBL3317830,-10.029,CHEMBL3317830,CC(C)CN(Cc1ccc(N2CCC(C#N)CC2)cc1)S(=O)(=O)Cc1ccccc1,425.6,4.41,0,4,64.4,8,0.628,2,0,,ChEMBL RORC bioactivity (pChEMBL>=7) + similarity analogs,RORC/RORgt (CHEMBL1741186),68,30,-0.334
CHEMBL3596638,-9.993,CHEMBL3596638,CCN(CC)c1cc(-c2cc(C(N)=O)ccc2Cl)ccc1N(C)C(=O)c1c(F)cccc1Cl,488.4,6.02,1,3,66.6,7,0.442,3,1,,ChEMBL RORC bioactivity (pChEMBL>=7) + similarity analogs,RORC/RORgt (CHEMBL1741186),69,33,-0.303
CHEMBL3361051,-9.99,CHEMBL3361051,CC(C)CN(c1ccccc1C(F)(F)F)S(=O)(=O)c1ccc(NC2CCN(S(C)(=O)=O)CC2)cc1,533.6,4.39,1,5,86.8,8,0.544,2,1,,ChEMBL RORC bioactivity (pChEMBL>=7) + similarity analogs,RORC/RORgt (CHEMBL1741186),70,35,-0.285
CHEMBL3581550,-9.929,CHEMBL3581550,CC(=O)N1CCN(c2ccc(CN(C3CCC3)S(=O)(=O)c3ccc(Cl)cc3Cl)c(F)c2)CC1,514.5,4.54,0,4,60.9,6,0.568,2,1,,ChEMBL RORC bioactivity (pChEMBL>=7) + similarity analogs,RORC/RORgt (CHEMBL1741186),71,33,-0.301
CHEMBL3361057,-9.926,CHEMBL3361057,CC(C)CN(c1cccc(F)c1)S(=O)(=O)c1ccc(OC2CCN(S(C)(=O)=O)CC2)cc1,484.6,3.48,0,5,84.0,8,0.573,2,0,,ChEMBL RORC bioactivity (pChEMBL>=7) + similarity analogs,RORC/RORgt (CHEMBL1741186),72,32,-0.31
CHEMBL3581547,-9.895,CHEMBL3581547,CC(=O)N1CCN(c2ccc(CN(C3CCC3)S(=O)(=O)c3ccc(C)cc3C)c(F)c2)CC1,473.6,3.85,0,4,60.9,6,0.639,2,0,,ChEMBL RORC bioactivity (pChEMBL>=7) + similarity analogs,RORC/RORgt (CHEMBL1741186),73,33,-0.3
CHEMBL3361060,-9.883,CHEMBL3361060,CC(C)CN(c1cccc(C#N)c1)S(=O)(=O)c1ccc(OC2CCN(S(C)(=O)=O)CC2)cc1,491.6,3.21,0,6,107.8,8,0.561,2,0,,ChEMBL RORC bioactivity (pChEMBL>=7) + similarity analogs,RORC/RORgt (CHEMBL1741186),74,33,-0.299
CHEMBL3361048,-9.87,CHEMBL3361048,CC(C)CN(Cc1ccccc1C(F)(F)F)S(=O)(=O)c1ccc(N2CCN(S(C)(=O)=O)CC2)cc1,533.6,3.63,0,5,78.0,8,0.518,2,1,,ChEMBL RORC bioactivity (pChEMBL>=7) + similarity analogs,RORC/RORgt (CHEMBL1741186),75,35,-0.282
CHEMBL3361037,-9.852,CHEMBL3361037,CC(C)CN(Cc1ccccc1)S(=O)(=O)c1ccc(N2CCN(S(C)(=O)=O)CC2)cc1F,483.6,2.75,0,5,78.0,8,0.577,2,0,,ChEMBL RORC bioactivity (pChEMBL>=7) + similarity analogs,RORC/RORgt (CHEMBL1741186),76,32,-0.308
CHEMBL3596269,-9.845,CHEMBL3596269,O=C(c1c(Cl)cccc1C(F)(F)F)c1nc(N2CC[C@@H](C(=O)O)[C@H](O)C2)c2ccccn12,467.8,3.51,2,5,95.1,4,0.57,3,0,,ChEMBL RORC bioactivity (pChEMBL>=7) + similarity analogs,RORC/RORgt (CHEMBL1741186),77,32,-0.308
CHEMBL3234030,-9.835,CHEMBL3234030,CCN1C(=O)c2cccc3c(S(=O)(=O)Nc4cccc5ccncc45)ccc1c23,403.5,4.17,1,4,79.4,4,0.555,4,0,,ChEMBL RORC bioactivity (pChEMBL>=7) + similarity analogs,RORC/RORgt (CHEMBL1741186),78,29,-0.339
CHEMBL3361050,-9.833,CHEMBL3361050,CC(C)CN(Cc1ccccc1C(F)(F)F)S(=O)(=O)c1ccc(NC2CCN(S(C)(=O)=O)CC2)cc1,547.7,4.39,1,5,86.8,9,0.503,2,1,,ChEMBL RORC bioactivity (pChEMBL>=7) + similarity analogs,RORC/RORgt (CHEMBL1741186),79,36,-0.273
CHEMBL3361046,-9.831,CHEMBL3361046,CC(C)CN(Cc1cccc(Cl)c1)S(=O)(=O)c1ccc(N2CCN(S(C)(=O)=O)CC2)cc1,500.1,3.27,0,5,78.0,8,0.557,2,1,,ChEMBL RORC bioactivity (pChEMBL>=7) + similarity analogs,RORC/RORgt (CHEMBL1741186),80,32,-0.307
CHEMBL3317843,-9.824,CHEMBL3317843,CC(=O)N1CCN(c2ccc(CN(CC(F)(F)F)S(=O)(=O)Cc3ccccc3)cc2)CC1,469.5,3.25,0,4,60.9,7,0.625,2,0,,ChEMBL RORC bioactivity (pChEMBL>=7) + similarity analogs,RORC/RORgt (CHEMBL1741186),81,32,-0.307
CHEMBL3317841,-9.82,CHEMBL3317841,CC(=O)N1CCN(c2ccc(CN(C3CC3)S(=O)(=O)Cc3ccccc3)cc2)CC1,427.6,2.85,0,4,60.9,7,0.682,2,0,,ChEMBL RORC bioactivity (pChEMBL>=7) + similarity analogs,RORC/RORgt (CHEMBL1741186),82,30,-0.327
CHEMBL3234256,-9.803,CHEMBL3234256,CCN1C(=O)c2cccc3c(S(=O)(=O)Nc4ccc(NC(C)=O)cc4)ccc1c23,409.5,3.58,2,4,95.6,5,0.673,3,0,,ChEMBL RORC bioactivity (pChEMBL>=7) + similarity analogs,RORC/RORgt (CHEMBL1741186),83,29,-0.338
CHEMBL171804,-9.799,CHEMBL171804,CC(C)[C@@H](O)CC[C@@H](C)[C@H]1CC[C@H]2[C@@H]3CC=C4C[C@@H](O)CC[C@]4(C)[C@H]3CC[C@]12C,402.7,6.36,2,2,40.5,5,0.525,0,1,,ChEMBL RORC bioactivity (pChEMBL>=7) + similarity analogs,RORC/RORgt (CHEMBL1741186),84,29,-0.338
CHEMBL3609395,-9.783,CHEMBL3609395,CCS(=O)(=O)c1ccc(CC(=O)Nc2ccc(-c3ncccc3C(F)(F)F)c(Cl)c2)cc1,482.9,5.4,1,4,76.1,6,0.51,3,1,,ChEMBL RORC bioactivity (pChEMBL>=7) + similarity analogs,RORC/RORgt (CHEMBL1741186),85,32,-0.306
CHEMBL3596627,-9.781,CHEMBL3596627,CCOc1cc(-c2cc(C(N)=O)ccc2Cl)ccc1N(C)C(=O)c1c(F)cccc1Cl,461.3,5.57,1,3,72.6,6,0.522,3,1,,ChEMBL RORC bioactivity (pChEMBL>=7) + similarity analogs,RORC/RORgt (CHEMBL1741186),86,31,-0.316
CHEMBL3361058,-9.768,CHEMBL3361058,CC(C)CN(c1ccc(F)cc1)S(=O)(=O)c1ccc(OC2CCN(S(C)(=O)=O)CC2)cc1,484.6,3.48,0,5,84.0,8,0.573,2,0,,ChEMBL RORC bioactivity (pChEMBL>=7) + similarity analogs,RORC/RORgt (CHEMBL1741186),87,32,-0.305
CHEMBL3109224,-9.768,CHEMBL3109224,CCS(=O)(=O)c1ccc(CC(=O)Nc2ccc(NCCc3ccc(C(F)(F)F)cc3)cc2)cc1,490.5,5.33,2,4,75.3,9,0.425,3,1,,ChEMBL RORC bioactivity (pChEMBL>=7) + similarity analogs,RORC/RORgt (CHEMBL1741186),88,34,-0.287
CHEMBL2326408,-9.766,CHEMBL2326408,COc1cc(O)c(C(CC(=O)N2C[C@H](C)C[C@H](C)C2)c2ccc3c(c2)OCO3)c(OC)c1,441.5,4.16,1,6,77.5,6,0.725,2,0,,ChEMBL RORC bioactivity (pChEMBL>=7) + similarity analogs,RORC/RORgt (CHEMBL1741186),89,32,-0.305
CHEMBL2312113,-9.749,CHEMBL2312113,COc1cc(O)c(C(CC(=O)N2CC(C)CC(C)C2)c2ccc3c(c2)OCO3)c(OC)c1,441.5,4.16,1,6,77.5,6,0.725,2,0,,ChEMBL RORC bioactivity (pChEMBL>=7) + similarity analogs,RORC/RORgt (CHEMBL1741186),90,32,-0.305
CHEMBL3361056,-9.747,CHEMBL3361056,CC(C)CN(c1ccccc1F)S(=O)(=O)c1ccc(OC2CCN(S(C)(=O)=O)CC2)cc1,484.6,3.48,0,5,84.0,8,0.573,2,0,,ChEMBL RORC bioactivity (pChEMBL>=7) + similarity analogs,RORC/RORgt (CHEMBL1741186),91,32,-0.305
CHEMBL3598066,-9.74,CHEMBL3598066,[2H]C([2H])([2H])N(C(=O)c1c(F)cccc1Cl)c1ccc(-c2cc(NC(=O)NCCO)nn2C(C)C)cc1N1CC2CC2C1,558.1,4.77,3,5,102.7,8,0.37,3,1,,ChEMBL RORC bioactivity (pChEMBL>=7) + similarity analogs,RORC/RORgt (CHEMBL1741186),92,39,-0.25
CHEMBL3234252,-9.736,CHEMBL3234252,CCN1C(=O)c2cccc3c(S(=O)(=O)NC4CCN(C(C)=O)CC4)ccc1c23,401.5,2.11,1,4,86.8,4,0.85,2,0,,ChEMBL RORC bioactivity (pChEMBL>=7) + similarity analogs,RORC/RORgt (CHEMBL1741186),93,28,-0.348
CHEMBL3609397,-9.733,CHEMBL3609397,CCS(=O)(=O)c1ccc(CC(=O)Nc2ccc(-c3ccccc3OC(F)(F)F)cc2)cc1,463.5,5.23,1,4,72.5,7,0.521,3,1,,ChEMBL RORC bioactivity (pChEMBL>=7) + similarity analogs,RORC/RORgt (CHEMBL1741186),94,32,-0.304
CHEMBL3317823,-9.727,CHEMBL3317823,CC(C)CN(Cc1ccc(N2CCN(NS(C)(=O)=O)CC2)cc1)S(=O)(=O)Cc1ccccc1,494.7,2.26,1,6,90.0,10,0.545,2,0,,ChEMBL RORC bioactivity (pChEMBL>=7) + similarity analogs,RORC/RORgt (CHEMBL1741186),95,33,-0.295
CHEMBL3317840,-9.724,CHEMBL3317840,CC(=O)N1CCN(c2ccc(CN(C(C)C)S(=O)(=O)Cc3ccccc3)cc2)CC1,429.6,3.1,0,4,60.9,7,0.679,2,0,,ChEMBL RORC bioactivity (pChEMBL>=7) + similarity analogs,RORC/RORgt (CHEMBL1741186),96,30,-0.324
CHEMBL3317833,-9.723,CHEMBL3317833,CC(=O)N1CCN(c2ccc(CN(CC(C)C)S(=O)(=O)Cc3ccccc3)cc2)CC1,443.6,3.34,0,4,60.9,8,0.628,2,0,,ChEMBL RORC bioactivity (pChEMBL>=7) + similarity analogs,RORC/RORgt (CHEMBL1741186),97,31,-0.314
CHEMBL3317831,-9.706,CHEMBL3317831,CC(C)CN(Cc1ccc(N2CCC(C(N)=O)CC2)cc1)S(=O)(=O)Cc1ccccc1,443.6,3.38,1,4,83.7,9,0.644,2,0,,ChEMBL RORC bioactivity (pChEMBL>=7) + similarity analogs,RORC/RORgt (CHEMBL1741186),98,31,-0.313
CHEMBL3361039,-9.676,CHEMBL3361039,CC(C)CN(CCc1ccccc1)S(=O)(=O)c1ccc(N2CCN(S(C)(=O)=O)CC2)cc1F,497.7,2.8,0,5,78.0,9,0.532,2,0,,ChEMBL RORC bioactivity (pChEMBL>=7) + similarity analogs,RORC/RORgt (CHEMBL1741186),99,33,-0.293
CHEMBL3314018,-9.665,CHEMBL3314018,CCS(=O)(=O)c1ccc(CC(=O)Nc2cccc(-c3cc(Cl)ccc3Cl)c2)cc1,448.4,5.64,1,3,63.2,6,0.531,3,1,,ChEMBL RORC bioactivity (pChEMBL>=7) + similarity analogs,RORC/RORgt (CHEMBL1741186),100,29,-0.333
CHEMBL3361064,-9.658,CHEMBL3361064,CC(C)CN(Cc1ccccc1C(F)(F)F)S(=O)(=O)c1ccc(OC2CCN(S(C)(=O)=O)CC2)cn1,549.6,3.75,0,6,96.9,9,0.473,2,1,,ChEMBL RORC bioactivity (pChEMBL>=7) + similarity analogs,RORC/RORgt (CHEMBL1741186),101,36,-0.268
CHEMBL3094366,-9.657,CHEMBL3094366,N#Cc1cccc(S(=O)(=O)N(CC(F)(F)F)c2ccc(C(O)(C(F)(F)F)C(F)(F)F)cc2)c1,506.3,4.63,1,4,81.4,5,0.6,2,1,,ChEMBL RORC bioactivity (pChEMBL>=7) + similarity analogs,RORC/RORgt (CHEMBL1741186),102,33,-0.293
CHEMBL3361038,-9.62,CHEMBL3361038,CC(C)CN(Cc1ccccc1)S(=O)(=O)c1ccc(N2CCN(S(C)(=O)=O)CC2)c(F)c1,483.6,2.75,0,5,78.0,8,0.577,2,0,,ChEMBL RORC bioactivity (pChEMBL>=7) + similarity analogs,RORC/RORgt (CHEMBL1741186),103,32,-0.301
CHEMBL3598041,-9.613,CHEMBL3598041,[2H]C([2H])([2H])N(C(=O)c1c(F)cccc1Cl)c1ccc(-c2cnn(C)c2C(C)C)cc1OCC(F)(F)F,486.9,6.22,0,3,47.4,6,0.388,3,1,,ChEMBL RORC bioactivity (pChEMBL>=7) + similarity analogs,RORC/RORgt (CHEMBL1741186),104,33,-0.291
CHEMBL3361045,-9.606,CHEMBL3361045,CC(C)CN(Cc1ccccc1Cl)S(=O)(=O)c1ccc(N2CCN(S(C)(=O)=O)CC2)cc1,500.1,3.27,0,5,78.0,8,0.557,2,1,,ChEMBL RORC bioactivity (pChEMBL>=7) + similarity analogs,RORC/RORgt (CHEMBL1741186),105,32,-0.3
CHEMBL3581554,-9.595,CHEMBL3581554,CC(=O)N1CCN(c2ccc(CN(C3CCC3)S(=O)(=O)c3ccc(C(C)(C)C)cc3)c(F)c2)CC1,501.7,4.54,0,4,60.9,6,0.583,2,1,,ChEMBL RORC bioactivity (pChEMBL>=7) + similarity analogs,RORC/RORgt (CHEMBL1741186),106,35,-0.274
CHEMBL169046,-9.585,CHEMBL169046,C[C@H](CCCC(C)(C)O)[C@H]1CC[C@H]2[C@@H]3CC=C4C[C@@H](O)CC[C@]4(C)[C@H]3CC[C@]12C,402.7,6.5,2,2,40.5,5,0.515,0,1,,ChEMBL RORC bioactivity (pChEMBL>=7) + similarity analogs,RORC/RORgt (CHEMBL1741186),107,29,-0.331
CHEMBL497834,-9.584,CHEMBL497834,CC(C)CCC[C@@H](C)[C@H]1CC[C@H]2[C@@H]3[C@@H](O)C=C4C[C@@H](O)CC[C@]4(C)[C@H]3CC[C@]12C,402.7,6.36,2,2,40.5,5,0.525,0,1,,ChEMBL RORC bioactivity (pChEMBL>=7) + similarity analogs,RORC/RORgt (CHEMBL1741186),108,29,-0.33
CHEMBL3234255,-9.573,CHEMBL3234255,CCN1C(=O)c2cccc3c(S(=O)(=O)Nc4cccc(C(C)=O)c4)ccc1c23,394.5,3.82,1,4,83.6,5,0.667,3,0,,ChEMBL RORC bioactivity (pChEMBL>=7) + similarity analogs,RORC/RORgt (CHEMBL1741186),109,28,-0.342
CHEMBL497207,-9.567,CHEMBL497207,CC(C)CCC[C@@H](C)[C@H]1CC[C@H]2[C@@H]3[C@H](O)C=C4C[C@@H](O)CC[C@]4(C)[C@H]3CC[C@]12C,402.7,6.36,2,2,40.5,5,0.525,0,1,,ChEMBL RORC bioactivity (pChEMBL>=7) + similarity analogs,RORC/RORgt (CHEMBL1741186),110,29,-0.33
CHEMBL3109326,-9.566,CHEMBL3109326,CCCN(Cc1ccc(C)cc1)Cc1ccc(NC(=O)Cc2ccc(S(=O)(=O)CC)cc2)cc1,478.7,5.38,1,4,66.5,11,0.402,3,1,,ChEMBL RORC bioactivity (pChEMBL>=7) + similarity analogs,RORC/RORgt (CHEMBL1741186),111,34,-0.281
CHEMBL1233249,-9.56,CHEMBL1233249,CC(C)CCC[C@@](C)(O)[C@H]1CC[C@H]2[C@@H]3CC=C4C[C@@H](O)CC[C@]4(C)[C@H]3CC[C@@]21C,402.7,6.5,2,2,40.5,5,0.515,0,1,,ChEMBL RORC bioactivity (pChEMBL>=7) + similarity analogs,RORC/RORgt (CHEMBL1741186),112,29,-0.33
CHEMBL3314016,-9.558,CHEMBL3314016,CCS(=O)(=O)c1ccc(CC(=O)Nc2ccc(-c3ccccc3OC(F)(F)F)c(Cl)c2)cc1,497.9,5.88,1,4,72.5,7,0.442,3,1,,ChEMBL RORC bioactivity (pChEMBL>=7) + similarity analogs,RORC/RORgt (CHEMBL1741186),113,33,-0.29
CHEMBL3314015,-9.552,CHEMBL3314015,CCS(=O)(=O)c1ccc(CC(=O)Nc2ccc(-c3ccccc3)c(C(C)C)c2)cc1,421.6,5.45,1,3,63.2,7,0.552,3,1,,ChEMBL RORC bioactivity (pChEMBL>=7) + similarity analogs,RORC/RORgt (CHEMBL1741186),114,30,-0.318
CHEMBL3317824,-9.55,CHEMBL3317824,CC(C)CN(Cc1ccc(N2CCN(CS(C)(=O)=O)CC2)cc1)S(=O)(=O)Cc1ccccc1,493.7,2.8,0,6,78.0,10,0.507,2,0,,ChEMBL RORC bioactivity (pChEMBL>=7) + similarity analogs,RORC/RORgt (CHEMBL1741186),115,33,-0.289
CHEMBL3361040,-9.519,CHEMBL3361040,CC(C)CN(CCc1ccccc1)S(=O)(=O)c1ccc(N2CCN(S(C)(=O)=O)CC2)c(F)c1,497.7,2.8,0,5,78.0,9,0.532,2,0,,ChEMBL RORC bioactivity (pChEMBL>=7) + similarity analogs,RORC/RORgt (CHEMBL1741186),116,33,-0.288
CHEMBL3234251,-9.508,CHEMBL3234251,CCN1C(=O)c2cccc3c(S(=O)(=O)Nc4ccc(C(C)=O)cc4)ccc1c23,394.5,3.82,1,4,83.6,5,0.667,3,0,,ChEMBL RORC bioactivity (pChEMBL>=7) + similarity analogs,RORC/RORgt (CHEMBL1741186),117,28,-0.34
CHEMBL3581551,-9.489,CHEMBL3581551,CC(=O)N1CCN(c2ccc(CN(C3CCC3)S(=O)(=O)c3ccc(OC(F)F)cc3)c(F)c2)CC1,511.6,3.84,0,5,70.2,8,0.539,2,1,,ChEMBL RORC bioactivity (pChEMBL>=7) + similarity analogs,RORC/RORgt (CHEMBL1741186),118,35,-0.271
CHEMBL3263714,-9.486,CHEMBL3263714,CC(C)CN(Cc1ccc(-c2ccc(NS(C)(=O)=O)cc2)cc1)S(=O)(=O)Cc1ccccc1,486.7,4.71,1,4,83.6,10,0.45,3,0,,ChEMBL RORC bioactivity (pChEMBL>=7) + similarity analogs,RORC/RORgt (CHEMBL1741186),119,33,-0.287
CHEMBL3317828,-9.484,CHEMBL3317828,CC(C)CN(Cc1ccc(N2CCC(O)CC2)cc1)S(=O)(=O)Cc1ccccc1,416.6,3.64,1,4,60.9,8,0.714,2,0,,ChEMBL RORC bioactivity (pChEMBL>=7) + similarity analogs,RORC/RORgt (CHEMBL1741186),120,29,-0.327
CHEMBL422904,-9.464,CHEMBL422904,CC(C)CC[C@@H](O)[C@@H](C)[C@H]1CC[C@H]2[C@@H]3CC=C4C[C@@H](O)CC[C@]4(C)[C@H]3CC[C@]12C,402.7,6.36,2,2,40.5,5,0.525,0,1,,ChEMBL RORC bioactivity (pChEMBL>=7) + similarity analogs,RORC/RORgt (CHEMBL1741186),121,29,-0.326
CHEMBL3609399,-9.46,CHEMBL3609399,CCS(=O)(=O)c1ccc(CC(=O)Nc2ccc(-c3ccccc3OC(F)(F)F)c(C)c2)cc1,477.5,5.54,1,4,72.5,7,0.485,3,1,,ChEMBL RORC bioactivity (pChEMBL>=7) + similarity analogs,RORC/RORgt (CHEMBL1741186),122,33,-0.287
CHEMBL3263699,-9.454,CHEMBL3263699,CC(C)CN(Cc1ccc(-c2ccc(NS(C)(=O)=O)cc2)s1)S(=O)(=O)Cc1ccccc1,492.7,4.77,1,5,83.6,10,0.442,3,0,,ChEMBL RORC bioactivity (pChEMBL>=7) + similarity analogs,RORC/RORgt (CHEMBL1741186),123,32,-0.295
CHEMBL1243244,-9.403,CHEMBL1243244,CC(C)CC[C@H](O)[C@@H](C)[C@H]1CC[C@H]2[C@@H]3CC=C4C[C@@H](O)CC[C@]4(C)[C@H]3CC[C@]12C,402.7,6.36,2,2,40.5,5,0.525,0,1,,ChEMBL RORC bioactivity (pChEMBL>=7) + similarity analogs,RORC/RORgt (CHEMBL1741186),124,29,-0.324
CHEMBL3314011,-9.396,CHEMBL3314011,Cc1ccc(Cl)c(NC(=O)C[C@H](CC(=O)O)c2noc([C@H]3C[C@@H](CC(C)C)C3)c2C2CC2)c1,473.0,6.64,2,4,92.4,10,0.404,2,1,,ChEMBL RORC bioactivity (pChEMBL>=7) + similarity analogs,RORC/RORgt (CHEMBL1741186),125,33,-0.285
CHEMBL3361061,-9.387,CHEMBL3361061,CC(C)CN(c1ccc(C#N)cc1)S(=O)(=O)c1ccc(OC2CCN(S(C)(=O)=O)CC2)cc1,491.6,3.21,0,6,107.8,8,0.561,2,0,,ChEMBL RORC bioactivity (pChEMBL>=7) + similarity analogs,RORC/RORgt (CHEMBL1741186),126,33,-0.284
CHEMBL3317837,-9.384,CHEMBL3317837,CC(=O)N1CCN(c2ccc(CN(C(C)(C)C)S(=O)(=O)Cc3ccccc3)cc2)CC1,443.6,3.49,0,4,60.9,6,0.686,2,0,,ChEMBL RORC bioactivity (pChEMBL>=7) + similarity analogs,RORC/RORgt (CHEMBL1741186),127,31,-0.303
CHEMBL3609411,-9.383,CHEMBL3609411,CCS(=O)(=O)c1ccc(CC(=O)Nc2cc(Cl)c(-c3ccc(F)cc3C#N)c(Cl)c2)cc1,491.4,5.65,1,4,87.0,6,0.483,3,1,,ChEMBL RORC bioactivity (pChEMBL>=7) + similarity analogs,RORC/RORgt (CHEMBL1741186),128,32,-0.293
CHEMBL3094368,-9.381,CHEMBL3094368,Cc1ccc(S(=O)(=O)N(CC(F)(F)F)c2ccc(C(O)(C(F)(F)F)C(F)(F)F)cc2)cc1,495.4,5.06,1,3,57.6,5,0.59,2,1,,ChEMBL RORC bioactivity (pChEMBL>=7) + similarity analogs,RORC/RORgt (CHEMBL1741186),129,32,-0.293
CHEMBL3361027,-9.377,CHEMBL3361027,CC(C)CN(CCc1ccccc1)S(=O)(=O)c1ccc(-c2ccc(S(C)(=O)=O)cc2)cc1,471.6,4.65,0,4,71.5,9,0.456,3,0,,ChEMBL RORC bioactivity (pChEMBL>=7) + similarity analogs,RORC/RORgt (CHEMBL1741186),130,32,-0.293
CHEMBL3217768,-9.373,CHEMBL3217768,CC(CO)CCC[C@@H](C)[C@H]1CC[C@H]2[C@@H]3CC=C4C[C@@H](O)CC[C@]4(C)[C@H]3CC[C@]12C,402.7,6.36,2,2,40.5,6,0.507,0,1,,ChEMBL RORC bioactivity (pChEMBL>=7) + similarity analogs,RORC/RORgt (CHEMBL1741186),131,29,-0.323
CHEMBL3109327,-9.368,CHEMBL3109327,CCCN(Cc1ccc(CC)cc1)Cc1ccc(NC(=O)Cc2ccc(S(=O)(=O)CC)cc2)cc1,492.7,5.64,1,4,66.5,12,0.356,3,1,,ChEMBL RORC bioactivity (pChEMBL>=7) + similarity analogs,RORC/RORgt (CHEMBL1741186),132,35,-0.268
CHEMBL3094369,-9.322,CHEMBL3094369,O=S(=O)(c1ccc(F)cc1)N(CC(F)(F)F)c1ccc(C(O)(C(F)(F)F)C(F)(F)F)cc1,499.3,4.9,1,3,57.6,5,0.596,2,0,,ChEMBL RORC bioactivity (pChEMBL>=7) + similarity analogs,RORC/RORgt (CHEMBL1741186),133,32,-0.291
CHEMBL62136,-9.315,CHEMBL62136,O=S(=O)(c1ccccc1)N(CC(F)(F)F)c1ccc(C(O)(C(F)(F)F)C(F)(F)F)cc1,481.3,4.76,1,3,57.6,5,0.627,2,0,,ChEMBL RORC bioactivity (pChEMBL>=7) + similarity analogs,RORC/RORgt (CHEMBL1741186),134,31,-0.3
CHEMBL3263710,-9.304,CHEMBL3263710,CC(C)CN(Cc1ccc(-c2ccc(S(C)(=O)=O)cc2)cc1)S(=O)(=O)Cc1ccccc1,471.6,4.75,0,4,71.5,9,0.452,3,0,,ChEMBL RORC bioactivity (pChEMBL>=7) + similarity analogs,RORC/RORgt (CHEMBL1741186),135,32,-0.291
CHEMBL3109325,-9.301,CHEMBL3109325,CCCN(Cc1ccccc1)Cc1ccc(NC(=O)Cc2ccc(S(=O)(=O)CC)cc2)cc1,464.6,5.07,1,4,66.5,11,0.43,3,1,,ChEMBL RORC bioactivity (pChEMBL>=7) + similarity analogs,RORC/RORgt (CHEMBL1741186),136,33,-0.282
CHEMBL3094367,-9.272,CHEMBL3094367,N#Cc1ccc(S(=O)(=O)N(CC(F)(F)F)c2ccc(C(O)(C(F)(F)F)C(F)(F)F)cc2)cc1,506.3,4.63,1,4,81.4,5,0.6,2,1,,ChEMBL RORC bioactivity (pChEMBL>=7) + similarity analogs,RORC/RORgt (CHEMBL1741186),137,33,-0.281
CHEMBL3314021,-9.232,CHEMBL3314021,CCc1ccc(N(CC(C)C)S(=O)(=O)c2ccc(C(O)CN3CCOCC3)c(CO)c2)cc1,476.6,2.96,2,6,90.3,10,0.548,2,0,,ChEMBL RORC bioactivity (pChEMBL>=7) + similarity analogs,RORC/RORgt (CHEMBL1741186),138,33,-0.28
CHEMBL3317842,-9.215,CHEMBL3317842,CCN(Cc1ccc(N2CCN(C(C)=O)CC2)cc1)S(=O)(=O)Cc1ccccc1,415.6,2.71,0,4,60.9,7,0.698,2,0,,ChEMBL RORC bioactivity (pChEMBL>=7) + similarity analogs,RORC/RORgt (CHEMBL1741186),139,29,-0.318
CHEMBL5083123,-9.204,CHEMBL5083123,CCCN(Cc1ccc(Cl)cc1)Cc1ccc(NC(=O)Cc2ccc(S(=O)(=O)CC)cc2)cc1,499.1,5.73,1,4,66.5,11,0.367,3,1,,ChEMBL RORC bioactivity (pChEMBL>=7) + similarity analogs,RORC/RORgt (CHEMBL1741186),140,34,-0.271
CHEMBL3361047,-9.173,CHEMBL3361047,CC(C)CN(Cc1ccc(Cl)cc1)S(=O)(=O)c1ccc(N2CCN(S(C)(=O)=O)CC2)cc1,500.1,3.27,0,5,78.0,8,0.557,2,1,,ChEMBL RORC bioactivity (pChEMBL>=7) + similarity analogs,RORC/RORgt (CHEMBL1741186),141,32,-0.287
CHEMBL3609410,-9.135,CHEMBL3609410,CCS(=O)(=O)c1ccc(CC(=O)Nc2cc(Cl)c(-c3ccccc3C#N)c(Cl)c2)cc1,473.4,5.51,1,4,87.0,6,0.512,3,1,,ChEMBL RORC bioactivity (pChEMBL>=7) + similarity analogs,RORC/RORgt (CHEMBL1741186),142,31,-0.295
CHEMBL3234259,-9.117,CHEMBL3234259,CCN1C(=O)c2cccc3c(S(=O)(=O)Nc4ccc(OC)c(OC)c4)ccc1c23,412.5,3.64,1,5,84.9,6,0.668,3,0,,ChEMBL RORC bioactivity (pChEMBL>=7) + similarity analogs,RORC/RORgt (CHEMBL1741186),143,29,-0.314
CHEMBL3361036,-9.083,CHEMBL3361036,CC(C)CN(CCc1ccccc1)S(=O)(=O)c1ccc(N2CCN(S(C)(=O)=O)CC2)cc1,479.7,2.66,0,5,78.0,9,0.553,2,0,,ChEMBL RORC bioactivity (pChEMBL>=7) + similarity analogs,RORC/RORgt (CHEMBL1741186),144,32,-0.284
CHEMBL2312126,-9.079,CHEMBL2312126,COc1ccc(C(CC(=O)N2CC(C)CC(C)C2)c2c(O)cc(OC)cc2OC)cc1,427.5,4.44,1,5,68.2,7,0.707,2,0,,ChEMBL RORC bioactivity (pChEMBL>=7) + similarity analogs,RORC/RORgt (CHEMBL1741186),145,31,-0.293
CHEMBL3609393,-9.037,CHEMBL3609393,CCS(=O)(=O)c1ccc(CC(=O)Nc2ccc(-c3ccccc3OC(C)C)c(Cl)c2)cc1,472.0,5.77,1,4,72.5,8,0.452,3,1,,ChEMBL RORC bioactivity (pChEMBL>=7) + similarity analogs,RORC/RORgt (CHEMBL1741186),146,32,-0.282
CHEMBL3218918,-8.905,CHEMBL3218918,Cc1cccc(C(=O)Nc2cc(-c3ccccc3)no2)c1,278.3,3.9,1,3,55.1,3,0.79,3,0,,ChEMBL RORC bioactivity (pChEMBL>=7) + similarity analogs,RORC/RORgt (CHEMBL1741186),147,21,-0.424
CHEMBL3314036,-8.621,CHEMBL3314036,CC(C)CN(Cc1ccc(OC2CCN(S(C)(=O)=O)CC2)cc1)S(=O)(=O)Cc1ccccc1,494.7,3.48,0,5,84.0,10,0.505,2,0,,ChEMBL RORC bioactivity (pChEMBL>=7) + similarity analogs,RORC/RORgt (CHEMBL1741186),148,33,-0.261
CHEMBL3317839,-8.57,CHEMBL3317839,CCCN(Cc1ccc(N2CCN(C(C)=O)CC2)cc1)S(=O)(=O)Cc1ccccc1,429.6,3.1,0,4,60.9,8,0.647,2,0,,ChEMBL RORC bioactivity (pChEMBL>=7) + similarity analogs,RORC/RORgt (CHEMBL1741186),149,30,-0.286
CHEMBL3218920,-8.447,CHEMBL3218920,CCC(=O)Nc1ccc2nn(-c3ccc(CC)cc3)nc2c1,294.4,3.33,1,3,59.8,4,0.803,3,0,,ChEMBL RORC bioactivity (pChEMBL>=7) + similarity analogs,RORC/RORgt (CHEMBL1741186),150,22,-0.384
CHEMBL3218919,-7.846,CHEMBL3218919,Cc1cc(C)c2nc(NC(=O)c3sccc3C)sc2c1,302.4,4.54,1,4,42.0,2,0.755,3,0,,ChEMBL RORC bioactivity (pChEMBL>=7) + similarity analogs,RORC/RORgt (CHEMBL1741186),151,20,-0.392
