gene,ensembl,approvedName,protein_class,logFC,FDR,direction,evidence_rank,pathway_support,in_leading_edge,stat3_target,ot_sm_bucket,ot_sm_bucket_rank,sm_has_ligand,sm_hq_ligand,sm_hq_pocket,sm_mq_pocket,sm_druggable_family,ab_clinical,ot_drug_candidates,chembl_target_id,n_potent_inhib,n_active_inhib,s_effect,s_signif,s_pathway,s_tract,s_chem,s_drugs,s_struct,druggability_score,druggability_rank,disease_axis,on_psoriasis_axis,struct_ready,is_lead
NOS2,ENSG00000007171,nitric oxide synthase 2,Enzyme,5.196,8.03807898512038e-38,up,27,2,True,True,Advanced clinical,5,True,True,True,False,True,False,4,CHEMBL4481,260,571,0.4365667745640597,0.1391191724405907,0.6666666666666666,0.8333333333333334,0.605710566030154,0.4731974454383394,0.75,0.5705786148239542,1,Innate/antimicrobial,True,True,False
HRH3,ENSG00000101180,histamine receptor H3,Membrane receptor,4.329,9.33831457451687e-102,up,47,0,False,False,Approved drug,6,True,True,False,False,True,False,16,CHEMBL264,4896,5880,0.3460373812258536,0.3912121429919797,0.0,1.0,0.924849867048811,0.8330046822133071,0.5,0.5551747316911453,2,,False,True,False
JAK3,ENSG00000105639,Janus kinase 3,Enzyme,1.545,0.0001172658014326,up,738,1,False,True,Approved drug,6,True,True,True,False,True,False,20,CHEMBL2148,6069,8832,0.0553409209564581,0.0083546257790886,0.3333333333333333,1.0,0.948224345537425,0.8951325360116483,0.75,0.5546667466515418,3,JAK-STAT,True,True,True
REN,ENSG00000143839,renin,Enzyme,3.423,2.36356916688984e-38,up,83,1,False,True,Approved drug,6,True,True,True,False,True,False,4,CHEMBL286,3205,4029,0.2514357314399081,0.1412151890442856,0.3333333333333333,1.0,0.8787401934757724,0.4731974454383394,0.75,0.546936771014191,4,,False,True,False
MMP12,ENSG00000262406,matrix metallopeptidase 12,Enzyme,5.339,1.65261179448983e-73,up,28,1,True,False,Advanced clinical,5,True,True,True,False,False,False,3,CHEMBL4393,408,594,0.4514983815391041,0.2798316696893919,0.3333333333333333,0.8333333333333334,0.6546064250779492,0.4075900941810124,0.75,0.5381464246841745,5,Eicosanoid/protease,True,True,False
HTR3A,ENSG00000166736,5-hydroxytryptamine receptor 3A,Ion channel,4.233,1.2231239054529601e-60,up,79,0,False,False,Approved drug,6,True,True,False,False,True,False,29,CHEMBL1899,815,1058,0.3360133653544951,0.2290884795025903,0.0,1.0,0.729790586894419,1.0,0.5,0.5305478937314502,6,,False,True,False
RORC,ENSG00000143365,RAR related orphan receptor C,Transcription factor,-2.473,9.30744833846091e-227,down,7,1,False,True,Phase 1,4,True,True,True,False,True,False,0,CHEMBL1741186,9766,14698,0.1522397410462566,0.8840883623053859,0.3333333333333333,0.6666666666666666,1.0,0.0,0.75,0.5226604235316392,7,Th17/IL-17 axis,True,True,True
MMP9,ENSG00000100985,matrix metallopeptidase 9,Enzyme,1.787,0.0061697067256682,up,290,2,True,True,Advanced clinical,5,True,True,True,False,True,True,5,CHEMBL321,1809,2434,0.0806097942988409,0.0015684167831115,0.6666666666666666,0.8333333333333334,0.8165096660163322,0.5268025545616607,0.75,0.5217287727904573,8,Eicosanoid/protease,True,True,False
PLK1,ENSG00000166851,polo like kinase 1,Enzyme,1.408,2.19308852825916e-05,up,325,2,False,True,Advanced clinical,5,True,True,True,False,True,False,8,CHEMBL3024,751,1118,0.0410358149733737,0.011225558141636,0.6666666666666666,0.8333333333333334,0.72089974944996,0.646015014942309,0.75,0.5185966187326092,9,Proliferation,True,True,False
IDO1,ENSG00000131203,"indoleamine 2,3-dioxygenase 1",Enzyme,3.086,2.58706871918645e-94,up,48,1,True,False,Advanced clinical,5,True,True,True,False,True,False,2,CHEMBL4685,1911,3581,0.2162472590581601,0.3618664748434554,0.3333333333333333,0.8333333333333334,0.8224772695772136,0.3230075074711545,0.75,0.515639990190821,10,Tryptophan/immunometab,True,True,False
MMP1,ENSG00000196611,matrix metallopeptidase 1,Enzyme,3.206,0.0108891679622064,up,304,1,False,True,Approved drug,6,True,True,False,True,True,False,4,CHEMBL332,971,1818,0.2287772788973582,0.0005955684822273,0.3333333333333333,1.0,0.7488333572753335,0.4731974454383394,0.75,0.5103950747450325,11,Eicosanoid/protease,True,True,False
CHRM4,ENSG00000180720,cholinergic receptor muscarinic 4,Membrane receptor,-4.58,7.81425433384877e-39,down,146,0,False,False,Approved drug,6,True,True,False,False,True,False,10,CHEMBL1821,886,1932,0.3722460060561763,0.143110496221914,0.0,1.0,0.7388721983927208,0.7050150296265741,0.5,0.4924440079990568,12,,False,True,False
IL17A,ENSG00000112115,interleukin 17A,Secreted protein,5.604,7.560101103235945e-125,up,11,1,False,True,Discovery precedence,3,True,True,False,False,False,True,11,CHEMBL3390822,28,53,0.4791688420173332,0.4822620552541294,0.3333333333333333,0.5,0.3665377272204881,0.7305976016521669,0.5,0.4807780776583341,13,Th17/IL-17 axis,True,True,False
AURKA,ENSG00000087586,aurora kinase A,Enzyme,1.71,9.102257109857607e-11,up,1263,0,False,False,Advanced clinical,5,True,True,True,False,True,False,19,CHEMBL4722,2162,3340,0.0725696982353555,0.0324462260946491,0.0,0.8333333333333334,0.8359037953712647,0.8807875396193517,0.75,0.4687923863459292,14,Proliferation,True,True,False
S100A9,ENSG00000163220,S100 calcium binding protein A9,Unclassified protein,7.94,3.01369564684045e-21,up,5,3,True,True,Discovery precedence,3,True,True,False,False,False,False,0,CHEMBL4296265,2,17,0.7230865615537225,0.0737686889918939,1.0,0.5,0.119586419404833,0.0,0.5,0.4583581940872773,15,Innate/antimicrobial,True,True,False
CXCR2,ENSG00000180871,C-X-C motif chemokine receptor 2,Membrane receptor,2.416,1.14090994204271e-27,up,243,1,False,True,Advanced clinical,5,True,True,False,False,True,False,7,CHEMBL2434,697,1082,0.1462879816226375,0.0990898071340589,0.3333333333333333,0.8333333333333334,0.7127883822663555,0.6113851412715186,0.5,0.45545676970604,16,Chemokine/leukocyte,True,True,False
PLA2G2A,ENSG00000188257,phospholipase A2 group IIA,Enzyme,1.037,0.0049957815808664,up,344,2,True,True,Advanced clinical,5,True,True,True,False,True,False,2,CHEMBL3474,149,288,0.0022971703038529,0.0019298331507113,0.6666666666666666,0.8333333333333334,0.5454189252615149,0.3230075074711545,0.75,0.4506895758940326,17,Eicosanoid/protease,True,True,False
AURKB,ENSG00000178999,aurora kinase B,Enzyme,1.489,1.33285131751699e-17,up,1097,0,False,False,Advanced clinical,5,True,True,False,False,True,False,18,CHEMBL2185,1422,2412,0.0494935783648324,0.05939389341486,0.0,0.8333333333333334,0.7903242203544492,0.8657065876392923,0.5,0.4230931416080353,18,Proliferation,True,True,False
KYNU,ENSG00000115919,kynureninase,Enzyme,4.652,4.01468224351229e-48,up,34,2,True,False,Discovery precedence,3,True,True,False,True,True,False,0,CHEMBL5100,5,5,0.3797640179596951,0.1797376245024427,0.6666666666666666,0.5,0.1950370495304172,0.0,0.75,0.4058304841166884,19,Tryptophan/immunometab,True,True,False
BIRC3,ENSG00000023445,baculoviral IAP repeat containing 3,Enzyme,1.379,1.1487760560601e-73,up,55,2,True,True,Advanced clinical,5,False,True,False,False,True,False,1,CHEMBL5335,189,223,0.0380077268455675,0.2804544036365403,0.6666666666666666,0.8333333333333334,0.5711503756082578,0.2037950470905062,0.25,0.4043227033257719,20,NF-kB/TNF,True,False,False
CXCL10,ENSG00000169245,C-X-C motif chemokine ligand 10,Secreted protein,4.082,1.3394272000415201e-20,up,60,2,True,True,Discovery precedence,3,True,True,True,False,False,True,2,CHEMBL3712964,0,0,0.3202464237235042,0.0712143588863584,0.6666666666666666,0.5,0.0,0.3230075074711545,0.75,0.3974509802331323,21,,False,True,False
CDK1,ENSG00000170312,cyclin dependent kinase 1,Enzyme,1.399,6.08580502904221e-09,up,1636,0,False,False,Advanced clinical,5,True,True,False,False,True,False,12,CHEMBL308,593,1201,0.0400960634854338,0.0252496499581654,0.0,0.8333333333333334,0.6952261838426371,0.7541312866141433,0.5,0.3925034792105049,22,Proliferation,True,True,False
S100A7,ENSG00000143556,S100 calcium binding protein A7,Unclassified,8.11,4.98670435214668e-60,up,13,1,False,False,Discovery precedence,3,True,False,False,True,False,False,0,,0,0,0.7408374229925864,0.2266819181259493,0.3333333333333333,0.5,0.0,0.0,0.5,0.3655525663137794,23,Innate/antimicrobial,True,True,False
FABP5,ENSG00000164687,fatty acid binding protein 5,Auxiliary transport protein,3.385,1.21346474342701e-32,up,148,1,False,False,Discovery precedence,3,True,True,False,True,False,False,0,CHEMBL3674,129,287,0.247467891824162,0.1186990531102229,0.3333333333333333,0.5,0.5298420764666179,0.0,0.75,0.36486915607757,24,,False,True,False
HMOX1,ENSG00000100292,heme oxygenase 1,Enzyme,1.348,6.591301622620219e-116,up,33,2,True,True,Discovery precedence,3,True,True,True,False,False,False,0,CHEMBL2823,1,8,0.0347708050537746,0.4470102044990461,0.6666666666666666,0.5,0.0754506301255842,0.0,0.75,0.3614540450646351,25,,False,True,False
LTB4R,ENSG00000213903,leukotriene B4 receptor,Membrane receptor,1.377,2.36205660980027e-19,up,1248,0,False,False,Advanced clinical,5,True,True,False,False,True,False,4,CHEMBL3911,375,524,0.0377988931815808,0.0662999616649041,0.0,0.8333333333333334,0.6454491193243758,0.4731974454383394,0.5,0.3573307172773322,26,Chemokine/leukocyte,True,True,False
AKR1B10,ENSG00000198074,aldo-keto reductase family 1 member B10,Enzyme,5.748,1.24921493634178e-26,up,103,0,False,False,Discovery precedence,3,True,True,True,False,True,False,0,CHEMBL5983,81,129,0.4942048658243709,0.094991545913676,0.0,0.5,0.4796813048046057,0.0,0.75,0.3504176179345806,27,,False,True,False
LTF,ENSG00000012223,lactotransferrin,Enzyme,5.7,1.1125379734746e-107,up,14,1,True,False,Discovery precedence,3,True,False,True,False,False,False,0,CHEMBL4523161,0,0,0.4891928578886917,0.4145700813594576,0.3333333333333333,0.5,0.0,0.0,0.5,0.3428031241830994,28,Innate/antimicrobial,True,True,False
PARP14,ENSG00000173193,poly(ADP-ribose) polymerase family member 14,Enzyme,1.646,4.42276984262394e-66,up,134,1,True,False,Discovery precedence,3,True,True,True,False,False,False,0,CHEMBL2176777,27,83,0.0658870209877832,0.2505452089897454,0.3333333333333333,0.5,0.3627179581065751,0.0,0.75,0.3279512438293594,29,,False,True,False
TMPRSS11D,ENSG00000153802,transmembrane serine protease 11D,Enzyme,6.933,3.06269361376121e-13,up,40,1,False,False,Discovery precedence,3,False,True,False,False,True,False,0,CHEMBL1795138,27,49,0.6179388117364519,0.042197356638678,0.3333333333333333,0.5,0.3627179581065751,0.0,0.25,0.3273188238819917,30,,False,False,False
ATP1A2,ENSG00000018625,ATPase Na+/K+ transporting subunit alpha 2,Unclassified,-1.79,3.0649519658687803e-97,down,149,0,False,False,Approved drug,6,False,True,False,False,True,False,6,,0,0,0.0809230447948209,0.3734051039251966,0.0,1.0,0.0,0.5721250285404937,0.25,0.3255297639589506,31,,False,False,False
S100A12,ENSG00000163221,S100 calcium binding protein A12,Unclassified,8.802,1.63741833874838e-81,up,4,1,True,False,Druggable pocket,2,False,False,True,False,False,False,0,,0,0,0.813093870731962,0.3113912008908435,0.3333333333333333,0.3333333333333333,0.0,0.0,0.25,0.3245571741719877,32,Innate/antimicrobial,True,True,False
CCL2,ENSG00000108691,C-C motif chemokine ligand 2,Secreted protein,1.744,1.08844768230025e-29,up,113,2,True,True,Discovery precedence,3,False,True,False,False,False,True,1,CHEMBL1649052,32,56,0.0761198705231283,0.1070563451299632,0.6666666666666666,0.5,0.3806027149073869,0.2037950470905062,0.25,0.3141760695495058,33,Chemokine/leukocyte,True,False,False
RRM2,ENSG00000171848,ribonucleotide reductase regulatory subunit M2,Enzyme,1.937,4.56239493658658e-06,up,570,1,False,False,Approved drug,6,False,False,False,False,True,False,10,CHEMBL1954,0,4,0.0962723190978386,0.0139141208055208,0.3333333333333333,1.0,0.0,0.7050150296265741,0.0,0.3136005154894623,34,Proliferation,True,False,False
CCL20,ENSG00000115009,C-C motif chemokine ligand 20,Unclassified,3.425,0.0154127908989544,up,61,3,True,True,Discovery precedence,3,True,False,False,False,False,False,0,,0,0,0.2516445651038947,6.280304775364647e-07,1.0,0.5,0.0,0.0,0.25,0.3127960970823583,35,Th17/IL-17 axis; Chemokine/leukocyte,True,True,False
IL23A,ENSG00000110944,interleukin 23 subunit alpha,Unclassified,1.633,0.003323095773921,up,291,2,True,True,Discovery precedence,3,True,False,False,False,False,True,8,,0,0,0.0645296021718701,0.0026279767311556,0.6666666666666666,0.5,0.0,0.646015014942309,0.25,0.3069524873917523,36,Th17/IL-17 axis,True,True,False
GJB2,ENSG00000165474,gap junction protein beta 2,Unclassified protein,4.057,1.9190633427677e-17,up,150,1,False,False,Discovery precedence,3,True,True,False,True,False,False,0,CHEMBL4295738,0,0,0.3176360029236714,0.0587696921675444,0.3333333333333333,0.5,0.0,0.0,0.75,0.3067268435863661,37,,False,True,False
S100A8,ENSG00000143546,S100 calcium binding protein A8,Unclassified protein,7.763,3.78048122419265e-22,up,31,1,False,False,Discovery precedence,3,True,False,False,False,False,False,0,CHEMBL5725128,0,0,0.7046047822909053,0.0773234776354845,0.3333333333333333,0.5,0.0,0.0,0.25,0.303607678128621,38,Innate/antimicrobial,True,True,False
CCR7,ENSG00000126353,C-C motif chemokine receptor 7,Membrane receptor,2.694,4.16081205718351e-136,up,32,1,True,False,Discovery precedence,3,True,False,False,False,True,False,0,CHEMBL4594,20,27,0.1753158609167797,0.5266572695039122,0.3333333333333333,0.5,0.3314031172602397,0.0,0.25,0.3020241013767185,39,,False,True,False
TNNT2,ENSG00000118194,"troponin T2, cardiac type",Unclassified,-1.828,1.29076215466659e-113,down,78,0,False,False,Advanced clinical,5,True,True,False,False,True,False,1,,0,0,0.084890884410567,0.4379734228189849,0.0,0.8333333333333334,0.0,0.2037950470905062,0.5,0.3006259089163743,40,,False,True,False
CXCR1,ENSG00000163464,C-X-C motif chemokine receptor 1,Membrane receptor,1.172,0.0154184446213615,up,2077,0,False,False,Advanced clinical,5,False,True,False,False,True,False,5,CHEMBL4029,122,231,0.0163934426229508,0.0,0.0,0.8333333333333334,0.5238170940838545,0.5268025545616607,0.25,0.2998585108429262,41,Chemokine/leukocyte,True,False,False
DEFB4A,ENSG00000171711,defensin beta 4A,Unclassified,10.592,4.68930593744309e-07,up,21,0,False,False,Discovery precedence,3,True,False,False,False,False,False,0,,0,0,1.0,0.0178101020586014,0.0,0.5,0.0,0.0,0.25,0.2996372122470321,42,Innate/antimicrobial,True,True,False
STAT3,ENSG00000168610,signal transducer and activator of transcription 3,Transcription factor,1.246,2.19753287372143e-07,up,825,1,True,False,Discovery precedence,3,True,True,False,False,True,False,1,CHEMBL4026,112,430,0.0241202881904563,0.0191080202165086,0.3333333333333333,0.5,0.5145868002834791,0.2037950470905062,0.5,0.2978404359851414,43,JAK-STAT,True,True,True
GZMB,ENSG00000100453,granzyme B,Enzyme,3.948,1.79081128526603e-110,up,30,1,True,False,Druggable pocket,2,False,False,False,True,True,False,0,CHEMBL2316,17,91,0.3062545682363997,0.4255838258932728,0.3333333333333333,0.3333333333333333,0.3146234689352502,0.0,0.25,0.284784030995308,44,,False,True,False
STAT1,ENSG00000115415,signal transducer and activator of transcription 1,Transcription factor,1.862,3.79613668235924e-32,up,142,2,True,True,Discovery precedence,3,False,True,False,False,True,False,0,CHEMBL6101,10,50,0.0884410566983397,0.1167460449669057,0.6666666666666666,0.5,0.2610162955025539,0.0,0.25,0.2787508710620363,45,JAK-STAT,True,False,False
TNFRSF9,ENSG00000049249,TNF receptor superfamily member 9,Membrane receptor,2.878,9.96123906925684e-47,up,122,1,True,False,Discovery precedence,3,True,False,False,False,False,True,2,CHEMBL3712857,2,3,0.1945285580035502,0.1742385211541834,0.3333333333333333,0.5,0.119586419404833,0.3230075074711545,0.25,0.2765350342042595,46,,False,True,False
TMPRSS6,ENSG00000187045,transmembrane serine protease 6,Enzyme,-2.874,1.61094009700847e-91,down,89,0,False,False,Discovery precedence,3,False,True,False,False,False,False,1,CHEMBL1795139,69,91,0.1941108906755769,0.3508487620875956,0.0,0.5,0.4624582658465397,0.2037950470905062,0.25,0.2744922093245608,47,,False,False,False
CTLA4,ENSG00000163599,cytotoxic T-lymphocyte associated protein 4,Surface antigen,3.125,2.21057928611993e-101,up,68,0,False,False,Discovery precedence,3,True,False,False,False,False,True,6,CHEMBL2364164,0,0,0.2203195155058996,0.3897365374720761,0.0,0.5,0.0,0.5721250285404937,0.25,0.2725809007125703,48,,False,True,False
VNN3,ENSG00000293493,"vanin 3, pseudogene ",Unclassified,8.081,3.798963881275559e-185,up,1,1,False,False,Unknown,0,False,False,False,False,False,False,0,,0,0,0.7378093348647802,0.7200183231446551,0.3333333333333333,0.0,0.0,0.0,0.0,0.269207879053019,49,Tryptophan/immunometab,True,False,False
BCL3,ENSG00000069399,BCL3 transcription coactivator,Unclassified protein,1.298,2.5120626999321494e-55,up,63,2,True,True,Discovery precedence,3,False,True,False,False,False,False,0,CHEMBL4523197,4,10,0.0295499634541088,0.2081412444742696,0.6666666666666666,0.5,0.1751909378655488,0.0,0.25,0.2688188553025178,50,,False,False,False
CAMK2B,ENSG00000058404,calcium/calmodulin dependent protein kinase II beta,Enzyme,-2.602,7.73598408981174e-92,down,109,0,False,False,Discovery precedence,3,True,True,False,False,True,False,0,CHEMBL4121,23,52,0.1657095123733946,0.3521048479026049,0.0,0.5,0.3459383097815857,0.0,0.5,0.2685928911493139,51,,False,True,False
IL36A,ENSG00000136694,interleukin 36 alpha,Unclassified,10.061,7.206907281450409e-92,up,2,1,False,False,Unknown,0,False,False,False,False,False,False,0,,0,0,0.9445546622115484,0.3522261596415535,0.3333333333333333,0.0,0.0,0.0,0.0,0.2622869783550651,52,Innate/antimicrobial,True,False,False
CXCL11,ENSG00000169248,C-X-C motif chemokine ligand 11,Unclassified,3.184,2.43369990036028e-08,up,117,2,True,True,Discovery precedence,3,True,False,False,False,False,False,0,,0,0,0.2264801085935053,0.0228761865223294,0.6666666666666666,0.5,0.0,0.0,0.25,0.2610115619295104,53,,False,True,False
HSD17B13,ENSG00000170509,hydroxysteroid 17-beta dehydrogenase 13,Enzyme,-3.397,9.88291754569694e-63,down,127,0,False,False,Discovery precedence,3,True,False,False,False,False,False,0,CHEMBL5305042,181,268,0.2487208938080818,0.2373394687725406,0.0,0.5,0.5664678364564756,0.0,0.25,0.2587266375129367,54,,False,True,False
IL36G,ENSG00000136688,interleukin 36 gamma,Secreted protein,4.835,1.1094889209173201e-20,up,88,1,False,False,Discovery precedence,3,True,False,False,False,False,False,0,CHEMBL5291561,1,1,0.3988722982144722,0.0715368781707903,0.3333333333333333,0.5,0.0754506301255842,0.0,0.25,0.2569355146741699,55,Innate/antimicrobial,True,True,False
SLC6A14,ENSG00000268104,solute carrier family 6 member 14,Unclassified protein,4.324,2.80762245799215e-26,up,99,1,False,False,Discovery precedence,3,False,True,False,False,True,False,0,CHEMBL4680044,0,0,0.345515297065887,0.0936047992648624,0.3333333333333333,0.5,0.0,0.0,0.25,0.2409253293836431,56,,False,False,False
CRYAB,ENSG00000109846,crystallin alpha B,Unclassified protein,-1.292,1.3806465224838295e-126,down,82,0,False,False,Discovery precedence,3,True,True,False,False,False,False,0,CHEMBL3621022,4,6,0.0289234624621489,0.489116682393334,0.0,0.5,0.1751909378655488,0.0,0.5,0.2399231376742527,57,,False,True,False
PLA2G4D,ENSG00000159337,phospholipase A2 group IVD,Enzyme,4.104,9.11521644331468e-32,up,105,1,False,False,Discovery precedence,3,True,False,False,False,False,False,0,CHEMBL2287,0,0,0.3225435940273572,0.1152460421658399,0.3333333333333333,0.5,0.0,0.0,0.25,0.2393873719848251,58,Eicosanoid/protease,True,True,False
NR4A3,ENSG00000119508,nuclear receptor subfamily 4 group A member 3,Transcription factor,2.064,9.11487027608514e-46,up,144,1,True,False,Discovery precedence,3,False,True,False,False,True,False,0,CHEMBL1961792,5,7,0.1095332567609898,0.1704476087834173,0.3333333333333333,0.5,0.1950370495304172,0.0,0.25,0.2310741452146383,59,,False,False,False
IL2RA,ENSG00000134460,interleukin 2 receptor subunit alpha,Membrane receptor,2.157,4.83871458860955e-79,up,50,2,True,True,Unknown,0,False,False,False,False,False,True,7,CHEMBL1778,0,0,0.1192440221363684,0.3016498299324475,0.6666666666666666,0.0,0.0,0.6113851412715186,0.0,0.2310281205290222,60,,False,False,False
MEFV,ENSG00000103313,"MEFV innate immunity regulator, pyrin",Unclassified protein,2.321,3.06491001575465e-78,up,74,1,True,False,Discovery precedence,3,True,False,False,False,False,False,0,CHEMBL6196061,0,0,0.1363683825832724,0.298488803784197,0.3333333333333333,0.5,0.0,0.0,0.25,0.2278649653190927,61,,False,True,False
S100A7A,ENSG00000184330,S100 calcium binding protein A7A,Unclassified,9.923,9.35816208285372e-24,up,10,1,False,False,Unknown,0,False,False,False,False,False,False,0,,0,0,0.9301451393964708,0.0836572842160114,0.3333333333333333,0.0,0.0,0.0,0.0,0.227464999197286,62,,False,False,False
PLA2G2F,ENSG00000158786,phospholipase A2 group IIF,Enzyme,2.142,4.41697869760966e-145,up,52,0,False,False,Discovery precedence,3,False,True,False,False,True,False,0,CHEMBL4278,3,8,0.1176777696564686,0.5620416401865435,0.0,0.5,0.1509012602511684,0.0,0.25,0.2242351465906898,63,,False,False,False
TCN1,ENSG00000134827,transcobalamin 1,Unclassified,6.612,0.0070958576839052,up,107,0,False,False,Discovery precedence,3,True,False,False,False,False,False,0,,0,0,0.5844210086665971,0.0013289196426509,0.0,0.5,0.0,0.0,0.25,0.2228552519171056,64,,False,True,False
RORA,ENSG00000069667,RAR related orphan receptor A,Transcription factor,-1.015,7.45895635608652e-05,down,2186,0,False,False,Discovery precedence,3,True,True,False,True,True,False,0,CHEMBL5868,5,21,0.0,0.0091293919050524,0.0,0.5,0.1950370495304172,0.0,0.75,0.2169999729722563,65,Th17/IL-17 axis,True,True,False
OAS1,ENSG00000089127,2'-5'-oligoadenylate synthetase 1,Unclassified,2.471,1.0313308097912199e-48,up,126,1,False,True,Discovery precedence,3,True,False,False,False,False,False,0,,0,0,0.15203090738227,0.1820649717979993,0.3333333333333333,0.5,0.0,0.0,0.25,0.2167133599445685,66,,False,True,False
IFIH1,ENSG00000115267,interferon induced with helicase C domain 1,Enzyme,1.522,8.79180830406447e-76,up,98,1,True,False,Discovery precedence,3,True,False,False,False,False,False,0,CHEMBL4739862,0,0,0.0529393338206118,0.2887983359998009,0.3333333333333333,0.5,0.0,0.0,0.25,0.2116848804076862,67,,False,True,False
SPRR2A,ENSG00000241794,small proline rich protein 2A,Unclassified,8.786,7.32372689048778e-20,up,20,1,False,False,Unknown,0,False,False,False,False,False,False,0,,0,0,0.811423201420069,0.0683051883893224,0.3333333333333333,0.0,0.0,0.0,0.0,0.204252798862331,68,,False,False,False
SERPINB4,ENSG00000206073,serpin family B member 4,Unclassified,8.73,4.21349401198297e-17,up,22,1,False,False,Unknown,0,False,False,False,False,False,False,0,,0,0,0.8055758588284432,0.0574229605671794,0.3333333333333333,0.0,0.0,0.0,0.0,0.2018944098571813,69,,False,False,False
CHP2,ENSG00000166869,calcineurin like EF-hand protein 2,Unclassified,-2.323,2.93025328028022e-183,down,29,0,False,False,Druggable pocket,2,False,False,False,True,False,False,0,,0,0,0.136577216247259,0.7125770030271658,0.0,0.3333333333333333,0.0,0.0,0.25,0.2009264726210998,70,,False,True,False
CHI3L2,ENSG00000064886,chitinase 3 like 2,Unclassified protein,4.384,3.730363786037929e-256,up,3,0,False,False,Unknown,0,False,False,False,False,False,False,0,CHEMBL6066218,2,2,0.3517803069854861,1.0,0.0,0.0,0.119586419404833,0.0,0.0,0.1976708255859674,71,,False,False,False
BEST2,ENSG00000039987,bestrophin 2,Unclassified,-2.969,2.0665643256879495e-82,down,106,0,False,False,Discovery precedence,3,True,False,False,False,False,False,0,,0,0,0.204030489714942,0.314935573865597,0.0,0.5,0.0,0.0,0.25,0.1920177570125612,72,,False,True,False
DEFB4B,ENSG00000177257,defensin beta 4B,Unclassified,9.769,1.62302305024037e-58,up,9,0,False,False,Unknown,0,False,False,False,False,False,False,0,,0,0,0.9140649472694998,0.2207181408363489,0.0,0.0,0.0,0.0,0.0,0.1910178674088718,73,Innate/antimicrobial,True,False,False
ICOS,ENSG00000163600,inducible T cell costimulator,Unclassified protein,2.904,6.898874222329069e-103,up,44,1,False,True,Unknown,0,False,False,False,False,False,True,4,CHEMBL3712953,0,0,0.1972433956353764,0.3956735688543287,0.3333333333333333,0.0,0.0,0.4731974454383394,0.0,0.1897683329294879,74,,False,False,False
PARK2,ENSG00000185345,parkin RBR E3 ubiquitin protein ligase,Unclassified,-1.427,4.27941540054152e-123,down,81,0,False,False,Discovery precedence,3,True,False,False,False,False,False,0,,0,0,0.0430197347812467,0.4753506031306142,0.0,0.5,0.0,0.0,0.25,0.1822856246362981,75,,False,True,False
CTA-384D8.34,ENSG00000273272,long independently transcribed non-coding RNA 3232,Unclassified,4.413,3.9796203329959e-143,up,15,1,False,False,Unknown,0,False,False,False,False,False,False,0,,0,0,0.3548083951132923,0.5543342632621788,0.3333333333333333,0.0,0.0,0.0,0.0,0.180385622711854,76,,False,False,False
LCE3A,ENSG00000185962,late cornified envelope 3A,Unclassified,7.678,1.64510927782409e-05,up,36,1,False,False,Unknown,0,False,False,False,False,False,False,0,,0,0,0.6957293515714733,0.0117178822421043,0.3333333333333333,0.0,0.0,0.0,0.0,0.1766374291519177,77,,False,False,False
CXCL13,ENSG00000156234,C-X-C motif chemokine ligand 13,Unclassified,5.544,4.28716710382635e-76,up,25,1,True,False,Unknown,0,False,False,False,False,False,False,0,,0,0,0.4729038320977341,0.2900281773452686,0.3333333333333333,0.0,0.0,0.0,0.0,0.1699260710590243,78,Chemokine/leukocyte,True,False,False
GSTA3,ENSG00000174156,glutathione S-transferase alpha 3,Enzyme,-2.526,3.2606730910380404e-104,down,84,0,False,False,Druggable pocket,2,False,False,True,False,False,False,0,CHEMBL4866,0,0,0.1577738331419024,0.4008998536916817,0.0,0.3333333333333333,0.0,0.0,0.25,0.1673406057418775,79,,False,True,False
SERPINB3,ENSG00000057149,serpin family B member 3,Unclassified,6.342,8.32960547693203e-38,up,38,1,False,False,Unknown,0,False,False,False,False,False,False,0,,0,0,0.5562284640284014,0.1390581662543842,0.3333333333333333,0.0,0.0,0.0,0.0,0.1668081034756383,80,,False,False,False
SPRR2B,ENSG00000196805,small proline rich protein 2B,Unclassified,7.012,9.13960058596247e-11,up,45,1,False,False,Unknown,0,False,False,False,False,False,False,0,,0,0,0.626187741463924,0.0324392150384613,0.3333333333333333,0.0,0.0,0.0,0.0,0.1666064992681216,81,,False,False,False
SERPINB11,ENSG00000206072,serpin family B member 11,Unclassified,6.244,7.17856052658332e-38,up,39,1,False,False,Unknown,0,False,False,False,False,False,False,0,,0,0,0.5459956144930563,0.1393128307541529,0.3333333333333333,0.0,0.0,0.0,0.0,0.1649967502992484,82,,False,False,False
PRSS27,ENSG00000172382,serine protease 27,Enzyme,4.192,6.32626527804343e-223,up,6,0,False,False,Unknown,0,False,False,False,False,False,False,0,CHEMBL6196117,0,0,0.3317322752427692,0.8689776737363959,0.0,0.0,0.0,0.0,0.0,0.1639891303920659,83,,False,False,False
IL19,ENSG00000142224,interleukin 19,Unclassified,8.112,2.3780319432168e-65,up,17,0,False,False,Unknown,0,False,False,False,False,False,False,0,,0,0,0.7410462566565731,0.2476647814501585,0.0,0.0,0.0,0.0,0.0,0.1631080999722021,84,JAK-STAT,True,False,False
CXCL9,ENSG00000138755,C-X-C motif chemokine ligand 9,Unclassified,4.294,2.60678646314089e-05,up,76,2,True,True,Unknown,0,False,False,False,False,False,False,0,,0,0,0.3423827921060875,0.0109296414476234,0.6666666666666666,0.0,0.0,0.0,0.0,0.1629404595528105,85,,False,False,False
SPRR2F,ENSG00000244094,small proline rich protein 2F,Unclassified,6.69,6.74311748572103e-05,up,56,1,False,False,Unknown,0,False,False,False,False,False,False,0,,0,0,0.5925655215620759,0.0093021621148789,0.3333333333333333,0.0,0.0,0.0,0.0,0.1577780533349591,86,,False,False,False
PI3,ENSG00000124102,peptidase inhibitor 3,Unclassified,6.611,0.0002857215676403,up,59,1,False,False,Unknown,0,False,False,False,False,False,False,0,,0,0,0.5843165918346037,0.0068295989395587,0.3333333333333333,0.0,0.0,0.0,0.0,0.1559965384029757,87,Innate/antimicrobial,True,False,False
RDH16,ENSG00000139547,retinol dehydrogenase 16,Unclassified,2.383,6.58297841634332e-172,up,16,1,False,False,Unknown,0,False,False,False,False,False,False,0,,0,0,0.1428422261668581,0.6678183745566445,0.3333333333333333,0.0,0.0,0.0,0.0,0.1558498056568318,88,,False,False,False
PLBD1,ENSG00000121316,phospholipase B domain containing 1,Unclassified,2.05,5.9771883078659605e-173,up,26,1,False,False,Unknown,0,False,False,False,False,False,False,0,,0,0,0.1080714211130834,0.671926649681542,0.3333333333333333,0.0,0.0,0.0,0.0,0.15008405376214,89,,False,False,False
NMI,ENSG00000123609,N-myc and STAT interactor,Unclassified,1.483,6.37351461436693e-195,up,18,1,True,False,Unknown,0,False,False,False,False,False,False,0,,0,0,0.0488670773728725,0.7585619285355975,0.3333333333333333,0.0,0.0,0.0,0.0,0.1498235053513887,90,,False,False,False
DTX3L,ENSG00000163840,deltex E3 ubiquitin ligase 3L,Unclassified,1.487,2.72899828149726e-108,up,135,0,False,False,Druggable pocket,2,False,False,True,False,False,False,0,,0,0,0.0492847447008457,0.4169765181963097,0.0,0.3333333333333333,0.0,0.0,0.25,0.1497417695630427,91,,False,True,False
TNIP3,ENSG00000050730,TNFAIP3 interacting protein 3,Unclassified,7.022,1.0124044000745398e-77,up,24,0,False,False,Unknown,0,False,False,False,False,False,False,0,,0,0,0.6272319097838572,0.2964426564452155,0.0,0.0,0.0,0.0,0.0,0.1484748625345201,92,NF-kB/TNF,True,False,False
LINC01206,ENSG00000242512,long independently transcribed non-coding RNA 1206,Unclassified,5.227,3.00765594380137e-142,up,19,0,False,False,Unknown,0,False,False,False,False,False,False,0,,0,0,0.4398036963558526,0.5508708165122556,0.0,0.0,0.0,0.0,0.0,0.1452691633255241,93,,False,False,False
SPRR2C,ENSG00000229035,small proline rich protein 2C (pseudogene),Unclassified,5.969,0.0004218000838843,up,66,1,False,False,Unknown,0,False,False,False,False,False,False,0,,0,0,0.5172809856948941,0.0061625927392583,0.3333333333333333,0.0,0.0,0.0,0.0,0.1438500885537919,94,,False,False,False
ZC3H12A,ENSG00000163874,zinc finger CCCH-type containing 12A,Unclassified,3.07,1.71881269526147e-13,up,128,2,True,False,Unknown,0,False,False,False,False,False,False,0,,0,0,0.214576589746267,0.043186547833067,0.6666666666666666,0.0,0.0,0.0,0.0,0.1438061718942961,95,NF-kB/TNF,True,False,False
XAF1,ENSG00000132530,XIAP associated factor 1,Unclassified,2.546,2.0496820781045e-27,up,86,2,True,True,Unknown,0,False,False,False,False,False,False,0,,0,0,0.1598621697817688,0.0980865784386681,0.6666666666666666,0.0,0.0,0.0,0.0,0.1405455799733585,96,,False,False,False
SPRR2D,ENSG00000163216,small proline rich protein 2D,Unclassified,5.364,9.29012940192857e-15,up,77,1,False,False,Unknown,0,False,False,False,False,False,False,0,,0,0,0.4541088023389371,0.048183099089865,0.3333333333333333,0.0,0.0,0.0,0.0,0.1375215563117924,97,,False,False,False
DEFB103B,ENSG00000177243,defensin beta 103B,Unclassified,5.334,2.9804155742008997e-12,up,75,1,False,False,Unknown,0,False,False,False,False,False,False,0,,0,0,0.4509762973791375,0.0383010246104587,0.3333333333333333,0.0,0.0,0.0,0.0,0.1357718564814998,98,,False,False,False
SPRR2E,ENSG00000203785,small proline rich protein 2E,Unclassified,4.239,6.71587258616668e-55,up,58,1,False,False,Unknown,0,False,False,False,False,False,False,0,,0,0,0.3366398663464551,0.2064573148885774,0.3333333333333333,0.0,0.0,0.0,0.0,0.1353700537289912,99,,False,False,False
SOCS3,ENSG00000184557,suppressor of cytokine signaling 3,Unclassified,2.163,2.29647935138402e-23,up,131,2,True,True,Unknown,0,False,False,False,False,False,False,0,,0,0,0.1198705231283282,0.0821200328709843,0.6666666666666666,0.0,0.0,0.0,0.0,0.1314310981076172,100,,False,False,False
ARSF,ENSG00000062096,arylsulfatase F,Unclassified,3.502,3.22130464684807e-181,up,23,0,False,False,Unknown,0,False,False,False,False,False,False,0,,0,0,0.2596846611673802,0.7045289133587586,0.0,0.0,0.0,0.0,0.0,0.1312867086131794,101,,False,False,False
LCE3D,ENSG00000163202,late cornified envelope 3D,Unclassified,5.053,1.32840915788915e-12,up,96,1,False,False,Unknown,0,False,False,False,False,False,False,0,,0,0,0.4216351675890153,0.0396847881064596,0.3333333333333333,0.0,0.0,0.0,0.0,0.1306565047387979,102,,False,False,False
SLC26A9,ENSG00000174502,solute carrier family 26 member 9,Transporter,2.979,1.38615889149751e-94,up,49,1,False,False,Unknown,0,False,False,False,False,False,False,0,CHEMBL4523359,0,0,0.2050746580348752,0.3629349982826432,0.3333333333333333,0.0,0.0,0.0,0.0,0.1304656382401947,103,,False,False,False
HEPHL1,ENSG00000181333,hephaestin like 1,Unclassified,5.023,0.0045084016407607,up,130,1,False,False,Unknown,0,False,False,False,False,False,False,0,,0,0,0.4185026626292158,0.002105613828665,0.3333333333333333,0.0,0.0,0.0,0.0,0.1255831529326986,104,,False,False,False
LCE3E,ENSG00000185966,late cornified envelope 3E,Unclassified,4.853,2.39688819077802e-07,up,123,1,False,False,Unknown,0,False,False,False,False,False,False,0,,0,0,0.4007518011903519,0.0189593215851677,0.3333333333333333,0.0,0.0,0.0,0.0,0.1244104428044834,105,,False,False,False
FABP5P7,ENSG00000234964,fatty acid binding protein 5 pseudogene 7,Unclassified,3.457,9.88187987633824e-54,up,94,1,False,False,Unknown,0,False,False,False,False,False,False,0,,0,0,0.2549859037276809,0.2018529689883501,0.3333333333333333,0.0,0.0,0.0,0.0,0.1201198189495846,106,,False,False,False
KLK13,ENSG00000167759,kallikrein related peptidase 13,Enzyme,3.65,3.2430225476830413e-44,up,85,1,False,False,Unknown,0,False,False,False,False,False,False,0,CHEMBL4863,0,1,0.2751383523023911,0.1643312844736238,0.3333333333333333,0.0,0.0,0.0,0.0,0.1192446575512652,107,,False,False,False
AP000439.3,ENSG00000255774,long independently transcribed non-coding RNA 2747,Unclassified,-3.865,8.14487533292593e-141,down,35,0,False,False,Unknown,0,False,False,False,False,False,False,0,,0,0,0.2975879711809544,0.5452219037768061,0.0,0.0,0.0,0.0,0.0,0.1189924632657885,108,,False,False,False
IL7R,ENSG00000168685,interleukin 7 receptor,Unclassified,1.984,8.459646904676592e-110,up,51,1,True,False,Unknown,0,False,False,False,False,False,False,0,,0,0,0.1011799102015244,0.4229250754809574,0.3333333333333333,0.0,0.0,0.0,0.0,0.1189633928939893,109,,False,False,False
IFI27,ENSG00000165949,interferon alpha inducible protein 27,Unclassified,4.563,2.12007810859004e-06,up,143,1,True,False,Unknown,0,False,False,False,False,False,False,0,,0,0,0.3704709199122898,0.015226501077969,0.3333333333333333,0.0,0.0,0.0,0.0,0.1185119457135684,110,,False,False,False
TRIM10,ENSG00000204613,tripartite motif containing 10,Unclassified,4.181,7.30875096290992e-127,up,37,0,False,False,Unknown,0,False,False,False,False,False,False,0,,0,0,0.3305836900908427,0.4902058842737354,0.0,0.0,0.0,0.0,0.0,0.1183297703291999,111,,False,False,False
TMPRSS11A,ENSG00000187054,transmembrane serine protease 11A,Unclassified,5.886,1.08425157696603e-55,up,54,0,False,False,Unknown,0,False,False,False,False,False,False,0,,0,0,0.5086143886394487,0.209580033809977,0.0,0.0,0.0,0.0,0.0,0.116700194012298,112,,False,False,False
OAS2,ENSG00000111335,2'-5'-oligoadenylate synthetase 2,Unclassified,3.923,9.68301772299363e-24,up,118,1,True,False,Unknown,0,False,False,False,False,False,False,0,,0,0,0.3036441474365668,0.0835988488374754,0.3333333333333333,0.0,0.0,0.0,0.0,0.114687808399079,113,,False,False,False
AKR1B10P1,ENSG00000213606,aldo-keto reductase family 1 member B10 pseudogene 1,Unclassified,6.093,9.326679363126059e-36,up,70,0,False,False,Unknown,0,False,False,False,False,False,False,0,,0,0,0.5302286728620654,0.1309786275951235,0.0,0.0,0.0,0.0,0.0,0.1111585964265866,114,,False,False,False
TEX101,ENSG00000131126,testis expressed 101,Unclassified,4.391,2.6493863291093495e-101,up,46,0,False,False,Unknown,0,False,False,False,False,False,False,0,,0,0,0.3525112248094393,0.3894264659266395,0.0,0.0,0.0,0.0,0.0,0.1101831963768958,115,,False,False,False
BATF2,ENSG00000168062,basic leucine zipper ATF-like transcription factor 2,Unclassified,2.973,2.1641190605969e-49,up,87,1,True,False,Unknown,0,False,False,False,False,False,False,0,,0,0,0.2044481570429153,0.1847387623637329,0.3333333333333333,0.0,0.0,0.0,0.0,0.1089693197513727,116,,False,False,False
FAM43A,ENSG00000185112,family with sequence similarity 43 member A,Unclassified,2.002,1.32697749493668e-87,up,64,1,False,False,Unknown,0,False,False,False,False,False,False,0,,0,0,0.1030594131774041,0.3354089645272398,0.3333333333333333,0.0,0.0,0.0,0.0,0.1087997701152015,117,,False,False,False
ACP7,ENSG00000183760,"acid phosphatase 7, tartrate resistant (putative)",Unclassified,3.435,3.70702294619857e-29,up,145,1,False,False,Unknown,0,False,False,False,False,False,False,0,,0,0,0.2526887334238279,0.104957829625849,0.3333333333333333,0.0,0.0,0.0,0.0,0.1080789115713909,118,,False,False,False
GDPD3,ENSG00000102886,glycerophosphodiester phosphodiesterase domain containing 3,Unclassified,2.442,2.4997348109806e-65,up,97,1,False,False,Unknown,0,False,False,False,False,False,False,0,,0,0,0.1490028192544638,0.2475793127517846,0.3333333333333333,0.0,0.0,0.0,0.0,0.1065300249960176,119,,False,False,False
FABP5P11,ENSG00000240122,fatty acid binding protein 5 pseudogene 11,Unclassified,3.329,6.23555899921043e-133,up,43,0,False,False,Unknown,0,False,False,False,False,False,False,0,,0,0,0.2416205492325362,0.5141356081340012,0.0,0.0,0.0,0.0,0.0,0.1051879718379366,120,,False,False,False
AKR1B15,ENSG00000227471,aldo-keto reductase family 1 member B15,Unclassified,5.299,2.86056210423157e-50,up,71,0,False,False,Unknown,0,False,False,False,False,False,False,0,,0,0,0.4473217082593715,0.1882039568562452,0.0,0.0,0.0,0.0,0.0,0.1031023823094363,121,,False,False,False
AADACL3,ENSG00000188984,arylacetamide deacetylase like 3,Unclassified,-6.062,1.16046507096926e-18,down,67,0,False,False,Unknown,0,False,False,False,False,False,False,0,,0,0,0.5269917510702726,0.063574025673418,0.0,0.0,0.0,0.0,0.0,0.1024873982734592,122,,False,False,False
AGR3,ENSG00000173467,"anterior gradient 3, protein disulphide isomerase family member",Unclassified,-5.438,1.4442047661997402e-31,down,93,0,False,False,Unknown,0,False,False,False,False,False,False,0,,0,0,0.4618356479064425,0.1144579942495774,0.0,0.0,0.0,0.0,0.0,0.0968653759331089,123,,False,False,False
C10orf99,ENSG00000188373,G protein-coupled receptor 15 ligand,Unclassified,5.233,1.07765279477971e-39,up,108,0,False,False,Unknown,0,False,False,False,False,False,False,0,,0,0,0.4404301973478124,0.1465030570264287,0.0,0.0,0.0,0.0,0.0,0.0968578023657776,124,,False,False,False
CD7,ENSG00000173762,CD7 molecule,Unclassified,2.069,2.28536057569943e-57,up,129,1,True,False,Unknown,0,False,False,False,False,False,False,0,,0,0,0.1100553409209564,0.2161891334675541,0.3333333333333333,0.0,0.0,0.0,0.0,0.0957526573818786,125,,False,False,False
IL37,ENSG00000125571,interleukin 37,Unclassified,-3.141,1.56701232349015e-118,down,53,0,False,False,Unknown,0,False,False,False,False,False,False,0,,0,0,0.2219901848177926,0.4573561439504496,0.0,0.0,0.0,0.0,0.0,0.0948409705412566,126,,False,False,False
SPINK1,ENSG00000164266,serine peptidase inhibitor Kazal type 1,Unclassified,-3.964,2.5433931362944e-84,down,65,0,False,False,Unknown,0,False,False,False,False,False,False,0,,0,0,0.3079252375482927,0.3224659869860899,0.0,0.0,0.0,0.0,0.0,0.0941224611970235,127,,False,False,False
LCE5A,ENSG00000186207,late cornified envelope 5A,Unclassified,-2.931,1.1802187389635899e-123,down,57,0,False,False,Unknown,0,False,False,False,False,False,False,0,,0,0,0.200062650099196,0.4775563839215394,0.0,0.0,0.0,0.0,0.0,0.09331804308844,128,,False,False,False
CD83,ENSG00000112149,CD83 molecule,Unclassified,1.385,7.07470912761585e-77,up,100,1,True,False,Unknown,0,False,False,False,False,False,False,0,,0,0,0.0386342278375274,0.2931133964561526,0.3333333333333333,0.0,0.0,0.0,0.0,0.0921277685854932,129,,False,False,False
DGAT2L6,ENSG00000184210,diacylglycerol O-acyltransferase 2 like 6,Enzyme,-5.431,6.380235174879515e-19,down,92,0,False,False,Unknown,0,False,False,False,False,False,False,0,CHEMBL5465322,0,0,0.4611047300824893,0.0645983896314766,0.0,0.0,0.0,0.0,0.0,0.0907506581706252,130,,False,False,False
IFIT1,ENSG00000185745,interferon induced protein with tetratricopeptide repeats 1,Unclassified,1.921,1.2285855585787499e-49,up,119,1,True,False,Unknown,0,False,False,False,False,False,False,0,,0,0,0.0946016497859455,0.1857082416689803,0.3333333333333333,0.0,0.0,0.0,0.0,0.0893132859617478,131,,False,False,False
FABP5P10,ENSG00000213201,fatty acid binding protein 5 pseudogene 10,Unclassified,3.331,1.89193318841986e-93,up,72,0,False,False,Unknown,0,False,False,False,False,False,False,0,,0,0,0.2418293828965229,0.3584593678592571,0.0,0.0,0.0,0.0,0.0,0.0865444130644849,132,,False,False,False
IL12RB1,ENSG00000096996,interleukin 12 receptor subunit beta 1,Membrane receptor,1.837,4.54135835404034e-44,up,220,1,True,False,Unknown,0,False,False,False,False,False,False,0,CHEMBL4523226,0,0,0.0858306358985068,0.163754681901439,0.3333333333333333,0.0,0.0,0.0,0.0,0.0851000762899039,133,,False,False,False
AWAT2,ENSG00000147160,acyl-CoA wax alcohol acyltransferase 2,Enzyme,-5.175,9.32897987524071e-17,down,115,0,False,False,Unknown,0,False,False,False,False,False,False,0,CHEMBL2375204,0,0,0.4343740210922001,0.0560618816869944,0.0,0.0,0.0,0.0,0.0,0.0849147495990353,134,,False,False,False
THRSP,ENSG00000151365,thyroid hormone responsive,Unclassified,-4.46,4.69954433993067e-39,down,110,0,False,False,Unknown,0,False,False,False,False,False,False,0,,0,0,0.3597159862169782,0.1439812281111238,0.0,0.0,0.0,0.0,0.0,0.0820266248923909,135,,False,False,False
PM20D1,ENSG00000162877,peptidase M20 domain containing 1,Unclassified,-4.895,1.81120987937024e-21,down,124,0,False,False,Unknown,0,False,False,False,False,False,False,0,,0,0,0.4051373081340712,0.0746405991240297,0.0,0.0,0.0,0.0,0.0,0.0818815873590163,136,,False,False,False
DBX2,ENSG00000185610,developing brain homeobox 2,Unclassified,-3.508,1.95192292335285e-73,down,90,0,False,False,Unknown,0,False,False,False,False,False,False,0,,0,0,0.2603111621593401,0.2795466256305727,0.0,0.0,0.0,0.0,0.0,0.0804016042643499,137,,False,False,False
SERPINA12,ENSG00000165953,serpin family A member 12,Unclassified,-2.378,8.32917123824343e-115,down,62,0,False,False,Unknown,0,False,False,False,False,False,False,0,,0,0,0.1423201420068915,0.4426665142425741,0.0,0.0,0.0,0.0,0.0,0.0787376072703493,138,,False,False,False
WDR72,ENSG00000166415,WD repeat domain 72,Unclassified,-2.534,1.3533355689124e-107,down,80,0,False,False,Unknown,0,False,False,False,False,False,False,0,,0,0,0.158609167797849,0.4142345719444061,0.0,0.0,0.0,0.0,0.0,0.0782577988369415,139,,False,False,False
SEC14L6,ENSG00000214491,SEC14 like lipid binding 6,Unclassified,-4.161,6.68562675354573e-42,down,125,0,False,False,Unknown,0,False,False,False,False,False,False,0,,0,0,0.3284953534509763,0.1552065071790217,0.0,0.0,0.0,0.0,0.0,0.0777539444826583,140,,False,False,False
WFIKKN2,ENSG00000173714,"WAP, follistatin/kazal, immunoglobulin, kunitz and netrin domain containing 2",Unclassified,-3.06,3.15047080616646e-74,down,121,0,False,False,Unknown,0,False,False,False,False,False,False,0,,0,0,0.2135324214263339,0.282669797280174,0.0,0.0,0.0,0.0,0.0,0.0723562115303609,141,,False,False,False
HS3ST6,ENSG00000162040,heparan sulfate-glucosamine 3-sulfotransferase 6,Unclassified,-2.765,1.02805815554914e-84,down,133,0,False,False,Unknown,0,False,False,False,False,False,False,0,,0,0,0.1827294559883053,0.3240171326685592,0.0,0.0,0.0,0.0,0.0,0.071773357998122,142,,False,False,False
ARL11,ENSG00000152213,ARF like GTPase 11,Unclassified,1.459,3.26022049510949e-132,up,69,0,False,False,Unknown,0,False,False,False,False,False,False,0,,0,0,0.0463610734050329,0.5113030945669599,0.0,0.0,0.0,0.0,0.0,0.0697013645609411,143,,False,False,False
CCL3,ENSG00000277632,C-C motif chemokine ligand 3,Unclassified,3.344,5.4735580084806e-57,up,141,0,False,False,Unknown,0,False,False,False,False,False,False,0,,0,0,0.243186801712436,0.2146935079506667,0.0,0.0,0.0,0.0,0.0,0.0695368452623184,144,,False,False,False
CXCL17,ENSG00000189377,C-X-C motif chemokine ligand 17,Unclassified,3.16,1.8008620409495799e-62,up,140,0,False,False,Unknown,0,False,False,False,False,False,False,0,,0,0,0.2239741046256657,0.2363119508925833,0.0,0.0,0.0,0.0,0.0,0.0686727729397298,145,,False,False,False
UPK1B,ENSG00000114638,uroplakin 1B,Unclassified,-3.012,2.29390226106605e-66,down,104,0,False,False,Unknown,0,False,False,False,False,False,False,0,,0,0,0.2085204134906547,0.2516694247522531,0.0,0.0,0.0,0.0,0.0,0.0677340053985882,146,,False,False,False
FLG2,ENSG00000143520,filaggrin 2,Adhesion,-2.54,1.02966734262806e-84,down,95,0,False,False,Unknown,0,False,False,False,False,False,False,0,CHEMBL5724685,0,0,0.1592356687898089,0.3240144543862734,0.0,0.0,0.0,0.0,0.0,0.0675441549085184,147,,False,False,False
SLC46A2,ENSG00000119457,solute carrier family 46 member 2,Unclassified,-2.282,3.704350987086e-91,down,132,0,False,False,Unknown,0,False,False,False,False,False,False,0,,0,0,0.132296126135533,0.3494228570765341,0.0,0.0,0.0,0.0,0.0,0.06574404555358,148,,False,False,False
WFDC12,ENSG00000168703,WAP four-disulfide core domain 12,Unclassified,2.304,1.02966734262806e-84,up,111,0,False,False,Unknown,0,False,False,False,False,False,False,0,,0,0,0.134593296439386,0.3240144543862734,0.0,0.0,0.0,0.0,0.0,0.0631085278854423,149,,False,False,False
PGLYRP4,ENSG00000163218,peptidoglycan recognition protein 4,Unclassified,1.643,3.4459768459786e-105,up,102,0,False,False,Unknown,0,False,False,False,False,False,False,0,,0,0,0.0655737704918033,0.4047481668532521,0.0,0.0,0.0,0.0,0.0,0.0603730587109148,150,,False,False,False
GLT1D1,ENSG00000151948,glycosyltransferase 1 domain containing 1,Unclassified,1.627,1.19141703265682e-102,up,114,0,False,False,Unknown,0,False,False,False,False,False,False,0,,0,0,0.0639031011799102,0.3947379602702173,0.0,0.0,0.0,0.0,0.0,0.0588711134448099,151,,False,False,False
SCEL,ENSG00000136155,sciellin,Unclassified,-1.765,1.38714650782959e-93,down,137,0,False,False,Unknown,0,False,False,False,False,False,False,0,,0,0,0.0783126239949879,0.3589908142547376,0.0,0.0,0.0,0.0,0.0,0.0571751700296663,152,,False,False,False
IL36RN,ENSG00000136695,interleukin 36 receptor antagonist,Unclassified,2.497,3.03333588377393e-12,up,858,0,False,False,Unknown,0,False,False,False,False,False,False,0,,0,0,0.1547457450140962,0.038270885857803,0.0,0.0,0.0,0.0,0.0,0.0324467404054736,153,Innate/antimicrobial,True,False,False
IL12RB2,ENSG00000081985,interleukin 12 receptor subunit beta 2,Unclassified,1.272,0.0025063189029527,up,2157,0,False,False,Unknown,0,False,False,False,False,False,False,0,,0,0,0.0268351258222825,0.0031110156116917,0.0,0.0,0.0,0.0,0.0,0.0052036445214138,154,,False,False,False
