"organism","project_home","project","n_samples","study_title","study_abstract"
"human","data_sources/sra","SRP076982",259,"Transcriptome analysis for anatomically separate psoriatic plaques highlight individualized expression patterns","To evaluate the transcriptomes of lesional skin from different body parts of the same individual.  Specifically, we conducted a transcriptomic study to investigate expression variability for diseased samples taken from different anatomic regions of same patient, and to compare the variability to between individuals variability. Overall design: 5 psoriasis patients, each with 4 psoriatic and 1 uninvolved skin biopsies. Totally 25 RNA-seq experiments conducted."
"human","data_sources/sra","SRP035988",179,"Transcriptome analysis of psoriasis in a large case-control sample:  RNA-seq provides insights into disease mechanisms","To increase our understanding of psoriasis, we utilized RNA-seq to assay the transcriptomes of lesional psoriatic and normal skin. We sequenced polyadenylated RNA-derived cDNAs from 92 psoriatic and 82 normal punch biopsies, generating an average of ~38 million single-end 80-bp reads per sample. Comparison of 42 samples* examined by both RNA-seq and microarray [GSE13355] revealed marked differences in sensitivity, with transcripts identified only by RNA-seq having much lower expression than those also identified by microarray. RNA-seq identified many more differentially expressed transcripts enriched in immune system processes.  Weighted gene co-expression network analysis (WGCNA) revealed multiple modules of coordinately expressed epidermal differentiation genes, overlapping significantly with genes regulated by the long non-coding RNA TINCR, its target gene, staufen-1 (STAU1), the p63 target gene ZNF750, and its target KLF4. Other coordinately expressed modules were enriched for lymphoid and/or myeloid signature transcripts and genes induced by IL-17 in keratinocytes. Dermally-expressed genes were significantly down-regulated in psoriatic biopsies, most likely due to expansion of the epidermal compartment. These results demonstrate the power of WGCNA to elucidate gene regulatory circuits in psoriasis, and emphasize the influence of tissue architecture in both differential expression and co-expression analysis. *The list of 42 samples examined by both RNA-seq and microarray is provided in the ''MAoverlappedsamples.txt''. Overall design: 92 psoriatic and 82 normal skin samples"
"human","data_sources/sra","ERP110816",178,"RNA-sequencing of the mRNA transcriptome in lesional and non-lesional skin, across three time-points in severe psoriasis patients treated with the tumor necrosis factor (TNF) inhibitor, etanercept","Blood (mRNA and miRNA) and skin mRNA transcriptomes were investigated across three time-points in a pilot investigation of ten severe psoriasis patients, treated with the tumor necrosis factor (TNF) inhibitor, etanercept. We used illumina RNA-sequencing to analyse the small-RNA transcriptome in blood"
"human","data_sources/sra","SRP165679",147,"Atopic Dermatitis, Psoriasis and healthy control RNA-seq cohort","To gain a deeper understanding of the pathophysiology of AD, we conducted a large-scale transcriptomic study of AD with deeply-sequenced RNA-seq samples using long (125b) paired-end reads. By integrating deep sequencing-based skin transcriptome profiling with systems biology analysis, we are able to provide deep characterization for the expression signatures for AD, and by including psoriasis samples in the analysis, we can reveal the distinct molecular features of uninvolved and lesional skin of AD that have not been previously described. Overall design: We performed high-depth sequencing of 147 skin transcriptomes obtained from a carefully matched and tightly defined cohort of 27 AD patients, 28 PSO patients, and 38 healthy controls, whom were recruited within an ongoing investigator-initiated clinical study to identify shared and distinct disease mechanisms of AD and Psoriasis."
"human","data_sources/sra","SRP026042",84,"Environmental factors transmitted by aryl hydrocarbon receptor influence severity of psoriatic skin inflammation [RNA-Seq]","Environmental stimuli are known to contribute to psoriasis pathogenesis and that of other autoimmune diseases, but the mechanism is unknown. Here we show that the aryl hydrocarbon receptor (AhR), a transcription factor that senses environmental stimuli, modulates pathology in psoriasis. AhR-activating ligands reduced inflammation in the lesional skin of psoriasis patients, whereas AhR antagonists upregulated inflammation. Similarly, AhR signaling via the endogenous FICZ ligand reduced the inflammatory response in the imiquimod-induced model of psoriasis and AhR deficient mice exhibited a substantial exacerbation of the disease, compared to AhR sufficient controls. Non-haematopoietic cells, in particular keratinocytes, were responsible for this hyper-inflammatory response, which involved increased reactivity to IL-1beta and upregulation of AP-1 family members of transcription factors. Thus, our data suggest a critical role for AhR in the regulation of inflammatory responses and open the possibility for novel therapeutic strategies in chronic inflammatory disorders. Overall design: Total RNA obtained from skin explants taken from psoriatic patients or healthy donors cultured in the presence of AhR agonist or antagonist"
"human","data_sources/sra","SRP049599",73,"JunB control of keratinocyte-mediated inflammation [RNA-seq]","To determne JunB target gene in human keratincoytes Mice with epidermal deletion of JunB transcription factor displayed a psoriasis-like inflammation. The relevance of these findings to humans and the mechanisms mediating JunB function are not fully understood. Here, we demonstrate that impaired JunB function via gene silencing or overexpression of a dominant negative mutant increased human keratinocyte cell proliferation but decreased cell barrier function. RNA-seq revealed over 500 genes affected by JunB loss-of-function which included an upregulation of an array of proinflammatory molecules relevant to psoriasis. Among these were TNFa, CCL2, CXCL10, IL6R and SQSTM1, an adaptor protein involved in NF-kB activation. ChIP-Seq and gene reporter analyses showed that JunB directly suppressed SQSTM1 through binding to a consensus AP-1 cis-element located around 2 Kb upstream of SQSTM1-trasncription start site. Similar to JunB loss-of-function, SQSTM1-overexpression induced TNFa, CCL2 and CXCL10. Conversely, NF-kB-inhibition genetically with a mutant IkBa or pharmacologically with PDTC prevented cytokine, but not IL6R, induction by JunB-deficiency.  Taken together, our findings indicate that JunB controls epidermal growth, barrier formation and proinflammatory responses through direct and indirect mechanisms, pinpointing SQSTM1 as a key mediator of JunB-suppression of NF-kB-dependent inflammation. Overall design: 3 indepdent set of priamry human keratinocytes isolated from foreskin skin samples were transfected with nonsilencing control or siRNA oligonucleotides targeting JunB. mRNA was then isolated and used for cDNA library construction followed by RNA-sequencing."
"mouse","data_sources/sra","SRP083914",56,"Imiquimod has strain-dependent effects in mice and does not uniquely model human psoriasis","Background: Imiquimod (IMQ) produces a cutaneous phenotype in mice frequently studied as an acute model of human psoriasis. Whether this phenotype depends on strain or sex has never been systematically investigated on a large scale. Such effects, however, could lead to conflicts among studies, while further impacting study outcomes and efforts to translate research findings.  Methods: RNA-seq was used to evaluate the psoriasiform phenotype elicited by IMQ in both sexes of 7 mouse strains (C57BL/6J, BALB/cJ, CD1, DBA/1J, FVB/NJ, 129X1/SvJ and MOLF/EiJ).   Results: In most strains, IMQ altered gene expression in a manner consistent with human psoriasis, partly due to innate immune activation and decreased homeostatic gene expression. The IMQ response of MOLF males was aberrant, however, with decreased expression of differentiation-associated genes (elevated in other strains). Key aspects of the IMQ response differed between the two most commonly studied strains (BALB/c and C57BL/6). Compared with BALB/c, the C57BL/6 phenotype showed increased expression of genes associated with DNA replication, IL-17A activation and CD8+ T cells, but decreased expression of genes associated with interferon signaling and CD4+ T cells. Surprisingly, although IMQ-induced expression shifts mirrored psoriasis, correspondence was similar or better for other human skin diseases (e.g., eschars, acne, atopic dermatitis). For BALB/c, MOLF, and 129X1 strains, genes altered by IMQ corresponded better to those altered in human skin infections or wounds compared with those altered in psoriasis lesions.  Conclusions: These findings demonstrate strain-dependent aspects of IMQ dermatitis that warrant consideration in planning and interpreting experimental studies. We have further shown that IMQ does not uniquely model psoriasis but in fact triggers a core set of pathways active in diverse skin diseases. These observations challenge the view of IMQ dermatitis as a mouse phenotype uniquely appropriate for studying psoriasis as opposed to other human skin conditions. Overall design: RNA-seq was used to investigate the psoriasiform phenotype that develops following topical IMQ treatment in male and female mice of 7 laboratory mouse strains (C57BL/6J, BALB/cJ, CD1, DBA/1J, FVB/NJ, 129X1/SvJ and MOLF/EiJ). Mouse back skin was treated with 62.5 mg AldaraTM (5% IMQ) or a non-toxic lanolin-derived occlusion cream (CTL) once per day for 5 consecutive days. Mice were sacrificed on day 6 and skin biopsies were collected. Overall, RNA-seq was used to profile transcriptomes of 56 CTL- and IMQ-treated skin samples (7 strains × 2 sexes × 2 treatments; n = 2 samples per strain/sex/treatment combination)."
"human","data_sources/sra","SRP065812",52,"Long non-coding RNAs  in psoriatic and healthy skin","In this study, we used RNA-sequencing to profile the long non-coding RNA (lncRNA) transcriptome in lesional skin from psoriasis patients before (PP) and after treatment (PT) with adalimumab and in normal skin from healthy individuals (NN). For this we sequenced total RNA from 18 psoriasis patients (before and after treatment) and 16 healthy controls. We created our own reference set of long non-coding RNAs by merging three long non-coding RNA reference data sets. The combined reference had 67,157 lncRNA transcripts with no overlaps. We identified differential expression of 971 lncRNAs between PP and NN, 157 between PP and PT, and 377 between PT and NN. Based on differentially expressed (DE) lncRNAs between PP and NN, we identified a molecular lncRNA signature that distinguishes psoriatic skin from healthy skin . Overall design: We recruited 18 psoriatic patients in our study. We took 5 mm punch biopsies from the edge of a psoriatic plaque before treatment and after one month of treatment with adalimumab. The mean improvement in the PASI over this time period was 53.1%. We obtained sixteen normal skin samples (N=16) from healthy control surgical discard specimens."
"human","data_sources/sra","SRP116922",36,"T cell activation in skin explants from patients with psoriasis and controls","We have worked on skin explants and activated T cells locally with a CD3 antibody, whole biopsies were activated, then epidermal and dermal RNA was sequenced. Sequencing was performed by BGI (Hong Kong) as well as the group analysis. Overall design: Examination of skin tissue responses to local T cell activation (acd3) compared to isotype at the RNA level. Samples include biopsies from healthy controls and patients with psoriasis treated with Ustekinumab or untreated lesional psoriasis. All biopsy samples were treated either with acd3 or with isotype as indicated."
"human","data_sources/sra","SRP130972",34,"RNA-seq analysis of IL-1B and IL-36 responses in epidermal keratinocytes identifies a shared MyD88-dependent gene signature","IL-36 cytokines have recently emerged as mediators of inflammation in autoimmune conditions including psoriasis vulgaris (PsV) and generalized pustular psoriasis (GPP). This study used RNA-seq to profile the transcriptome of primary epidermal keratinocytes (KCs) treated with IL-1B, IL-36A, IL-36B or IL-36G. We identified some early IL-1B-specific responses (8 hours post-treatment), but nearly all late IL-1B responses were replicated by IL-36 cytokines (24 hours post-treatment). Type I and II interferon genes exhibited time-dependent response patterns, with early induction (8 hours) followed by no response or repression (24 hours). Altogether, we identified 225 differentially expressed genes (DEGs) with shared responses to all 4 cytokines at both time points (8 + 24 hours). These involved up-regulation of ligands (IL1A, IL1B, IL36G) and activating proteases (CTSS), but also up-regulation of inhibitors such as IL1RN and IL36RN. Shared IL-1B/IL-36 DEGs overlapped significantly with genes altered in PsV and GPP skin lesions, as well as genes near GWAS loci linked to autoimmune and autoinflammatory diseases (e.g., PsV, psoriatic arthritis, IBD, primary biliary cholangitis). Inactivation of MyD88 adapter protein using CRISPR/Cas9 completely abolished expression responses of such DEGs to IL-1B and IL-36G stimulation. These results provide a global view of IL-1B and IL-36 expression responses in epidermal KCs with fine-scale characterization of time-dependent and cytokine-specific response patterns. Our findings support an important role for IL-1B and IL-36 in autoimmune or autoinflammatory conditions and show that MyD88 adaptor protein mediates shared IL-1B/IL-36 responses. Overall design: Cultures were treated with truncated recombinant human IL-1B, IL-36A, IL-36B or IL-36G (10 ng/ml for IL-1B; 2000 ng/ml for IL-36 cytokines). Three cell lines were used (lines A, B and C) with samples processed in 4 batches. Samples within the same batch are comparable. Experiments were performed with 8 and 24 hours of cytokine treatment (n = 2-3 per time point)."
"human","data_sources/sra","SRP086612",32,"Dual role of Act1 in keratinocyte differentiation and host defense: TRAF3IP2 silencing alters keratinocyte differentiation while inhibiting IL-17 responses","TRAF3IP2 is a candidate psoriasis susceptibility gene encoding Act1, a ubiquitin ligase that couples the IL-17 receptor to downstream signaling pathways. We investigated the role of Act1 in keratinocyte responses to IL-17 using a tetracycline inducible shRNA targeting TRAF3IP2. Tet exposure for seven days effectively silenced TRAF3IP2 mRNA and Act1 protein, resulting in 761 genes with significant changes in expression (495 down, 266 up, >1.5-fold, p<0.05). Gene Ontology analysis revealed that genes affected by TRAF3IP2 silencing are involved in epidermal differentiation, with early differentiation genes (KRT1, KRT10, DSC1, DSG1) being downregulated and late differentiation genes (SPRR2, SPRR3, LCE3) being upregulated.  AP1 binding sites were enriched upstream of genes up-regulated by TRAF3IP2 silencing. Correspondingly, nuclear expression of FosB and Fra1 was increased in TRAF3IP2-silenced cells.  Many genes involved in host defense were induced by IL-17 in a TRAF3IP2-dependent fashion. Inflammatory differentiation conditions (serum addition for 4 days postconfluence) markedly amplified these IL-17 responses, while increasing basal levels and TRAF3IP2 silencing-dependent upregulation of late differentiation genes. These findings suggest that TRAF3IP2 may alter both epidermal homeostasis and keratinocyte defense responses to influence psoriasis risk. Overall design: Immortalized N/TERT-2G keratinocytes were either untreated or treated with tetracycline (TET) for TRAF3IP2 knockdown. Additionally, cells were either untreated or treated with IL17, TNF, or IL17+TNF. The experiment was replicated 4 times (batch IDs 2, 3, 4 and 5). A total of 32 samples were generated for RNA-seq analysis (8 treatments x 4 replicated experiments = 32 RNA-seq samples)."
"human","data_sources/sra","ERP110814",30,"RNA-sequencing of the mRNA transcriptome in blood, across three time-points in severe psoriasis patients treated with the tumor necrosis factor (TNF) inhibitor, etanercept","Blood (mRNA and miRNA) and skin mRNA transcriptomes were investigated across three time-points in a pilot investigation of ten severe psoriasis patients, treated with the tumor necrosis factor (TNF) inhibitor, etanercept. We used illumina RNA-sequencing to analyse the mRNA transcriptome in blood"
"human","data_sources/sra","SRP057087",28,"Proteogenomic analysis of psoriasis reveals discordant and concordant changes in mRNA and protein abundance","Background: Psoriasis is a chronic disease characterized by the development of scaly red skin lesions and possible co-morbid conditions. The psoriasis lesional skin transcriptome has been extensively investigated, but mRNA levels do not necessarily reflect protein abundance.  Methods: Lesional (PP) and uninvolved (PN) skin samples from 14 patients were analyzed using high-throughput complementary DNA sequencing (RNA-seq) and liquid chromatography-tandem mass spectrometry (LC-MS/MS).  Results: We identified 4122 differentially expressed genes (DEGs) along with 748 differentially expressed proteins (DEPs). Global shifts in mRNA were modestly correlated with changes in protein abundance (r = 0.40). We identified similar numbers of increased and decreased DEGs, but 4-fold more increased than decreased DEPs. Ribosomal subunit and translation proteins were elevated within lesions, without a corresponding shift in mRNA expression (RPL3, RPS8, RPL11). We identified 209 differentially expressed genes/proteins (DEGPs) with corresponding trends at the transcriptome and proteomic levels. Most DEGPs were similarly altered in at least one other skin disease. Psoriasis-specific and non-specific DEGPs had distinct cytokine-response patterns, with only the former showing disproportionate induction by IL-17A in cultured keratinocytes.  Conclusions: Our findings reveal global imbalance between the number of increased and decreased proteins in psoriasis lesions, consistent with heightened translation. This effect could not have been discerned from mRNA profiling data alone. We have also identified high-confidence DEGPs and shown that only those most specific to psoriasis are enriched with IL-17A targets. Overall design: RNA-seq-based comparison between gene expression in psoriasis lesions and uninvolved skin from 14 patients"
"human","data_sources/sra","SRP154474",28,"RNA-seq and flow-cytometry of conventional, scalp, and palmoplantar psoriasis reveal shared and distinct molecular pathways","It has long been recognized that anatomic location is an important feature for defining distinct subtypes of plaque psoriasis. However, little is known about the molecular differences between scalp, palmoplantar, and conventional plaque psoriasis. To investigate the molecular heterogeneity of these psoriasis subtypes, we performed RNA-seq and flow cytometry on skin samples from individuals with scalp, palmoplantar, and conventional plaque psoriasis, along with samples from healthy control patients. We performed differential expression analysis and network analysis using weighted gene coexpression network analysis (WGCNA). Our analysis revealed a core set of 763 differentially expressed genes common to all sub-types of psoriasis. In contrast, we identified 605, 632, and 262 genes uniquely differentially expressed in conventional, scalp, and palmoplantar psoriasis, respectively. WGCNA and pathway analysis revealed biological processes for the core genes as well as subtype-specific genes. Flow cytometry analysis revealed a shared increase in the percentage of CD4+ T regulatory cells in all psoriasis subtypes relative to controls, whereas distinct psoriasis subtypes displayed differences in IL-17A, IFN-gamma, and IL-22 production. This work reveals the molecular heterogeneity of plaque psoriasis and identifies subtype-specific signaling pathways that will aid in the development of therapy that is appropriate for each subtype of plaque psoriasis. Overall design: Transcriptomic profiles were obtained from palmoplantar (n = 3), scalp (n = 8), and conventional psoriatic skin (n = 8) as well as healthy control skin (n = 9) biopsies on the Illumina HiSeq 2000/4000 platforms. Multi-parameter FACS was also performed on each biopsy sample to obtain T cell populations (CD4+ T effectors, CD8+ T cells, and CD4+Foxp3+ Tregs)."
"human","data_sources/sra","SRP126422",24,"RNA-seq identifies a diminished differentiation gene signature in primary monolayer keratinocytes grown from lesional and uninvolved psoriatic skin","Keratinocyte (KC) hyper-proliferation and epidermal thickening are characteristic features of psoriasis lesions, but the specific contributions of KCs to plaque formation are not fully understood. This study used RNA-seq to investigate the transcriptome of primary monolayer KC cultures grown from lesional (PP) and non-lesional (PN) biopsies of psoriasis patients and control subjects (NN). Whole skin biopsies from the same subjects were evaluated concurrently. RNA-seq analysis of whole skin identified a larger number of psoriasis-increased differentially expressed genes (DEGs), but analysis of KC cultures identified more PP- and PN-decreased DEGs. These latter DEG sets overlapped more strongly with genes near loci identified by psoriasis genome-wide association studies and were enriched for genes associated with epidermal differentiation. Consistent with this, the frequency of AP-1 motifs was elevated in regions upstream of PN-KC-decreased DEGs. A subset of these genes belonged to the same co-expression module, mapped to the epidermal differentiation complex, and exhibited differentiation-dependent expression. These findings demonstrate a decreased differentiation gene signature in PP/PN-KCs that had not been identified by pre-genomic studies of patient-derived monolayers. This may reflect intrinsic defects limiting psoriatic KC differentiation capacity, which may contribute to compromised barrier function in normal-appearing uninvolved psoriatic skin. Overall design: Samples were obtained from lesional skin of psoriasis patients (PP), uninvolved skin of psoriasis patients (PN), and normal skin from control individuals (NN). RNA was extracted from full-thickness skin biopsies of keratinocytes (KCs) grown as monolayer cutures. Samples were obtained from 4 psoriasis patients (individuals 1 - 4) and 4 control subjects (individuals 5 - 8)."
"mouse","data_sources/sra","SRP102352",22,"TWEAK mediates inflammation in experimental atopic dermatitis and psoriasis","Atopic dermatitis and psoriasis are driven by alternate type 2 and type 17 immune responses, but some proteins might be critical to both diseases. We show that a deficiency of the TNF superfamily molecule TWEAK (TNFSF12) in mice results in defective maintenance of atopic dermatitis-specific Th2 and psoriasis-specific Th17 cells in the skin, and impaired expression of disease-characteristic chemokines and cytokines, such as CCL17 and TSLP in atopic dermatitis, and CCL20 and IL-19 in psoriasis. The TWEAK receptor, Fn14, is upregulated in keratinocytes and dermal fibroblasts, and TWEAK induces these cytokines and chemokines alone and in synergy with the signature T helper cytokines of either disease, IL-13 and IL-17. Furthermore, subcutaneous injection of recombinant TWEAK into naïve mice induces cutaneous inflammation with histological and molecular signs of both diseases. TWEAK is therefore a critical contributor to skin inflammation and a possible therapeutic target in atopic dermatitis and psoriasis. Overall design: Eight- to 12-week old male mice were used. TWEAK-deficient animals were bred in house on the C57BL/6 background, and Fn14-deficient animals on a BALB/c.  Atopic Dermatitis-like disease was induced by epicutaneous treatment with HDM extract (10 µg/mouse and treatment) and SEB (500 ng/mouse and treatment) given in 2 cycles on days 1 and 4, and 14 and 17, on the shaved and tape-stripped back skin over a 23 day period."
"human","data_sources/sra","SRP173379",19,"Neutrophils RNAseq from Generalised Pustular Psoriasis patients and healthy individuals","NeutrophilsRNAseq Overall design: 8 affected  and 11 healthy individuals"
"human","data_sources/sra","SRP144926",18,"I?B? is a key transcriptional regulator of IL-36-driven psoriasis-related gene expression in keratinocytes","Human primary keratinocytes were lentivirally transfected with control or NFKBIZ shRNA followed by stimulation with 1.5 and 24 h with IL-36?. Total RNA was extracted using TRIZOL. After mRNA purification with the NEBNext mRNA Isolation Kit, NEBNext Ultra RNA Library Preparation Kit was used for library construction."
"mouse","data_sources/sra","SRP161181",18,"Hair follicle stem cells (HF-SCs) can initiate psoriasis-like disease in mice","Using lineage-tracing in a well-established psoriasis-like mouse model with inducible epidermal deletion of c-Jun and JunB, we found that mutant HF-SCs survive and express a broad group of pro-inflammatory cytokines, whereas mutant inter-follicular epidermal cells (IFE) disappear over time. Mutant HF-SCs initiate epidermal hyperplasia and skin inflammation by priming neighboring non-mutant epidermal cells to acquire a psoriasis-like phenotype. To explore the molecular mechanisms that govern the behavior of these distinct mutant and non-mutant HF-SCs and IFE cell populations during psoriasis-like disease, RNA sequencing analyses of sorted GFP+, Tomato+ HF-SCs and b-KCs from DKO*-mT/mG mice. Overall design: Whole-genome transcriptomic analysis was performed by Next-Gen RNA-sequencing in four groups of psoriatic-like epidermal subpopulations: MutantGFP, non-mutantTom basal keratinocytes, mutantGFP and non-mutantTom hair follicle stem cells were purified from the ears of three independent psoriatic-like DKO* mice after 7 days of tamoxifen induction. RNA-seq was also performed in control basal keratinocytes and hair follicle stem cells from the ears of three Control-mT/mG mice."
"human","data_sources/sra","SRP173378",16,"Whole blood RNAseq from Generalised Pustular Psoriasis patients and healthy individuals","Whole blood RNAseq Overall design: 9 affected individuals and 7 controls"
"human","data_sources/sra","SRP078169",15,"RNA-seq analysis of activated plasmacytoid dendritic cell subsets after viral infection","Hematopoiesis generates cell diversity through evolutionarily-determined differentiation programs defined at steady-state conditions. Here, we show that peripheral innate immune activation can generate cell diversity and functional specialization during the activation process. We found that activation of steady state human plasmacytoid pre-dendritic cells (pDCs) with a single microbial stimulus induced their differentiation into three phenotypically, morphologically, and functionally distinct subsets, in the absence of cell division: P1 (PD-L1+CD80-), P2 (PD-L1+CD80+) and P3 (PD-L1-CD80+). Different stimuli induced variable proportions of the subsets, suggesting that steady state pDC are multipotent. P1-pDCs display a plasmacytoid morphology and strong specialization on IFN production, whereas P3-pDCs adopt a dendritic morphology and adaptive immune functions. P2-pDCs have an intermediate functional profile. We found that a P1-pDC phenotype is present in human autoimmune diseases associated to type I IFN production as lupus and psoriasis, supporting their pathophysiological relevance. We propose that peripheral innate activation represents a differentiation mechanism to generate subsets diversity and functional complementarity in human pDCs. Overall design: 15 samples: medium (control condition), ex-vivo, P1, P2 and P3, each from 3 healthy donors. Ex-vivo plasmacytoid dendritic cells from the blood of healthy human donors were treated for 24h with influenza virus. Treated cells were sorted as P1, P2, and P3 subsets depending on surface markers: P1 (PD-L1+CD80-), P2 (PD-L1+CD80+) and P3 (PD-L1-CD80+). Non-treated control cells correspond to  pDCs  kept in medium."
"human","data_sources/sra","SRP132160",15,"RNA-seq analysis of PBMCs from generalized pustular psoriasis patients","To better understand the disease mechanism of generalized pustular psoriasis (GPP), we performed a transcriptome analysis to profile the gene expression of peripheral blood mononuclear cells (PBMCs) from patients enrolled at the time of diagnosis and receiving follow-up treatment for up to 6 months."
"human","data_sources/sra","SRP213063",12,"Homo sapiens Transcriptome or Gene expression","Angelica polysaccharide (APS) is one of the major active components isolated from Angelica sinensis. Evidences suggested APS may have therapeutic potential for psoriasis. HaCaT cell line was commonly used as an in vitro model to study psoriasis. In the present study, RNA-sequencing (RNA-seq) was performed to investigate the underlying mechanism of APS. Different concentrations of APS (0mg/mL, 50 mg/L, 100 mg/L and 200mg/L) were incubated with HaCaT cells for 36 h and transcriptome sequenced. Comparison of the gene expression profiles between the CK group (i.e., Control group) and ASP groups revealed dramatic differences. All the differentially expressed genes (DEGs) were then classified into 20 expression profiles by trend analysis. Significant enriched trend clusters were then analyzed. Interestingly, cell proliferation related gene ontology (GO) terms were mostly dispersed in the profile 2 and 17. Based on our functional annotation results and reported literature, authors suspected that SERPINE1, SMAD6 and CTGF, together with TGF-ß, may closely relevant to the anti-proliferation effect of APS."
"mouse","data_sources/sra","SRP065542",11,"RNA-seq analysis of IMQ-treated wt and Trex2-/- skin","TREX2 is a keratinocyte specific 3’-deoxyribonuclease that participates in the maintenance of skin homeostasis upon damage. This transcriptome analysis identified multiple genes and pathways deregulated by TREX2 loss in the IMQ-induced psoriasis-like model in mouse skin. Overall design: mRNA sequencing of 5 biological replicates of skin from wild-type mice treated with Imiquimod and 6 of Trex2 knockout mice treated with Imiquimod"
"human","data_sources/sra","ERP017153",10,"IL-12 protects from psoriasiform skin inflammation","Neutralization of the common p40-subunit of IL-12/23 in psoriasis patients has led to a breakthrough in the management of moderate to severe disease. Aside from neutralizing IL-23, which is thought to be responsible for the curative effect, anti-p40 therapy also interferes with IL-12 signalling and type 1 immunity. Here we dissect the individual contribution of these two cytokines to the formation of psoriatic lesions and understand the effect of therapeutic co-targeting of IL-12 and IL-23 in psoriasis. Using a preclinical model for psoriatic plaque formation we show that IL-12, in contrast to IL-23, has a regulatory function by restraining the invasion of an IL-17 committed ?dT (?dT17) cell subset. We discover that IL-12 receptor signalling in keratinocytes initiates a protective transcriptional program that limits skin inflammation, suggesting that collateral targeting of IL-12 by anti-p40 monoclonal antibodies is counterproductive in the therapy of psoriasis."
"mouse","data_sources/sra","SRP082579",10,"Induction of alternative proinflammatory cytokines accounts for sustained psoriasiform skin inflammation in IL-17C+IL-6KO mice [RNA-Seq]","IL-6 inhibition has been unsuccessful in treating psoriasis, despite high levels of tissue and serum IL-6 in patients. Additionally, de novo psoriasis onset has been reported following IL-6 blockade in rheumatoid arthritis patients. To explore mechanisms underlying these clinical observations, we backcrossed an established psoriasiform mouse model (IL-17C+ mice) with IL-6 deficient mice (IL-17C+KO) and examined the cutaneous phenotype.  IL-17C+KO mice initially exhibited decreased skin inflammation, however this decrease was transient and reversed rapidly, concomitant with increases in skin Tnf, Il36a/ß/?, Il24, epigen and S100a8/a9 to levels higher than those found in IL-17C+ mice. Comparison of IL-17C+ and IL-17C+KO mouse skin transcriptomes with that of human psoriasis skin, revealed significant correlation among transcripts of psoriasis patient skin and IL-17C+KO mouse skin, and confirmed an exacerbation of the inflammatory signature in IL-17C+KO mice that aligns closely with human psoriasis. Transcriptional analyses of IL-17C+ and IL-17C+KO primary keratinocytes confirmed increased expression of proinflammatory molecules, suggesting that in the absence of IL-6, keratinocytes increase production of numerous additional proinflammatory cytokines. These preclinical findings may provide insight into why arthritis patients being treated with IL-6 inhibitors develop new onset psoriasis and why IL-6 blockade for the treatment of psoriasis has not been clinically effective. Overall design: Skin biopsies were obtained from IL-17C+ mice (n = 3) and IL-17C+KO mice (n = 2). Paired lesional and uninvolved skin biopsies were obtained from each mouse (n = 10 biopsies total from 5 mice). Comparisons were made between lesional and uninvolved skin from IL-17C+ and IL-17C+KO mice."
"mouse","data_sources/sra","ERP017153",10,"IL-12 protects from psoriasiform skin inflammation","Neutralization of the common p40-subunit of IL-12/23 in psoriasis patients has led to a breakthrough in the management of moderate to severe disease. Aside from neutralizing IL-23, which is thought to be responsible for the curative effect, anti-p40 therapy also interferes with IL-12 signalling and type 1 immunity. Here we dissect the individual contribution of these two cytokines to the formation of psoriatic lesions and understand the effect of therapeutic co-targeting of IL-12 and IL-23 in psoriasis. Using a preclinical model for psoriatic plaque formation we show that IL-12, in contrast to IL-23, has a regulatory function by restraining the invasion of an IL-17 committed ?dT (?dT17) cell subset. We discover that IL-12 receptor signalling in keratinocytes initiates a protective transcriptional program that limits skin inflammation, suggesting that collateral targeting of IL-12 by anti-p40 monoclonal antibodies is counterproductive in the therapy of psoriasis."
"mouse","data_sources/sra","SRP114712",8,"Electrophilic stress induced by dimethyl itaconate regulates IkB-zeta-mediated inflammatory responses","Interplay between metabolic state of the cell and its ability to undergo immunological activation has been recently recognized as a treasure chest of novel fundamental regulatory principles. Itaconate, and its membrane permeable derivative dimethyl itaconate (DI) were recently shown to selectively inhibit subset of cytokines during macrophage activation (e.g. Il1b, il6, Il12b but not TNF), yet the precise mechanism of this effect remained unclear. We find that selectivity of DI action stems from the inhibitory effects of electrophilic stress exerted by DI on IkB-zeta protein translation, leading to selective control of the secondary wave of Nfkb-signaling. Mechanistically, DI leads to glutathione depletion and subsequent activation of both Nrf2-dependent and Nrf2-independent stress responses. We find that IkB-zeta regulation is carried out in Nrf2-independent manner, and identify Atf3 as a key mediator of DI effects on IkB-zeta/IL6. This inhibitory effect is conserved across species and cell types, as evident from inhibition of IkB-zeta production in activating human monocytes and IL-17A stimulated keratinocytes of both human and mice. Finally, DI administration in vivo ameliorated IL17/IkB-zeta-driven skin pathology in the mouse model of psoriasis, highlighting therapeutic potential of this regulatory pathway. Overall design: Bone marrow-derived macrophages (BMDMs) from WT and Nrf2–/– mice were derived in 7 days in MCSF supplemented complete RPMI. Some samples cells were stimulated with 250 uM DimethylItaconate(DI) for 12 hours prior to collection for RNA-seq."
"human","data_sources/sra","SRP016583",6,"Transcriptional Profiling of Psoriasis Using RNA-seq Reveals Previously Unidentified Differentially Expressed genes","The transcriptomic profiling of psoriasis has led to an increased understanding of disease pathogenesis. Although microarray technologies have been instrumental in this regard, it is clear that these tools detect an incomplete set of DEGs. RNA-seq can be used to supplement these prior technologies. Here, the use of RNAseq methods substantially increased the number of psoriasis-related DEGs. Furthermore, DEGs that were uniquely identified by RNA-seq, but not in other published microarray studies, further supported the role of IL-17 and tumor necrosis factor-a synergy in psoriasis. Examination of one of these factors at the protein level confirmed that RNA-seq is a powerful tool that can be used to identify molecular factors present in psoriasis lesions, and may be useful in the identification of therapeutic targets that to our knowledge have not been reported previously.  Further studies are in progress to determine the biological significance of DEGs uniquely discovered by RNA-seq. Overall design: To define the transcriptomic profile of psoriatic skin, three pairs of lesional and nonlesional skin biopsy specimens were taken from patients with untreated  moderate-to-severe plaque psoriasis."
"human","data_sources/sra","SRP093255",6,"The mRNA expression analysis of psoriasis skin lesion mesenchymal stem cell","RNA sequencing for 6 samples from psoriasis skin lesion mesenchymal stem cell, to examine the differentilly expressed mRNAs between two differernt conditions. Overall design: Examining 2 conditions, each with 3 replicates"
"mouse","data_sources/sra","ERP107306",6,"Transcriptomic data from ear pinnae tissue of 8 week-old wild-type and Card14delE138 mice","Card14 is encoded by a gene expressed predominantly in keratinocytes but also placenta and some immune cells. Mutations in this gene have been found to cause psoriasis and other skin diseases in human patients. Heterozygous mice harbouring a deletion of amino acid E138 in the Card14 gene (generated using CRISPR/Cas9 technology) results in transgenic mice that spontaneously develop a chronic psoriatic skin phenotype particularly on the ear and tail. RNAseq was performed to compare the transcriptome of 8 week-old heterozygous Card14delE138 mice against wild-type littermates."
"mouse","data_sources/sra","SRP082496",6,"Keratinocytes contribute intrinsically to psoriasis upon loss of Tnip1 function","To increase our understanding of psoriasis, we utilized RNA-seq to assay the transcriptomes of skin samples from 3 Tnip1+/+ and 3 Tnip1-/- mice that were treated for two days with imiquimod (IMQ) and performed cross-species analyses with human transcriptome data derived from psoriasis patients and healthy subjects (GSE54456). Intriguingly, the vast majority of genes deregulated in Tnip1-/- mice correlated with their human counterparts, substantiating the interpretation that gene deregulation in Tnip1-/- mice reflects a psoriasis-specific pattern rather than being the consequence of an overall exaggerated inflammatory skin response. Together, the data demonstrate that loss of Tnip1 function leads to genetic susceptibility against IMQ, akin to human disease. As expected, gene ontology (GO) analysis highlighted gene sets known to be affected in psoriasis, such as epidermal development, immune/ defense response, proteolysis and response to wounding. Overall design: Skin samples from 3 Tnip1+/+ and 3 Tnip1-/- mice that were treated for two days with imiquimod (IMQ)"
"mouse","data_sources/sra","SRP125472",6,"Knockout of the Arp2/3 complex in epidermis causes a psoriasis-like disease hallmarked by hyperactivation of transcription factor Nrf2 [Epidermis ssRNA-Seq]","Arp2/3 complex assembles branched actin filaments key to many cellular processes, but its organismal roles remain poorly understood. Here we employed conditional arpc4 knockout mice to study the function of the Arp2/3 complex in the epidermis.We found that depletion of the Arp2/3 complex by knockout of arpc4 results in skin abnormalities at birth that evolve into a severe psoriasis-like disease hallmarked by hyperactivation of transcription factor Nrf2. Knockout of arpc4 in cultured keratinocytes was sufficient to induce nuclear accumulation of Nrf2, upregulation of Nrf2-target genes and decreased filamentous actin levels. Furthermore, pharmacological inhibition of the Arp2/3 complex unmasked the role of branched actin filaments in Nrf2 regulation. Consistently, we unveiled that Nrf2 associates with the actin cytoskeleton in cells and binds to filamentous actin in vitro Finally, we discovered that Arpc4 is downregulated in both human and mouse psoriatic epidermis. Thus, the Arp2/3 complex affects keratinocytes'' shape and transcriptome through an actin-based cell-autonomous mechanism that influences epidermal morphogenesis and homeostasis. Overall design: Gene expression profile of  wt and ARPC4 ko epidermis"
"mouse","data_sources/sra","SRP115206",4,"Transcriptome profiling of mouse skin samples","To study the gene expression pattern of a mouse model of psoriasis"
"mouse","data_sources/sra","SRP125471",3,"Knockout of the Arp2/3 complex in epidermis causes a psoriasis-like disease hallmarked by hyperactivation of transcription factor Nrf2 [Keratinocytes ssRNA-Seq]","Arp2/3 complex assembles branched actin filaments key to many cellular processes, but its organismal roles remain poorly understood. Here we employed conditional arpc4 knockout mice to study the function of the Arp2/3 complex in the epidermis.We found that depletion of the Arp2/3 complex by knockout of arpc4 results in skin abnormalities at birth that evolve into a severe psoriasis-like disease hallmarked by hyperactivation of transcription factor Nrf2. Knockout of arpc4 in cultured keratinocytes was sufficient to induce nuclear accumulation of Nrf2, upregulation of Nrf2-target genes and decreased filamentous actin levels. Furthermore, pharmacological inhibition of the Arp2/3 complex unmasked the role of branched actin filaments in Nrf2 regulation. Consistently, we unveiled that Nrf2 associates with the actin cytoskeleton in cells and binds to filamentous actin in vitro Finally, we discovered that Arpc4 is downregulated in both human and mouse psoriatic epidermis. Thus, the Arp2/3 complex affects keratinocytes'' shape and transcriptome through an actin-based cell-autonomous mechanism that influences epidermal morphogenesis and homeostasis. Overall design: Gene expression profile of  wt, ARPC4 ko and EGFP-Nrf2 expressing keratinocytes."
