"gene","k","dl_logFC","mf_logFC","dl_SE","mf_SE","dl_I2","mf_I2","dl_P","mf_P"
"STAT3",3,1.24602212200644,1.24602212200644,0.224940066553688,0.224940066553688,91.0890420541685,91.0890420541685,3.0359354579927e-08,3.03593545799271e-08
"STAT1",3,1.86244127933586,1.86244127933586,0.153632974822403,0.153632974822403,72.5227158083796,72.5227158083795,8.01098518127841e-34,8.0109851812772e-34
"SOCS3",3,2.16261928287611,2.16261928287611,0.210140038884924,0.210140038884924,60.7956128536751,60.795612853675,7.7108495458492e-25,7.71084954584906e-25
"JAK3",3,1.5448447249749,1.5448447249749,0.367557283115179,0.367557283115179,91.7537789374336,91.7537789374336,2.63395951955559e-05,2.63395951955557e-05
"IL17A",2,5.60423390165319,5.60423390165319,0.233010865314146,0.233010865314146,0,0,8.07392573714806e-128,8.07392573714875e-128
"IL36A",2,10.0608644809872,10.0608644809872,0.487918304344249,0.487918304344249,0,0,1.81642756890757e-94,1.81642756890757e-94
"S100A9",3,7.93956640609816,7.93956640609817,0.810436892620471,0.810436892620471,89.6859521463506,89.6859521463505,1.16381770461949e-22,1.16381770461943e-22
"IL1B",3,1.63293432618842,1.63293432618842,0.844451952002523,0.844451952002523,90.1151507950481,90.1151507950482,0.0531474618327953,0.0531474618327953
"TPP1",3,-0.0804996481472418,-0.0804996481472417,0.309126741106091,0.309126741106091,97.4242651526054,97.4242651526054,0.79454764612864,0.79454764612864
"EFEMP1",3,-0.907122810617414,-0.907122810617414,0.169066680673329,0.169066680673329,82.0282398070191,82.0282398070191,8.07370923247244e-08,8.07370923247229e-08
"RP11-383G6.4",3,-0.0740437386152685,-0.0740437386152685,0.109815800519429,0.10981580051943,43.7389142718795,43.7389142718795,0.500149867701409,0.500149867701409
"PDCD6IP",3,0.0170591704302479,0.0170591704302479,0.0897838839147121,0.0897838839147122,87.8544815016579,87.8544815016579,0.84930710144559,0.84930710144559
"MAN1A2",3,0.0942403610967614,0.0942403610967614,0.0359660481576034,0.0359660481576034,0,0,0.00878630104278393,0.00878630104278392
"CYP2D6",3,-0.223726385917767,-0.223726385917767,0.1075852957654,0.1075852957654,0,0,0.0375690594900021,0.0375690594900021
"RP11-505D17.1",3,-0.321519408952629,-0.321519408952629,0.137707083360518,0.137707083360518,79.942290871055,79.942290871055,0.0195535255601963,0.0195535255601963
"PTGDR2",3,-0.0880832338227774,-0.0880832338227774,0.217819841544609,0.217819841544609,89.6395530267555,89.6395530267555,0.685929098181066,0.685929098181066
"RNF19A",3,-0.26208029345456,-0.262080293454559,0.0408741747810255,0.0408741747810255,0,0,1.4373619916804e-10,1.43736199168041e-10
"TTF2",3,0.182451791142339,0.182451791142339,0.169156565034662,0.169156565034662,91.2937446864417,91.2937446864417,0.280767346587091,0.280767346587091
"RP4-559A3.7",3,-0.130374236476336,-0.130374236476336,0.0542421825126936,0.0542421825126936,0,0,0.0162363872769555,0.0162363872769555
"VPS13C",3,-0.431793587913122,-0.431793587913122,0.184873829357092,0.184873829357092,91.914328023141,91.914328023141,0.0195114574791206,0.0195114574791206
"RP11-73M7.6",3,-0.523741301920773,-0.523741301920773,0.122216372819734,0.122216372819734,52.2003776594252,52.2003776594252,1.82442526970573e-05,1.82442526970574e-05
"NPM1P39",3,0.6154380607046,0.6154380607046,0.122841820034937,0.122841820034937,77.4456110095168,77.4456110095168,5.44287868240431e-07,5.44287868240438e-07
"LPCAT3",3,0.216931379604372,0.216931379604372,0.0502781357013071,0.0502781357013071,35.633530078602,35.633530078602,1.59872925420872e-05,1.59872925420872e-05
"TRIM59",3,0.413897561988214,0.413897561988214,0.174700818645029,0.174700818645029,87.6875943969657,87.6875943969657,0.0178276088425876,0.0178276088425876
"ALDH7A1P1",3,0.70653530343962,0.706535303439619,0.16336564006352,0.16336564006352,87.2335782805541,87.2335782805541,1.52621213239447e-05,1.52621213239447e-05
"HCG4P5",3,0.579375963199395,0.579375963199395,0.0908311888875784,0.0908311888875784,11.7749599387292,11.7749599387292,1.78712313597696e-10,1.78712313597697e-10
"RNASEH2B",3,-0.17039953155621,-0.17039953155621,0.128905415448415,0.128905415448415,89.3018200486063,89.3018200486063,0.186202840141261,0.186202840141261
"PNN",3,-0.0330117043057731,-0.0330117043057731,0.0447868759274572,0.0447868759274572,0,0,0.461071069596019,0.461071069596019
"IGFBP5",3,-1.78639063388999,-1.78639063388999,0.547442586161845,0.547442586161845,93.2443658925681,93.2443658925681,0.00110178800419056,0.00110178800419055
"RPL8",3,-0.260516119282251,-0.260516119282251,0.0454081239318654,0.0454081239318654,0,0,9.6246678245492e-09,9.6246678245492e-09
"NDUFB5",3,0.115841211970446,0.115841211970446,0.0473635284639338,0.0473635284639338,25.9515952885456,25.9515952885455,0.0144535432312518,0.0144535432312518
"ZBTB17",3,0.121370760765789,0.121370760765789,0.120281910855359,0.120281910855359,82.7860065810165,82.7860065810165,0.312949464906273,0.312949464906273
"CSTF1",3,0.118411407315758,0.118411407315758,0.0209751999512056,0.0209751999512056,0,0,1.64888386245895e-08,1.64888386245894e-08
"C10orf10",3,-0.449580153692204,-0.449580153692204,0.1907490287226,0.1907490287226,68.950928300021,68.950928300021,0.0184272284685679,0.0184272284685678
"ZNF492",3,-0.593718378690627,-0.593718378690627,0.186177700058173,0.186177700058173,57.343218929993,57.343218929993,0.0014277199696174,0.0014277199696174
"ATP5L",3,0.41106843713472,0.41106843713472,0.174926001402538,0.174926001402538,93.288800109423,93.288800109423,0.0187756215689074,0.0187756215689074
"SEPT7P3",3,-0.117649384308227,-0.117649384308227,0.0651580536398179,0.0651580536398179,0,0,0.0709808363096303,0.0709808363096303
"RP11-152N13.16",3,0.345254258303423,0.345254258303423,0.086852028514259,0.086852028514259,17.4721220066345,17.4721220066345,7.0319882370125e-05,7.03198823701254e-05
"SOWAHC",3,0.366938139033898,0.366938139033898,0.121457136971642,0.121457136971642,81.255243640574,81.255243640574,0.00251830892289393,0.00251830892289392
"DUT",3,0.0360335562584156,0.0360335562584156,0.0349298182276395,0.0349298182276395,0,0,0.302260133776556,0.302260133776556
"HCFC2",3,-0.216724639513085,-0.216724639513085,0.105324775786698,0.105324775786698,79.1412995629298,79.1412995629298,0.0396209026380589,0.039620902638059
"ARFRP1",3,0.369692329762191,0.369692329762191,0.136563189446132,0.136563189446132,86.266686215676,86.266686215676,0.00678706356722878,0.00678706356722878
"PEBP4",3,-1.39651079411971,-1.39651079411971,0.485310201531242,0.485310201531242,84.9577875466977,84.9577875466977,0.00400759578683789,0.00400759578683789
"ZNF93",3,-0.682365242116334,-0.682365242116334,0.240310541020911,0.240310541020911,89.2000380129856,89.2000380129855,0.00451822555303056,0.00451822555303056
"NOTCH2NL",3,-0.455937860941731,-0.455937860941731,0.0951100627808967,0.0951100627808967,64.4763430410198,64.4763430410198,1.6365793525949e-06,1.63657935259489e-06
"TIGD5",3,-0.0551261802081699,-0.05512618020817,0.0568742549465623,0.0568742549465623,18.2273084407552,18.2273084407553,0.332413377768178,0.332413377768178
"TRAPPC13",3,0.167282745239065,0.167282745239065,0.0366844440986709,0.0366844440986709,1.77010477469853,1.77010477469853,5.11424653226994e-06,5.11424653226994e-06
"FBXL5",3,-0.0351330916249552,-0.0351330916249552,0.0849241253019488,0.0849241253019488,79.9529039830863,79.9529039830863,0.679093991073643,0.679093991073643
"VMAC",3,-0.308947613196593,-0.308947613196593,0.0438764947088269,0.0438764947088269,0,0,1.90452854415183e-12,1.9045285441518e-12
"RP11-761N21.2",3,-0.122653016462599,-0.122653016462599,0.0390364639995143,0.0390364639995143,0,0,0.00167791479789594,0.00167791479789594
"THADA",3,-0.082401667151008,-0.082401667151008,0.118100428218319,0.118100428218319,89.8910544106724,89.8910544106724,0.485348947536897,0.485348947536897
"RP11-407N17.5",3,0.678039907048242,0.678039907048242,0.0739013348506379,0.0739013348506379,0,0,4.51849057278244e-20,4.51849057278236e-20
"RP11-69M1.6",3,-0.357820599476885,-0.357820599476885,0.139747786266051,0.139747786266051,76.5843329880856,76.5843329880856,0.0104529428329971,0.0104529428329971
"LGR5",3,-1.85304823484766,-1.85304823484766,0.946393426101344,0.946393426101345,92.6013472748361,92.6013472748361,0.0502287844214073,0.0502287844214074
"SPATA21",3,0.145066088392777,0.145066088392777,0.0246089317357509,0.0246089317357508,0,0,3.75010160599242e-09,3.75010160599244e-09
"MYL6",3,0.201944303334793,0.201944303334793,0.169849455444752,0.169849455444752,93.7612831724559,93.7612831724559,0.234455188037923,0.234455188037923
"SLC5A3",3,-0.0763354700022034,-0.0763354700022034,0.203254920602374,0.203254920602374,90.4515067709073,90.4515067709073,0.707240184164642,0.707240184164642
"CTD-2600H12.2",3,-0.233725621417141,-0.23372562141714,0.224260263227848,0.224260263227848,69.4757305409187,69.4757305409187,0.297315707486753,0.297315707486754
"MTR",3,-0.44432638191313,-0.44432638191313,0.214118609005367,0.214118609005367,95.5397058283982,95.5397058283982,0.0379734352827286,0.0379734352827286
"WDR19",3,-0.341310767100137,-0.341310767100137,0.0856597281392704,0.0856597281392704,66.6889850297823,66.6889850297823,6.76237522137379e-05,6.76237522137377e-05
"HS3ST2",3,-1.48976760683035,-1.48976760683035,0.52191911327266,0.521919113272662,75.1962923576481,75.1962923576481,0.00431177643693647,0.00431177643693656
"NYAP1",3,-1.78063756702094,-1.78063756702094,0.321288324417314,0.321288324417314,71.7360200740404,71.7360200740404,2.9872983286107e-08,2.98729832861059e-08
"TUBAL3",3,-0.735296949782609,-0.735296949782609,0.127770634429183,0.127770634429183,0,0,8.6734373017031e-09,8.67343730170315e-09
"METTL18",3,-0.125384639642659,-0.125384639642659,0.0532744213405726,0.0532744213405726,0,0,0.01859451981262,0.0185945198126201
"RP11-796E2.4",3,-0.127420790629561,-0.127420790629561,0.0660197375132752,0.0660197375132752,0,0,0.0536017758350199,0.0536017758350199
"MAP1A",3,-1.0308194833688,-1.0308194833688,0.549226530622535,0.549226530622535,94.7537537097,94.7537537097,0.0605377394301575,0.0605377394301575
"H6PD",3,-0.714430647615107,-0.714430647615107,0.147085454242484,0.147085454242484,89.6649693684488,89.6649693684488,1.19027989610104e-06,1.19027989610102e-06
"SEMA4G",3,-0.906151445795383,-0.906151445795382,0.226835248400534,0.226835248400534,86.1616978888829,86.1616978888828,6.4760941722331e-05,6.47609417223319e-05
"NEURL1",3,0.26305798537926,0.26305798537926,0.0965872258345241,0.0965872258345241,0,0,0.00645887983271748,0.00645887983271748
"ALAD",3,-0.514996432787417,-0.514996432787416,0.07655431339386,0.0765543133938606,69.437758012148,69.4377580121485,1.72954969396102e-11,1.72954969396181e-11
"RP11-96D1.7",3,-0.169967842649721,-0.169967842649721,0.0494218114014764,0.0494218114014764,0,0,0.000583595276398425,0.000583595276398425
"HNRNPA1P28",3,0.0607260459106919,0.060726045910692,0.10311034393363,0.10311034393363,0,0,0.55589996245932,0.55589996245932
"MRPS6",3,0.277276544946225,0.277276544946224,0.130393320464743,0.130393320464743,89.0984433391465,89.0984433391465,0.0334647437855982,0.0334647437855982
"PRKCQ-AS1",3,2.40775290222178,2.40775290222178,0.713280951949624,0.713280951949623,94.591997907637,94.591997907637,0.000736542736463842,0.000736542736463844
"TBX1",3,-0.860712125342804,-0.860712125342804,0.125703454563267,0.125703454563267,32.9628428838283,32.9628428838283,7.53285281320051e-12,7.5328528132006e-12
"AFG3L2P1",3,0.130625546054352,0.130625546054352,0.0555454460663126,0.0555454460663126,0,0,0.0186884547167976,0.0186884547167976
"RP11-548H3.1",3,0.286065743272436,0.286065743272436,0.148237257662421,0.148237257662421,55.7230169501815,55.7230169501815,0.0536337278366277,0.0536337278366277
"SAP25",3,-0.305573862738139,-0.305573862738139,0.305967283222044,0.305967283222044,67.4537906628631,67.4537906628631,0.317933172099294,0.317933172099295
"GPR75-ASB3",3,-0.198035036706074,-0.198035036706074,0.0317181392397353,0.0317181392397353,0,0,4.27641805704615e-10,4.27641805704613e-10
"ELAC2",3,0.382971191948332,0.382971191948331,0.113904984534792,0.113904984534791,87.4745209240863,87.4745209240863,0.000773244579000705,0.000773244579000709
"EPN3",3,1.10523808249404,1.10523808249404,0.243176701570651,0.243176701570651,91.7502138268283,91.7502138268283,5.49352821463575e-06,5.49352821463575e-06
"CAPZA2",3,0.0465419260561955,0.0465419260561955,0.0413121727629726,0.0413121727629726,0,0,0.25991540479701,0.25991540479701
"MXI1",3,-0.357563365488384,-0.357563365488384,0.0388023190939275,0.0388023190939274,0,0,3.11278676509606e-20,3.11278676509606e-20
"GTSE1-AS1",3,-0.163880043967813,-0.163880043967813,0.316512071997012,0.316512071997012,81.6537391136923,81.6537391136923,0.60461965924544,0.60461965924544
"CWC27",3,0.0587005135986127,0.0587005135986128,0.0767801389060232,0.0767801389060231,70.7712188585404,70.7712188585404,0.444553064158697,0.444553064158697
"BCDIN3D-AS1",3,-0.0449705743781382,-0.0449705743781382,0.0492987986262041,0.0492987986262041,0,0,0.361661199067627,0.361661199067627
"ACACA",3,0.225610284254138,0.225610284254138,0.104444172870126,0.104444172870126,81.3979834751432,81.3979834751432,0.0307646130281761,0.0307646130281761
"RBMX",3,0.0896073240130968,0.0896073240130968,0.0263020031268519,0.0263020031268519,0,0,0.000657140776089717,0.000657140776089717
"HIST2H2AA3",3,0.42268975372535,0.42268975372535,0.264234393698354,0.264234393698354,88.342480717581,88.342480717581,0.109670196701637,0.109670196701636
"SLC39A1",3,0.11963997994976,0.11963997994976,0.077521134732924,0.077521134732924,74.1935584480389,74.1935584480389,0.12275295847275,0.12275295847275
"TIMM22",3,0.268221715629304,0.268221715629304,0.0873450334284327,0.0873450334284328,85.724525963192,85.724525963192,0.00213464924494263,0.00213464924494263
"SCAMP1",3,0.0814552701927818,0.0814552701927818,0.0453891040046451,0.0453891040046451,0,0,0.0727175088470951,0.0727175088470951
"PSEN2",3,0.160990480728063,0.160990480728063,0.105587040162199,0.105587040162199,77.7586122113517,77.7586122113517,0.127329402825413,0.127329402825413
"SPRR2G",3,5.01172952798346,5.01172952798346,0.504871351716881,0.504871351716881,78.2827469127574,78.2827469127574,3.1848019979565e-23,3.18480199795656e-23
"HS6ST1P1",3,0.543018188480195,0.543018188480195,0.170978559422631,0.170978559422631,76.9356286443239,76.9356286443239,0.00149350204677703,0.00149350204677703
"KDM1A",3,0.232542801218154,0.232542801218154,0.0282520205153433,0.0282520205153433,24.3151503855357,24.3151503855357,1.85633907689788e-16,1.85633907689799e-16
"CTD-2228K2.7",3,0.397269956302322,0.397269956302323,0.112997240225576,0.112997240225576,0,0,0.000438515020925807,0.000438515020925807
"ABALON",3,0.235606168115461,0.235606168115461,0.132173854842712,0.132173854842712,87.048089387691,87.048089387691,0.0746600003441732,0.0746600003441731
"RANBP6",3,0.0305259380935085,0.0305259380935085,0.0656117149559544,0.0656117149559544,54.84078928124,54.8407892812399,0.641751479137116,0.641751479137116
"BX842568.2",3,0.593590457541247,0.593590457541248,0.153179853344622,0.153179853344622,80.7293088576845,80.7293088576845,0.000106571755983299,0.000106571755983298
"ELOF1",3,0.40387082988941,0.40387082988941,0.148100094073879,0.148100094073879,88.913939009504,88.913939009504,0.00639105890369181,0.00639105890369182
"VPS4A",3,-0.0528236930351058,-0.0528236930351058,0.02634075066559,0.02634075066559,0,0,0.0449204977914603,0.0449204977914603
"RP11-771F20.1",3,-0.414062650573325,-0.414062650573325,0.168825441946997,0.168825441946997,53.5765936319015,53.5765936319015,0.0141824748995664,0.0141824748995663
"ZFP28",3,-1.33410193947435,-1.33410193947435,0.352953153308424,0.352953153308424,95.2438545768172,95.2438545768172,0.000156937218138186,0.000156937218138186
"WI2-1896O14.1",3,-1.4316957107928,-1.4316957107928,0.376117028736072,0.376117028736072,87.4973197913053,87.4973197913054,0.000140937840911453,0.000140937840911454
"DDI2",3,0.352691117918283,0.352691117918283,0.14166398247858,0.14166398247858,90.807519076778,90.8075190767779,0.0127875591331902,0.0127875591331901
"RPL9",3,-0.0933970269580563,-0.0933970269580563,0.122080397007106,0.122080397007106,40.3240941705278,40.3240941705278,0.444244604404967,0.444244604404968
"MAPKAPK3",3,0.661921704121998,0.661921704121998,0.190014574931262,0.190014574931262,93.5670537868953,93.5670537868953,0.000494845401533497,0.000494845401533504
"NAB1",3,-0.630724290790141,-0.630724290790141,0.213790682874028,0.213790682874028,92.6449851314469,92.6449851314469,0.0031757300522741,0.00317573005227412
"SMARCE1P5",3,0.068761217407834,0.068761217407834,0.040071206000892,0.040071206000892,0,0,0.0861664825864118,0.0861664825864119
"HSDL1",3,-0.0491081195105795,-0.0491081195105795,0.0471899877947981,0.0471899877947982,42.1400114577402,42.1400114577403,0.298039406694035,0.298039406694035
"RP11-1212A22.4",3,-0.422855190078843,-0.422855190078843,0.228859630021956,0.228859630021956,88.3563638246234,88.3563638246234,0.064651287113899,0.064651287113899
"AC006547.8",3,0.116795750616033,0.116795750616033,0.0675124644742035,0.0675124644742035,41.4528301384424,41.4528301384423,0.0836324265757118,0.0836324265757118
"RP1-40E16.12",3,0.0350195203513361,0.0350195203513361,0.102809096217646,0.102809096217646,0,0,0.733384647233809,0.733384647233809
"TIMM13",3,0.587327646079966,0.587327646079966,0.208681173059888,0.208681173059888,92.5825387648539,92.5825387648539,0.00488571950588187,0.00488571950588188
"RPS15AP5",3,-0.0224085374360988,-0.0224085374360988,0.0896081556766693,0.0896081556766693,0,0,0.802531265646971,0.802531265646971
"CLSTN3",3,-0.45977773679911,-0.459777736799109,0.163065449383976,0.163065449383976,60.7108599655501,60.7108599655501,0.00480850202921822,0.00480850202921823
"RP11-726G1.1",3,0.100348539655301,0.100348539655301,0.123448398440627,0.123448398440627,0,0,0.416287765633521,0.416287765633521
"HHIPL1",3,-0.322602991327698,-0.322602991327698,0.160484180230665,0.160484180230665,55.5626691938907,55.5626691938907,0.0444115467955405,0.0444115467955406
"ZBTB43",3,0.149587594698973,0.149587594698973,0.0781707067180456,0.0781707067180456,68.4280513989916,68.4280513989916,0.0556710718816545,0.0556710718816544
"GATA6",3,-1.48070347623284,-1.48070347623284,0.350611341085679,0.350611341085679,68.3989790522185,68.3989790522183,2.4085284119971e-05,2.40852841199707e-05
"IP6K2",3,-0.361525538536768,-0.361525538536768,0.0356304863144426,0.0356304863144426,0,0,3.4338095233053e-24,3.4338095233053e-24
"ZBTB1",3,-0.100478926944013,-0.100478926944013,0.0313132594242755,0.0313132594242755,0,0,0.00133276257738275,0.00133276257738275
"TRIP13",3,1.15428568175879,1.15428568175879,0.171595679648435,0.171595679648435,80.9024147981275,80.9024147981274,1.73463583187297e-11,1.73463583187279e-11
"RP4-791C19.1",3,-0.0561298254082361,-0.0561298254082361,0.17840112494752,0.17840112494752,83.9336043305759,83.9336043305759,0.753044814062818,0.753044814062818
"AP003068.12",3,0.323925339035233,0.323925339035233,0.351347648912565,0.351347648912565,90.1183385503746,90.1183385503746,0.356554101365787,0.356554101365787
"TSPYL1",3,0.00839548333811871,0.0083954833381187,0.0454248774405928,0.0454248774405929,54.845917421664,54.845917421664,0.853369227670006,0.853369227670006
"RAPGEF6",3,-0.112358742773325,-0.112358742773325,0.148034247224473,0.148034247224473,94.2399754273762,94.2399754273762,0.447849529596896,0.447849529596896
"ARFGEF2",3,0.112217812816318,0.112217812816318,0.0265633904101412,0.0265633904101412,0,0,2.39441031287703e-05,2.39441031287705e-05
"DBF4P1",3,0.881800412522675,0.881800412522674,0.14756184867523,0.14756184867523,61.5676767749659,61.5676767749659,2.28960743968182e-09,2.28960743968182e-09
"MAN1C1",3,-0.807876677583088,-0.807876677583087,0.270640650228473,0.270640650228474,89.6647165764985,89.6647165764986,0.00283529218372505,0.00283529218372521
"TEX264",3,0.140766617436016,0.140766617436016,0.0499884107779072,0.0499884107779071,18.7187736194059,18.7187736194059,0.00486279294307591,0.00486279294307593
"RP4-631H13.6",3,0.0455153161363532,0.0455153161363532,0.117027937711678,0.117027937711678,27.839238370325,27.839238370325,0.697330202748672,0.697330202748671
"HECTD2",3,-0.161109526943228,-0.161109526943228,0.0684585501263835,0.0684585501263836,25.2827201537271,25.2827201537272,0.0186032136864296,0.0186032136864297
"TMTC4",3,-0.071731935644881,-0.0717319356448809,0.0828816453159689,0.0828816453159689,69.9333955297127,69.9333955297127,0.386778504668544,0.386778504668545
"NKTR",3,-0.181689726228791,-0.181689726228791,0.0733311871890301,0.0733311871890301,0,0,0.0132247215847891,0.0132247215847892
"TMEM65",3,0.269010343514457,0.269010343514457,0.0983859234604767,0.0983859234604767,73.110349761627,73.110349761627,0.00625251935807436,0.00625251935807438
"PISD",3,0.00873499119126363,0.00873499119126361,0.0504661867395184,0.0504661867395184,38.6538559136117,38.6538559136118,0.862583816888277,0.862583816888277
"ADGRG1",3,-0.00505090900064231,-0.00505090900064232,0.0986258067007718,0.0986258067007719,71.5006499688695,71.5006499688695,0.959155909586998,0.959155909586998
"AF131217.1",3,-1.2003565872196,-1.2003565872196,0.143524316490678,0.143524316490678,0,0,6.09170326977314e-17,6.09170326977305e-17
"THRA",3,-0.805267512422368,-0.805267512422368,0.217577487297736,0.217577487297737,92.1997365493868,92.1997365493868,0.00021470000707147,0.000214700007071471
"CKB",3,-0.620601040485274,-0.620601040485274,0.201995565046902,0.201995565046902,80.7404054937894,80.7404054937894,0.00212380662480968,0.00212380662480968
"MC1R",3,-0.135521542242824,-0.135521542242824,0.195987859265308,0.195987859265308,74.3084462746666,74.3084462746666,0.489264402399833,0.489264402399833
"MBTPS1",3,-0.210003333110148,-0.210003333110148,0.0699160783019612,0.0699160783019612,88.0297452879594,88.0297452879594,0.00266763209915459,0.00266763209915459
"RP11-1017G21.5",3,-0.0331756669248363,-0.0331756669248365,0.265748929237347,0.265748929237347,83.8983224396754,83.8983224396754,0.900651498892529,0.900651498892529
"RP1-71H24.1",3,2.43581837615386,2.43581837615386,0.267457247916277,0.267457247916277,60.7405176561054,60.7405176561055,8.44431050067537e-20,8.44431050067606e-20
"CTC-360G5.8",3,0.299691282885241,0.299691282885241,0.107951749131473,0.107951749131473,83.0361588413745,83.0361588413745,0.00550052026986159,0.00550052026986159
"ETNK2",3,-1.7176795341249,-1.7176795341249,0.144627793733643,0.144627793733643,55.8369411288853,55.8369411288853,1.56698288191834e-32,1.56698288191844e-32
"MUSTN1",3,0.181571557684674,0.181571557684674,0.519813806851427,0.519813806851428,90.7241857813407,90.7241857813407,0.726863239279797,0.726863239279796
"RP11-696N14.1",3,0.593908125658581,0.593908125658581,0.0846891706044528,0.0846891706044528,0,0,2.33597037514471e-12,2.33597037514475e-12
"MED23",3,-0.104455161488188,-0.104455161488188,0.0294128096239668,0.0294128096239668,0,0,0.000383261372824291,0.000383261372824291
"TMEM39B",3,0.233445598588991,0.233445598588991,0.0674654547898233,0.0674654547898233,50.7844264458522,50.7844264458522,0.000539725829528516,0.000539725829528518
"HNRNPF",3,0.296195171929729,0.296195171929729,0.0480477938964791,0.0480477938964791,37.3701278047491,37.3701278047491,7.06639315560079e-10,7.06639315560079e-10
"IL20RA",3,-0.826384682403613,-0.826384682403613,0.109047497407831,0.109047497407831,71.3854636210227,71.3854636210227,3.50358774615015e-14,3.50358774615011e-14
"SRPRB",3,0.539637316911803,0.539637316911803,0.139100467832427,0.139100467832426,89.090083935474,89.090083935474,0.000104680520976895,0.000104680520976895
"ATPIF1",3,0.111304541137753,0.111304541137753,0.127832295090183,0.127832295090183,87.4217002751557,87.4217002751557,0.3839138692633,0.3839138692633
"VRK3",3,0.0138756013452624,0.0138756013452624,0.0672957189246692,0.0672957189246692,72.2876779083834,72.2876779083834,0.83664369369162,0.83664369369162
"ZNF286A",3,0.0258410188215684,0.0258410188215684,0.0796511202456758,0.0796511202456758,67.9230694920557,67.9230694920557,0.745614355094258,0.745614355094258
"RP11-400F19.8",3,-0.116016878932971,-0.116016878932971,0.0789997724808714,0.0789997724808714,0,0,0.141948827950903,0.141948827950903
"PIK3CB",3,-0.26020227665573,-0.26020227665573,0.134355029173344,0.134355029173344,84.2226730240382,84.2226730240382,0.0527848555169771,0.052784855516977
"DDX50P1",3,-0.176811760421106,-0.176811760421106,0.0579934226810752,0.0579934226810752,0,0,0.00229738747340979,0.00229738747340979
"TBL1Y",3,0.0250898097399833,0.0250898097399833,0.248933568142329,0.248933568142329,0,0,0.919717817700916,0.919717817700916
"LAT2",3,0.680599703050173,0.680599703050173,0.328026385189895,0.328026385189895,94.6475633015317,94.6475633015317,0.0380020901218889,0.0380020901218889
"POLR2M",3,-0.296683486346797,-0.296683486346797,0.0584201090239749,0.0584201090239749,61.2402186419075,61.2402186419075,3.80530531630068e-07,3.8053053163007e-07
"CYSRT1",3,1.62370982138765,1.62370982138765,0.145231658078246,0.145231658078246,57.0194646749254,57.0194646749256,5.10112283170694e-29,5.10112283170816e-29
"IL4I1",3,0.858384223800675,0.858384223800675,0.19838400333485,0.19838400333485,79.4161414559007,79.4161414559007,1.51234751847071e-05,1.51234751847071e-05
"POLR1C",3,0.280336096403326,0.280336096403326,0.032132575039526,0.032132575039526,0,0,2.67694358849894e-18,2.6769435884989e-18
"RP11-138P22.1",3,-0.825839504693213,-0.825839504693213,0.170365953046448,0.170365953046447,76.1336555664925,76.1336555664924,1.25061994077121e-06,1.25061994077112e-06
"THAP12P7",3,-0.257083802618477,-0.257083802618477,0.133090610193612,0.133090610193612,74.7310590176544,74.7310590176544,0.053403346034513,0.053403346034513
"RARA-AS1",3,-0.210274867033744,-0.210274867033744,0.0792969631319997,0.0792969631319997,0,0,0.00800783646204056,0.00800783646204056
"TUG1_4",3,-0.0467375430854589,-0.0467375430854589,0.0525314680010312,0.0525314680010312,0,0,0.373623967580408,0.373623967580408
"BMS1P4",3,0.0848323939341684,0.0848323939341684,0.0710259739706231,0.0710259739706231,0,0,0.232327203412867,0.232327203412867
"BLM",3,1.41308685188176,1.41308685188176,0.23839776006061,0.23839776006061,85.4870390634055,85.4870390634055,3.07706031008492e-09,3.0770603100849e-09
"CMPK1",3,0.201351470260754,0.201351470260754,0.0629911841003485,0.0629911841003485,49.5487414686579,49.5487414686579,0.00139104676112342,0.00139104676112342
"MRE11",3,-0.255246602875098,-0.255246602875098,0.133941502022821,0.133941502022821,87.4724770506874,87.4724770506874,0.0566946809570038,0.0566946809570037
"OAT",3,0.0131055637820666,0.0131055637820665,0.126193974603042,0.126193974603042,81.4334366339604,81.4334366339604,0.917286377330378,0.917286377330378
"MDM1",3,-0.153334747869048,-0.153334747869048,0.0511413900856326,0.0511413900856326,0,0,0.00271533523871925,0.00271533523871924
"RPL17P34",3,-0.306030789071308,-0.306030789071308,0.066012871598038,0.066012871598038,0,0,3.55343049863947e-06,3.55343049863947e-06
"RRAD",3,-0.003981656343,-0.00398165634299965,0.695987094154211,0.69598709415421,90.0712411140283,90.0712411140283,0.995435425713923,0.995435425713923
"ZNF764",3,-0.0419725423679584,-0.0419725423679584,0.111117376052438,0.111117376052438,78.9188927713321,78.9188927713321,0.705630003112187,0.705630003112187
"AC104651.2",3,0.143149090116669,0.143149090116669,0.103396017534302,0.103396017534302,53.7496505934754,53.7496505934754,0.166213387182311,0.166213387182311
"RASD1",3,-0.134519923869024,-0.134519923869024,0.153252320438358,0.153252320438358,47.7034240950757,47.7034240950757,0.380069842310902,0.380069842310902
"HAT1",3,0.411092839804149,0.411092839804149,0.11168062095703,0.11168062095703,80.8185683982569,80.8185683982569,0.00023234977694203,0.000232349776942029
"KRT75",3,0.137826738318402,0.137826738318402,0.541003678175306,0.541003678175306,89.2289976110028,89.2289976110028,0.798907555868913,0.798907555868914
"CORO1B",3,0.240095202936587,0.240095202936587,0.106988581552282,0.106988581552282,82.5004882764316,82.5004882764316,0.024824689105313,0.0248246891053129
"PRMT2",3,-0.218384767769003,-0.218384767769003,0.085622886927147,0.085622886927147,85.210220308659,85.210220308659,0.0107555569249409,0.0107555569249409
"GPAT2",3,-0.567057260063773,-0.567057260063773,0.104271393034247,0.104271393034247,11.7834234947198,11.7834234947197,5.37967215488323e-08,5.37967215488312e-08
"PTBP1",3,0.375964710068738,0.375964710068738,0.0623341256620353,0.0623341256620353,54.2062902666882,54.2062902666882,1.62502298490778e-09,1.62502298490781e-09
"DNLZ",3,0.298123648838365,0.298123648838365,0.124722667016969,0.124722667016969,56.7816503806231,56.7816503806231,0.0168349616032653,0.0168349616032654
"MT-TS2",3,0.262931400898367,0.262931400898367,0.269108869452989,0.269108869452989,70.2137352048057,70.2137352048057,0.328547011669834,0.328547011669834
"RP11-161H23.9",3,0.477020846447367,0.477020846447367,0.557271674585696,0.557271674585696,95.0015581506199,95.0015581506199,0.392001458913786,0.392001458913786
"RP5-890O3.9",3,0.634836081453342,0.634836081453341,0.131221618858106,0.131221618858106,55.4118388589846,55.4118388589845,1.31223097965531e-06,1.31223097965532e-06
"ZSWIM7",3,-0.000424391464304065,-0.000424391464304065,0.0324042590278855,0.0324042590278855,0,0,0.989550579852553,0.989550579852553
"FAM89A",3,0.360533118381851,0.360533118381851,0.184309323590833,0.184309323590833,86.0721339360615,86.0721339360615,0.050449764471938,0.050449764471938
"LL22NC03-80A10.6",3,0.244716631276007,0.244716631276007,0.0804458731136054,0.0804458731136054,70.6271199890641,70.6271199890641,0.00235009125903504,0.00235009125903504
"PIGF",3,0.0804905839402765,0.0804905839402765,0.0724729947630886,0.0724729947630886,75.9427638281196,75.9427638281196,0.266728227796664,0.266728227796664
"YPEL4",3,-0.920308053091561,-0.920308053091561,0.0879025047629362,0.0879025047629357,10.7263253508195,10.7263253508191,1.19088283051896e-25,1.1908828305182e-25
"TRNAU1AP",3,0.122683615874082,0.122683615874082,0.0715195076853694,0.0715195076853693,75.3527231424928,75.3527231424928,0.0862743429910158,0.0862743429910157
"TMEM5-AS1",3,0.0473313720201957,0.0473313720201957,0.0502666017254606,0.0502666017254606,0,0,0.346394007143796,0.346394007143796
"EPS15L1",3,-0.140481985103607,-0.140481985103607,0.0829185241722925,0.0829185241722925,82.6363271675896,82.6363271675896,0.0902240284849598,0.0902240284849598
"OXSM",3,0.220048479745306,0.220048479745307,0.0658421709908153,0.0658421709908153,52.1960233864564,52.1960233864564,0.000831591112355199,0.000831591112355196
"FAM43A",3,2.00190774332528,2.00190774332528,0.099434459785672,0.0994344597856714,23.5103217283913,23.5103217283909,3.79800470591471e-90,3.79800470590681e-90
"PTCH1",3,-0.594010820487062,-0.594010820487062,0.245441669064767,0.245441669064767,94.6156720706395,94.6156720706395,0.0155132082049413,0.0155132082049413
"CECR2",3,-0.449260590159349,-0.449260590159349,0.541613864683687,0.541613864683687,87.8493181669331,87.849318166933,0.406830006984285,0.406830006984284
"PSORS1C1",3,0.674705048949631,0.674705048949631,0.215843644209566,0.215843644209566,80.0008607452086,80.0008607452086,0.00177263489046473,0.00177263489046474
"TTC13",3,0.47718646850773,0.477186468507731,0.13910297827976,0.13910297827976,91.1354280391584,91.1354280391584,0.00060257052984851,0.000602570529848507
"PPP2R2B",3,-1.20542609448761,-1.20542609448761,0.117002175087748,0.117002175087748,25.555982438499,25.555982438499,6.85852945649894e-25,6.85852945649894e-25
"RPS3AP47",3,-0.318968368741157,-0.318968368741157,0.0929704083214947,0.0929704083214947,52.7768064779525,52.7768064779525,0.000601673093157339,0.000601673093157337
"ZNF812P",3,1.2211534695434,1.2211534695434,0.730066969728996,0.730066969728995,95.472646884199,95.472646884199,0.0943943418222429,0.0943943418222429
"ZFAND2B",3,0.106981543654912,0.106981543654912,0.0874185845146655,0.0874185845146655,75.820595377755,75.820595377755,0.221033382308659,0.221033382308659
"ZBTB11-AS1",3,0.0293016684810572,0.0293016684810572,0.21356570276889,0.21356570276889,95.810527943265,95.810527943265,0.890871030423177,0.890871030423177
"FAM45BP",3,0.264750081507555,0.264750081507555,0.165044290216128,0.165044290216128,95.5973966154778,95.5973966154778,0.108688626110092,0.108688626110092
"IL7",3,-0.219369036342864,-0.219369036342864,0.275591841168215,0.275591841168215,95.2664940842732,95.2664940842732,0.426036399509156,0.426036399509156
"VCPKMT",3,0.185347944478404,0.185347944478404,0.0405318629597924,0.0405318629597925,0,0,4.81031738639323e-06,4.81031738639321e-06
"FN3KRP",3,-0.272048079895287,-0.272048079895286,0.0437233419187967,0.0437233419187967,0,0,4.90753520284714e-10,4.90753520284716e-10
"DZANK1",3,-0.266715607791605,-0.266715607791605,0.128353592106511,0.128353592106511,73.984752784758,73.984752784758,0.0377116243298755,0.0377116243298755
"RP11-411K7.1",3,0.639096049460738,0.639096049460738,0.0556473814212022,0.0556473814212022,0,0,1.57397098474452e-30,1.57397098474459e-30
"RP11-307L3.2",3,0.360428051693088,0.360428051693088,0.121216507961378,0.121216507961378,84.0832594703977,84.0832594703977,0.00294497503807783,0.00294497503807783
"CYR61",3,-0.236073168285921,-0.236073168285921,0.101029517278651,0.101029517278651,0,0,0.0194560785983004,0.0194560785983004
"SDE2",3,-0.197942971760811,-0.197942971760811,0.0804705028011935,0.0804705028011935,79.8420719414114,79.8420719414114,0.0139006619656104,0.0139006619656104
"RPL23AP49",3,-0.52320353670833,-0.52320353670833,0.176981639654113,0.176981639654113,51.8680691711085,51.8680691711084,0.00311395642374855,0.00311395642374852
"PTPN18",3,0.425061530425083,0.425061530425083,0.218141591353188,0.218141591353188,94.761140815248,94.761140815248,0.0513482388551189,0.0513482388551189
"DDX39A",3,1.02322461622031,1.02322461622031,0.18677431218304,0.18677431218304,89.0249770402215,89.0249770402214,4.29186118447239e-08,4.29186118447239e-08
"OSGEP",3,0.0208876394603376,0.0208876394603375,0.0527208466660283,0.0527208466660283,28.1419323511913,28.1419323511912,0.691962528177227,0.691962528177227
"SEPT10P1",3,-0.398851980867891,-0.398851980867891,0.104353368596196,0.104353368596196,70.6129163318776,70.6129163318776,0.00013230472762524,0.00013230472762524
"SMAGP",3,0.822003702363253,0.822003702363253,0.150558019783491,0.150558019783492,89.47458478052,89.47458478052,4.76902654499607e-08,4.76902654499612e-08
"KBTBD4",3,-0.0616656202400337,-0.0616656202400338,0.139625409295069,0.139625409295069,95.2132914263149,95.2132914263149,0.658742194641178,0.658742194641178
"NDUFS8",3,0.326524813410267,0.326524813410267,0.172229116723554,0.172229116723554,91.6462528182156,91.6462528182156,0.0579766240302243,0.0579766240302244
"MYO5C",3,-0.426887921111166,-0.426887921111166,0.223159781562519,0.223159781562518,78.3588951632729,78.3588951632727,0.055757656887401,0.0557576568873997
"AC108488.4",3,-0.279658987745861,-0.279658987745861,0.186270317711305,0.186270317711305,65.263342933058,65.263342933058,0.133262219148153,0.133262219148153
"OAZ1",3,0.344866714150528,0.344866714150528,0.150440733632336,0.150440733632337,92.9573770082433,92.9573770082433,0.0218839607045712,0.0218839607045712
"PCDHGA8",3,-0.537874563150853,-0.537874563150853,0.0766290345822735,0.0766290345822735,62.4183677030806,62.4183677030806,2.23141271546313e-12,2.23141271546314e-12
"NEK2",3,1.14072862734493,1.14072862734493,0.265605433964018,0.265605433964018,88.9375368554274,88.9375368554274,1.74831875151674e-05,1.74831875151669e-05
"PAXIP1",3,0.101990549494266,0.101990549494266,0.0287219373906513,0.0287219373906513,11.4870923507901,11.4870923507901,0.000383823735457717,0.000383823735457718
"RHOQ",3,-0.019827428456916,-0.019827428456916,0.120673408675084,0.120673408675084,90.1920134944536,90.1920134944536,0.869489845181995,0.869489845181995
"RPL7P8",3,-0.329818360627989,-0.329818360627989,0.11191765317815,0.111917653178151,43.9030084266931,43.9030084266931,0.00320900679222741,0.0032090067922274
"XPO7",3,0.0627526980978919,0.0627526980978919,0.0948998932791514,0.0948998932791514,90.7570951063631,90.7570951063631,0.508451030145624,0.508451030145624
"AFG3L1P",3,0.388473777033224,0.388473777033224,0.064783903337162,0.064783903337162,17.5740664339888,17.5740664339888,2.01671155231724e-09,2.01671155231723e-09
"SRP9P1",3,0.183242531025783,0.183242531025783,0.118547755005652,0.118547755005652,87.8961248650088,87.8961248650088,0.122170380502942,0.122170380502942
"RP11-500G22.5",3,-0.0804811232003605,-0.0804811232003606,0.0609833952407893,0.0609833952407893,0,0,0.18692788012906,0.18692788012906
"RP11-212P7.1",3,-0.0634391102610352,-0.0634391102610352,0.0593509193053316,0.0593509193053316,0,0,0.285122988526354,0.285122988526354
"ANGPTL8",3,0.30836399111672,0.30836399111672,0.0631143376062407,0.0631143376062407,0,0,1.03010052093515e-06,1.03010052093515e-06
"PGDP1",3,0.576648665565969,0.576648665565969,0.299885666005552,0.299885666005552,88.0764181418732,88.0764181418732,0.0544932303640237,0.0544932303640238
"MYH3",3,-0.84472830277719,-0.84472830277719,0.622372473015015,0.622372473015015,95.5371613279934,95.5371613279934,0.174695019308104,0.174695019308104
"FER",3,-0.264362483056128,-0.264362483056128,0.111729929198424,0.111729929198424,83.0742958093397,83.0742958093397,0.0179773279672649,0.017977327967265
"EEF1B2P6",3,0.233165600695209,0.233165600695209,0.0653041277262337,0.0653041277262337,49.6381091993593,49.6381091993593,0.000356358521294067,0.000356358521294067
"CCDC43",3,0.325737214585795,0.325737214585795,0.0981641018486568,0.0981641018486568,84.3199499670858,84.3199499670858,0.000905695485716966,0.00090569548571696
"HSCB",3,0.245913409904975,0.245913409904975,0.0966660298315336,0.0966660298315336,74.4983421434003,74.4983421434003,0.0109607216539781,0.0109607216539782
"SLC5A6",3,0.716520385013369,0.716520385013369,0.152634144289143,0.152634144289143,85.527115059745,85.527115059745,2.67436150992123e-06,2.67436150992125e-06
"CROCCP2",3,-0.182944823398334,-0.182944823398334,0.072475914690394,0.072475914690394,0.62039762077464,0.62039762077464,0.0115956838470414,0.0115956838470414
"CDKL1",3,-0.465080251572928,-0.465080251572928,0.091953346746743,0.091953346746743,60.0886974731909,60.0886974731909,4.24154400313033e-07,4.24154400313037e-07
"ABCC6",3,0.347619650268096,0.347619650268096,0.286906991180936,0.286906991180936,82.6378404076292,82.6378404076292,0.225661343506799,0.225661343506799
"INO80B-WBP1",3,-0.0946202064170127,-0.0946202064170126,0.0596397584923923,0.0596397584923923,52.1328598914745,52.1328598914745,0.112619358949811,0.112619358949812
"TNS3",3,-0.267287604538079,-0.267287604538079,0.281463009512446,0.281463009512446,94.4422791887732,94.4422791887732,0.342296881954167,0.342296881954167
"LINC01315",3,-0.633744824711079,-0.633744824711079,0.117806950707767,0.117806950707767,61.0580379116056,61.0580379116053,7.46847780049464e-08,7.46847780049379e-08
"DTD2",3,0.375378312158161,0.375378312158161,0.102586952071556,0.102586952071556,83.061946512767,83.061946512767,0.000253079506468516,0.000253079506468516
"POU5F1B",3,0.0394385418513755,0.0394385418513754,0.0953002442216139,0.0953002442216139,0,0,0.678995216403692,0.678995216403692
"CTB-58E17.10",3,-0.141258349057545,-0.141258349057545,0.0376724237469922,0.0376724237469922,0,0,0.000177082573673334,0.000177082573673334
"PANK1",3,0.0494678004487475,0.0494678004487475,0.116534619198078,0.116534619198078,75.9755220671749,75.9755220671749,0.6712083719306,0.6712083719306
"ESYT1",3,0.0901223652491108,0.0901223652491108,0.0419125911842995,0.0419125911842995,32.7677109069843,32.7677109069844,0.0315357920427207,0.0315357920427208
"HNRNPRP1",3,0.0542759019750157,0.0542759019750158,0.253741486255273,0.253741486255273,90.690557620408,90.690557620408,0.830623202164457,0.830623202164457
"DENND3",3,-0.226665614925164,-0.226665614925164,0.111399196812717,0.111399196812718,52.2847793367226,52.2847793367226,0.0418795596511728,0.0418795596511729
"PELI1",3,0.225085943474778,0.225085943474778,0.100200431137496,0.100200431137496,75.5505292917163,75.5505292917163,0.0246811479731621,0.0246811479731619
"AC002398.9",3,0.224638159848895,0.224638159848895,0.126479325004699,0.126479325004699,86.1770539852608,86.1770539852608,0.0757187415486768,0.0757187415486767
"TMEM19",3,0.348300414758456,0.348300414758455,0.040647005182909,0.040647005182909,0,0,1.04471693735339e-17,1.04471693735341e-17
"RP11-982M15.2",3,0.0745444489729974,0.0745444489729974,0.127132119156187,0.127132119156187,87.9330870012413,87.9330870012413,0.557637531456337,0.557637531456338
"PGGT1BP1",3,0.31314244874343,0.31314244874343,0.174011811983745,0.174011811983745,67.1888838549705,67.1888838549705,0.0719321830475073,0.0719321830475073
"RP11-1094H24.4",3,-0.726423751741927,-0.726423751741927,0.164561124309292,0.164561124309292,23.5059866251105,23.5059866251104,1.01332851955383e-05,1.01332851955384e-05
"RP11-762H8.2",3,-0.0371776193849729,-0.0371776193849729,0.101322285614616,0.101322285614616,0,0,0.713675406502922,0.713675406502922
"KMO",3,0.0833397294832892,0.0833397294832892,0.170174637955865,0.170174637955865,87.207209033359,87.207209033359,0.624324537484338,0.624324537484338
"SLC9A7",3,0.118397329367679,0.118397329367679,0.128026492767874,0.128026492767874,84.6267303326131,84.6267303326131,0.355076335354968,0.355076335354968
"RP11-134G8.10",3,-0.160145424297515,-0.160145424297515,0.281176001363058,0.281176001363059,94.9601687226999,94.9601687226999,0.568979009681482,0.568979009681482
"TMEM14C",3,-0.230465142516768,-0.230465142516767,0.0488960472178707,0.0488960472178708,43.0845336466774,43.0845336466775,2.43653670635669e-06,2.43653670635674e-06
"OLFML3",3,-1.29433033743746,-1.29433033743746,0.276238292954949,0.276238292954949,74.6436622696905,74.6436622696905,2.79199233410995e-06,2.79199233410995e-06
"FTH1P16",3,-0.151216334993593,-0.151216334993593,0.0984548006998834,0.0984548006998834,22.6780533841503,22.6780533841503,0.12456388830726,0.12456388830726
"AC004540.4",3,0.907281858190108,0.907281858190108,0.389824414155156,0.389824414155156,86.5052019770319,86.5052019770319,0.0199433696779189,0.0199433696779188
"RP11-1024P17.1",3,-0.547685786633757,-0.547685786633758,0.517310837988257,0.517310837988257,92.755893824537,92.755893824537,0.289728676129863,0.289728676129862
"AC002310.12",3,-0.106067180565755,-0.106067180565755,0.149001101645797,0.149001101645797,76.0007388048014,76.0007388048014,0.476554564740322,0.476554564740322
"MFSD14C",3,-0.281879922804487,-0.281879922804487,0.135662480931756,0.135662480931756,89.044875403598,89.044875403598,0.0377274986259807,0.0377274986259807
"ATP13A2",3,0.288309304641649,0.288309304641649,0.124734933585637,0.124734933585637,78.7814993294283,78.7814993294283,0.0208121074563751,0.020812107456375
"PI4KB",3,0.21373634480752,0.21373634480752,0.0934716991240356,0.0934716991240356,90.8381466846217,90.8381466846217,0.0222167077768829,0.022216707776883
"AP1M2",3,0.193700095238177,0.193700095238177,0.103926443934005,0.103926443934005,80.8907456570596,80.8907456570596,0.0623471071207052,0.0623471071207052
"CTC-444N24.11",3,-0.0581040063370704,-0.0581040063370703,0.268649064019616,0.268649064019616,95.1404194384913,95.1404194384913,0.828767795410144,0.828767795410144
"CTB-58E17.1",3,0.147015549789274,0.147015549789274,0.137824950007675,0.137824950007675,61.6385290523501,61.6385290523501,0.286114945176692,0.286114945176692
"RP1-12G14.9",3,-0.144607795125704,-0.144607795125704,0.104220088379805,0.104220088379805,74.3134486517198,74.3134486517198,0.165282268359301,0.165282268359301
"PAPPA-AS1",3,0.649056041955317,0.649056041955317,0.224604814422226,0.224604814422226,57.6346428535159,57.6346428535159,0.00385524940313365,0.00385524940313364
"PGS1",3,0.130566414767275,0.130566414767275,0.103786923402415,0.103786923402415,82.5954857995026,82.5954857995026,0.208383166492251,0.208383166492251
"TFEB",3,-0.0611266302618422,-0.0611266302618422,0.0678271271399877,0.0678271271399877,15.3887555367296,15.3887555367296,0.367475538514849,0.367475538514849
"C2orf68",3,-0.160841522853016,-0.160841522853016,0.037960715402902,0.037960715402902,37.2237216471206,37.2237216471206,2.2647376006923e-05,2.26473760069228e-05
"ACO2",3,0.27822696587885,0.278226965878851,0.0598256496324492,0.0598256496324492,64.529257848043,64.529257848043,3.30922435474054e-06,3.30922435474053e-06
"RWDD4P2",3,0.262168257810805,0.262168257810805,0.185041283136772,0.185041283136772,90.471624382921,90.4716243829211,0.156538615679118,0.156538615679118
"RP13-942N8.1",3,-0.054512311568398,-0.054512311568398,0.0649937750678855,0.0649937750678855,0,0,0.401620126182092,0.401620126182092
"RNF38",3,-0.378557078030106,-0.378557078030105,0.113081812714657,0.113081812714657,86.4803538862384,86.4803538862383,0.000815031254958457,0.00081503125495846
"NCLP1",3,0.208898640925926,0.208898640925927,0.198044777507128,0.198044777507128,73.9268343363198,73.9268343363198,0.291514472607569,0.291514472607568
"CEACAM6",3,0.0860490154634841,0.0860490154634841,0.634272354413603,0.634272354413603,90.9722311550679,90.9722311550679,0.89208554880785,0.89208554880785
"MORF4",3,0.00888426205418465,0.00888426205418464,0.095331024521498,0.095331024521498,56.925350640104,56.925350640104,0.925749586328431,0.925749586328431
"RP11-597D13.9",3,-0.256814748711292,-0.256814748711292,0.193034382573203,0.193034382573203,74.1013737706576,74.1013737706576,0.183383433450352,0.183383433450351
"MAB21L3",3,0.391336396489043,0.391336396489043,0.363003878496877,0.363003878496877,93.3247951249559,93.3247951249559,0.281011363040918,0.281011363040918
"TLE1P1",3,-0.689087567214762,-0.689087567214763,0.0561768698448438,0.0561768698448438,0,0,1.372316111204e-34,1.37231611120391e-34
"HYAL1",3,0.49041049113425,0.49041049113425,0.0905383850310511,0.0905383850310511,43.8277084148132,43.8277084148133,6.07419933630667e-08,6.07419933630667e-08
"BTN2A2",3,-0.0556629486630956,-0.0556629486630956,0.139252687312823,0.139252687312823,85.0672370475259,85.0672370475259,0.689358186604781,0.689358186604781
"VPS37A",3,-0.0521771341277964,-0.0521771341277964,0.126223010803055,0.126223010803055,93.3549688350338,93.3549688350338,0.679333646425339,0.679333646425339
"KLHL24",3,-0.4415531118989,-0.4415531118989,0.0486650341242336,0.0486650341242336,0,0,1.15451498423163e-19,1.15451498423161e-19
"CEP95",3,-0.234107918139525,-0.234107918139525,0.0468719036530165,0.0468719036530165,0,0,5.89480080042906e-07,5.89480080042912e-07
"PRKY",3,0.457919533060634,0.457919533060634,0.241624340105998,0.241624340105998,0,0,0.0580697010455952,0.0580697010455952
"LHFPL5",3,0.230222004381724,0.230222004381724,0.16015743194845,0.16015743194845,90.4581276542775,90.4581276542775,0.15058360351216,0.15058360351216
"NTRK2",3,-0.773570411469166,-0.773570411469165,0.0908035415865504,0.0908035415865506,7.03897053850524,7.03897053850544,1.60706862431171e-17,1.6070686243121e-17
"RP11-274B21.1",3,-0.216600971904532,-0.216600971904532,0.0852987540426965,0.0852987540426965,26.9976862119719,26.9976862119719,0.0111067661834595,0.0111067661834595
"KIAA0922",3,-0.00800938182514422,-0.00800938182514423,0.125600052872274,0.125600052872274,89.4788291885381,89.4788291885381,0.949154212795652,0.949154212795652
"CYP4F12",3,-0.506902141891516,-0.506902141891516,0.0670049325054725,0.0670049325054725,0,0,3.87427218302307e-14,3.87427218302312e-14
"SERPINB10",3,0.243251575206112,0.243251575206112,0.200337746855341,0.200337746855341,83.0682931392059,83.0682931392059,0.224668534516005,0.224668534516005
"EEF1A1P22",3,-0.310850135275257,-0.310850135275257,0.065208997939127,0.065208997939127,29.7135783029838,29.7135783029838,1.87005784144566e-06,1.87005784144566e-06
"AFAP1-AS1",3,0.0160503884440651,0.0160503884440651,0.220171036009125,0.220171036009125,71.0669914639273,71.0669914639274,0.941885983383095,0.941885983383095
"TUFM",3,0.421947985905205,0.421947985905205,0.145326864983125,0.145326864983125,91.3188811468505,91.3188811468505,0.00369086444370285,0.00369086444370284
"GNL3",3,0.59801327555638,0.598013275556381,0.142126990635702,0.142126990635702,90.5688974264438,90.5688974264438,2.58099210391397e-05,2.58099210391396e-05
"COL8A1",3,-1.15666998052214,-1.15666998052214,0.286348367584741,0.286348367584741,66.2022188484802,66.2022188484801,5.35925893363369e-05,5.35925893363369e-05
"NYNRIN",3,-0.940765566808889,-0.940765566808888,0.193835813907769,0.193835813907769,88.5922821694986,88.5922821694986,1.21353621308008e-06,1.2135362130801e-06
"MED4-AS1",3,0.103909874787441,0.103909874787441,0.0388787285606457,0.0388787285606457,22.2763000609933,22.2763000609933,0.0075251024007785,0.0075251024007785
"SEL1L",3,0.167142626428385,0.167142626428385,0.0331417469147995,0.0331417469147995,0,0,4.57653715929413e-07,4.57653715929413e-07
"RP11-249L21.4",3,0.474031455840228,0.474031455840228,0.254940976614991,0.254940976614991,92.1339929590123,92.1339929590123,0.0629736820358058,0.0629736820358057
"SMIM11B",3,-0.339037125465484,-0.339037125465484,0.0413078691218673,0.0413078691218673,0,0,2.25714511201337e-16,2.25714511201334e-16
"NAA16",3,-0.106547938359173,-0.106547938359173,0.143736597640439,0.143736597640439,91.876201170432,91.876201170432,0.458528437688535,0.458528437688536
"XDH",3,1.62346482484366,1.62346482484366,0.740802360698296,0.740802360698296,97.1427202382612,97.1427202382612,0.028415976008905,0.028415976008905
"PARM1",3,-0.511302492665858,-0.511302492665858,0.0513557936598102,0.0513557936598102,0,0,2.37228115063555e-23,2.37228115063555e-23
"SVIL",3,-0.321776109961622,-0.321776109961622,0.0833565513298883,0.0833565513298884,79.4059900740871,79.4059900740871,0.000113276734672997,0.000113276734673
"GOLGA6L4",3,-0.157545552430328,-0.157545552430328,0.102646355242956,0.102646355242956,39.604541772904,39.604541772904,0.124823564188463,0.124823564188463
"BAIAP2L1",3,-0.347424403800436,-0.347424403800436,0.0858531199368184,0.0858531199368184,73.9318172102002,73.9318172102002,5.1938070429406e-05,5.19380704294058e-05
"PLTP",3,0.406959312804209,0.406959312804209,0.102069357115578,0.102069357115578,63.2335771663558,63.2335771663558,6.68897622103183e-05,6.68897622103187e-05
"SLC25A30-AS1",3,-0.00341657614343439,-0.00341657614343438,0.109551069079237,0.109551069079237,0,0,0.975120356760923,0.975120356760923
"NDUFA5P11",3,0.253739462072565,0.253739462072565,0.154795874809319,0.154795874809319,83.7779780803383,83.7779780803383,0.101174217613499,0.101174217613499
"CAPN10",3,0.0313164586858172,0.0313164586858172,0.0619513683936533,0.0619513683936534,0,0,0.613207222825811,0.61320722282581
"GRIK2",3,-0.980733036788613,-0.980733036788614,0.254128753039982,0.254128753039981,48.3684882887233,48.3684882887231,0.000113759996553993,0.000113759996553986
"EPHB2",3,2.73893656574897,2.73893656574897,0.622855616926578,0.622855616926578,92.8265673810267,92.8265673810267,1.0956240024615e-05,1.09562400246151e-05
"BOLA2B",3,0.658747314953126,0.658747314953126,0.210988135845267,0.210988135845267,92.9189682067702,92.9189682067702,0.00179504493910495,0.00179504493910496
"RP11-582E3.4",3,-0.537645776172815,-0.537645776172815,0.17934135449144,0.17934135449144,68.0327421500546,68.0327421500546,0.00271855165228568,0.00271855165228568
"CTAGE8",3,-0.495228673078656,-0.495228673078656,0.314602893083957,0.314602893083957,84.530059699782,84.530059699782,0.115455325660711,0.115455325660711
"SNORA48",3,0.16388863976072,0.16388863976072,0.126349758954366,0.126349758954366,0,0,0.194595781110396,0.194595781110396
"VSIR",3,-0.165125584404966,-0.165125584404966,0.0672255447367283,0.0672255447367282,20.9419290706279,20.9419290706276,0.0140378943915347,0.0140378943915345
"NR1D1",3,-1.27321733103037,-1.27321733103037,0.325618752630309,0.325618752630309,74.6145668563638,74.6145668563638,9.22398024177399e-05,9.22398024177412e-05
"NFIX",3,-0.634533735694005,-0.634533735694005,0.251092670117186,0.251092670117186,93.467449725458,93.467449725458,0.0115012077508956,0.0115012077508956
"NEBL",3,-0.569842748696866,-0.569842748696866,0.0930059491023276,0.0930059491023276,64.0087771051975,64.0087771051975,8.95799163496932e-10,8.95799163496927e-10
"STIM2",3,0.121644224641795,0.121644224641796,0.0241341261653154,0.0241341261653154,0,0,4.64703173709212e-07,4.64703173709205e-07
"ICA1",3,-0.242228912055169,-0.242228912055168,0.237537794603286,0.237537794603286,88.1132289799822,88.1132289799822,0.307847549083438,0.307847549083438
"C5orf24",3,-0.0827258727972483,-0.0827258727972482,0.0980359577358701,0.09803595773587,81.5610698479173,81.5610698479173,0.398763322365846,0.398763322365846
"CCNDBP1",3,-0.313211737513222,-0.313211737513222,0.0865086936729069,0.0865086936729069,78.3742528109209,78.374252810921,0.000293942143987616,0.000293942143987621
"RP11-884K10.7",3,0.00547884430465593,0.00547884430465595,0.276352095567018,0.276352095567018,94.9945810875166,94.9945810875166,0.984182501247554,0.984182501247554
"NSMCE3",3,-0.00433144219145584,-0.00433144219145584,0.0289739942177265,0.0289739942177265,0,0,0.881163737274774,0.881163737274774
"LRRC58",3,0.0390998719331211,0.0390998719331211,0.0412876895691365,0.0412876895691365,0,0,0.343633473066284,0.343633473066284
"CTD-2267D19.3",3,0.483525310677517,0.483525310677517,0.0788280424184109,0.0788280424184109,19.10116649726,19.10116649726,8.57368779728654e-10,8.57368779728649e-10
"RP11-76I23.7",3,-0.0768473214770583,-0.0768473214770584,0.189284909650594,0.189284909650594,92.8283429699678,92.8283429699678,0.684751729754964,0.684751729754964
"CD14",3,0.470896431509006,0.470896431509007,0.318601367810743,0.318601367810743,83.1619914047335,83.1619914047335,0.139404745556807,0.139404745556807
"MIRLET7BHG",3,-0.388870003098763,-0.388870003098762,0.0784122629676101,0.0784122629676101,11.5346780745568,11.5346780745568,7.07473286343851e-07,7.07473286343854e-07
"LDHD",3,-0.782136429203282,-0.782136429203282,0.342107046212069,0.342107046212069,78.5318246452115,78.5318246452115,0.022240629339687,0.0222406293396869
"TEN1",3,0.209683289718052,0.209683289718052,0.0421941492850402,0.0421941492850402,0,0,6.71301614336372e-07,6.7130161433637e-07
"MIEF1",3,0.254647220779348,0.254647220779348,0.0798928690241561,0.0798928690241561,83.8432424509932,83.8432424509932,0.00143578656671797,0.00143578656671796
"GTF2IRD2",3,-0.784248612347822,-0.784248612347821,0.0783157604199964,0.0783157604199967,42.9604869947384,42.9604869947388,1.32385460444255e-23,1.32385460444327e-23
"DENND2A",3,-1.11653673780203,-1.11653673780203,0.173417713822998,0.173417713822998,77.314035700668,77.3140357006681,1.20720531250226e-10,1.20720531250233e-10
"RP1-92O14.3",3,-0.931922902810124,-0.931922902810124,0.207214247162398,0.207214247162399,59.9304533902569,59.930453390257,6.8793325321526e-06,6.87933253215272e-06
"PMM2",3,0.601977451257441,0.601977451257441,0.186792296747604,0.186792296747604,95.6375012431431,95.6375012431431,0.00126983929849064,0.00126983929849064
"RP11-390B4.3",3,0.355608113609592,0.355608113609592,0.189029916494447,0.189029916494447,84.0953892248033,84.0953892248033,0.0599410960884655,0.0599410960884656
"RPS19P3",3,-0.113780801102404,-0.113780801102404,0.0643404855798015,0.0643404855798015,0,0,0.0769912358031287,0.0769912358031287
"C16orf52",3,-0.347175911882282,-0.347175911882282,0.125987410922162,0.125987410922162,86.2363971668039,86.2363971668039,0.00585774827844533,0.00585774827844533
"RHOQP3",3,-0.0187633444164053,-0.0187633444164053,0.196172135189552,0.196172135189552,89.7351780979079,89.7351780979079,0.923800659556237,0.923800659556237
"PSMD4",3,0.215120185369477,0.215120185369477,0.0956629176926066,0.0956629176926066,85.8533195011441,85.8533195011441,0.0245296044546581,0.0245296044546581
"DNAJB12",3,0.108125837565757,0.108125837565757,0.0420317762284649,0.0420317762284649,47.5856551920757,47.5856551920757,0.0100973248821618,0.0100973248821618
"GPER1",3,-0.817752836462067,-0.817752836462067,0.199357155890678,0.199357155890678,69.0795319782254,69.0795319782253,4.09685028221397e-05,4.09685028221387e-05
"RP11-177C12.1",3,0.503598408532391,0.503598408532391,0.294198876644236,0.294198876644236,92.6551683745598,92.6551683745598,0.0869405682724567,0.0869405682724567
"FRMD8P1",3,0.79757636608151,0.79757636608151,0.320212466332053,0.320212466332053,82.8225601286456,82.8225601286456,0.0127465752121288,0.0127465752121288
"SUMO2",3,0.167850740403796,0.167850740403796,0.030538564734435,0.030538564734435,0,0,3.8772539604986e-08,3.87725396049858e-08
"CTD-2541J13.2",3,-0.844112463211737,-0.844112463211737,0.324538231452376,0.324538231452376,92.6742118672448,92.6742118672448,0.00929620362935577,0.00929620362935576
"LINC01123",3,0.292303608598131,0.292303608598131,0.0908288782431089,0.0908288782431088,42.7590762353272,42.7590762353272,0.00129007181774866,0.00129007181774867
"FRG1HP",3,-0.32472437016792,-0.32472437016792,0.129504135785004,0.129504135785004,88.641830613856,88.641830613856,0.0121607844325837,0.0121607844325837
"RP11-326K13.4",3,0.0809127752666759,0.0809127752666759,0.0738578336154122,0.0738578336154122,39.4187024755729,39.418702475573,0.27328864303495,0.27328864303495
"PPP1R15B",3,0.245432637660333,0.245432637660333,0.105710360264163,0.105710360264163,87.3716101351218,87.3716101351218,0.0202466003784547,0.0202466003784547
"TRPV4",3,-0.618712194648588,-0.618712194648588,0.292426902828082,0.292426902828082,92.3603070043723,92.3603070043723,0.0343631730584366,0.0343631730584366
"ATG12",3,-0.144770424135036,-0.144770424135036,0.0424848773725656,0.0424848773725656,35.4985405256172,35.4985405256172,0.000655427909721424,0.000655427909721427
"BICDL1",3,-0.0531983073586042,-0.0531983073586042,0.112518726130971,0.112518726130971,73.9711478073548,73.9711478073548,0.636359338661144,0.636359338661144
"AC002056.3",3,0.728869291081239,0.728869291081239,0.154465421979278,0.154465421979278,75.5293757907254,75.5293757907254,2.37407116650623e-06,2.37407116650625e-06
"ZNF442",3,-0.183350952168243,-0.183350952168243,0.303142016045567,0.303142016045567,92.8398457798948,92.8398457798949,0.545288523958914,0.545288523958916
"VASP",3,0.100397463805764,0.100397463805764,0.0920485590506498,0.0920485590506498,74.9829020186307,74.9829020186307,0.275404430285758,0.275404430285759
"TUBA4B",3,0.171686395159484,0.171686395159484,0.205062673450251,0.205062673450251,85.5473296064076,85.5473296064075,0.402458438305921,0.402458438305921
"VWA8",3,-0.308284415388804,-0.308284415388803,0.0953854800783683,0.0953854800783682,77.7140737573996,77.7140737573996,0.00122933623823821,0.00122933623823822
"MYOT",3,-0.466648559368632,-0.466648559368632,0.40511212534501,0.40511212534501,86.4082464971763,86.4082464971763,0.249362267476704,0.249362267476704
"ANKRD49",3,-0.0534449931040898,-0.0534449931040898,0.0366633099292776,0.0366633099292776,0,0,0.144916586530149,0.144916586530149
"GSTCD",3,0.198102788234854,0.198102788234854,0.0624808240334772,0.0624808240334772,43.1730192391398,43.1730192391398,0.00152115347539757,0.00152115347539756
"AC073254.1",3,-0.0540753340532326,-0.0540753340532326,0.0317510113445293,0.0317510113445293,0,0,0.088548256133558,0.0885482561335579
"AGRN",3,-0.0707084096980461,-0.0707084096980461,0.0711379527189313,0.0711379527189313,21.2078100561031,21.2078100561031,0.320241450466738,0.320241450466739
"F8A2",3,-0.0619127508331844,-0.0619127508331843,0.232840075399285,0.232840075399286,76.3551476512081,76.3551476512081,0.790314323866418,0.790314323866419
"AC135048.13",3,-0.379205467586574,-0.379205467586574,0.103285835892615,0.103285835892614,70.1240382291494,70.1240382291494,0.000241208556212713,0.000241208556212714
"GYG1",3,0.483304234986436,0.483304234986436,0.262831688456648,0.262831688456648,97.4047827643156,97.4047827643156,0.0659393874298074,0.0659393874298074
"CTD-2666L21.1",3,-0.66967729568145,-0.669677295681449,0.551719862181164,0.551719862181164,89.3835174018593,89.3835174018593,0.224824295356986,0.224824295356986
"PLSCR3",3,0.418729373827501,0.418729373827501,0.209895190033967,0.209895190033967,94.6017158078931,94.6017158078931,0.046048871565746,0.0460488715657462
"STXBP1",3,-0.0517491262590138,-0.0517491262590138,0.0337996767335397,0.0337996767335397,0,0,0.125756076527548,0.125756076527548
"PTGER2",3,-0.49236368404334,-0.49236368404334,0.343278193604321,0.343278193604321,76.0382430850431,76.0382430850431,0.15148686064375,0.15148686064375
"NELFE",3,0.20685607397369,0.20685607397369,0.0986438090913944,0.0986438090913945,89.4994363439656,89.4994363439656,0.0359935696805,0.0359935696805
"EGLN2",3,0.0772472139689068,0.0772472139689068,0.0458394340148664,0.0458394340148664,2.95661293277953,2.95661293277953,0.0919558827142841,0.0919558827142841
"C16orf71",3,-0.336704600001035,-0.336704600001035,0.371313203084188,0.371313203084188,83.6628690016073,83.6628690016073,0.364515721553293,0.364515721553293
"RP11-74C1.2",3,-0.505986296667697,-0.505986296667697,0.0989655055602203,0.0989655055602203,0,0,3.17495440360358e-07,3.17495440360362e-07
"ZNF791",3,-0.270965647670846,-0.270965647670847,0.0542568668659923,0.0542568668659923,61.2612307633393,61.2612307633392,5.91027013612055e-07,5.91027013612039e-07
"LARP4B",3,0.0883333393814538,0.0883333393814539,0.172606740909404,0.172606740909404,96.8851805348811,96.8851805348811,0.60881852734797,0.60881852734797
"ZBTB34",3,-0.247670754210618,-0.247670754210618,0.148813403858394,0.148813403858394,89.0069476613124,89.0069476613124,0.0960516788131075,0.0960516788131077
"BMF",3,-0.321021187346725,-0.321021187346725,0.0511264020203599,0.0511264020203599,0,0,3.40821504542948e-10,3.40821504542952e-10
"NDUFA12",3,0.162596590677142,0.162596590677142,0.158627150989766,0.158627150989766,92.4290808951671,92.429080895167,0.305352000755173,0.305352000755173
"TRIM5",3,0.466413111863803,0.466413111863803,0.150061886215133,0.150061886215133,81.9511063853646,81.9511063853646,0.00188269875297339,0.00188269875297339
"AC012354.8",3,0.0189955725719475,0.0189955725719475,0.11129060450159,0.11129060450159,73.1593254822526,73.1593254822526,0.8644719120309,0.8644719120309
"HNRNPH1",3,0.168901937408982,0.168901937408982,0.0395886115469536,0.0395886115469536,0,0,1.98628082683563e-05,1.98628082683563e-05
"RP11-521B24.5",3,-0.138156474918855,-0.138156474918855,0.081464041192033,0.0814640411920331,25.4974880378914,25.4974880378915,0.0899010822267201,0.0899010822267202
"TMEM70",3,0.291478463305626,0.291478463305626,0.102248166967993,0.102248166967993,83.0729560446485,83.0729560446485,0.00436236245291791,0.00436236245291792
